{"stat.useItem.minecraft.bow":2,"stat.useItem.harvestcraft.rhubarbitem":6,"stat.leaveGame":7,"stat.entityKilledBy.techguns.ZombieMiner":2,"stat.pickup.tconstruct.edible":35,"stat.pickup.tombstone.familiar_stone":1,"stat.useItem.minecraft.mutton":7,"stat.mineBlock.minecraft.stained_glass":1,"stat.entityKilledBy.techguns.ZombieFarmer":6,"stat.mineBlock.harvestcraft.beehive":1,"stat.useItem.tombstone.familiar_stone":6,"stat.mineBlock.chisel.factory":14,"stat.pickup.minecraft.porkchop":2,"stat.drop.tconstruct.slime_boots":1,"stat.useItem.harvestcraft.pearitem":4,"stat.craftItem.harvestcraft.royaljellyitem":1,"stat.useItem.minecraft.water_bucket":3,"stat.pickup.minecraft.rotten_flesh":7,"stat.pickup.minecraft.sand":19,"stat.craftItem.minecraft.stone_axe":1,"stat.pickup.harvestcraft.sweetpotatoitem":1,"stat.pickup.harvestcraft.wintersquashitem":2,"stat.pickup.minecraft.wooden_hoe":1,"stat.entityKilledBy.techguns.ZombieSoldier":2,"stat.pickup.harvestcraft.radishitem":3,"stat.mineBlock.minecraft.sand":19,"stat.pickup.harvestcraft.scallionitem":1,"stat.killEntity.techguns.ZombieFarmer":18,"stat.useItem.minecraft.iron_pickaxe":750,"stat.craftItem.minecraft.wooden_pickaxe":2,"stat.pickup.harvestcraft.rhubarbitem":7,"stat.craftItem.minecraft.birch_door":3,"stat.craftItem.minecraft.bed":2,"stat.craftItem.minecraft.glass_pane":48,"stat.pickup.harvestcraft.onionitem":1,"stat.mineBlock.chisel.marble2":23,"stat.pickup.techguns.basicore":15,"stat.furnaceInteraction":57,"stat.pickup.harvestcraft.cherryitem":9,"stat.mineBlock.botania.flower":2,"stat.useItem.harvestcraft.leekitem":3,"stat.pickup.techguns.lamp0":6,"stat.drop.minecraft.red_flower":1,"stat.pickup.harvestcraft.turnipitem":3,"stat.pickup.minecraft.beef":10,"stat.useItem.minecraft.cooked_mutton":2,"stat.pickup.minecraft.furnace":2,"stat.mineBlock.harvestcraft.windygarden":2,"stat.mineBlock.chisel.technical":1,"stat.pickup.tombstone.magic_scroll":2,"stat.useItem.harvestcraft.blackberryitem":3,"stat.pickup.tconstruct.slime_dirt":6,"stat.craftItem.securitycraft.laser_block":1,"stat.pickup.securitycraft.universal_block_reinforcer_lvl1":1,"stat.craftItem.minecraft.heavy_weighted_pressure_plate":5,"stat.useItem.minecraft.beef":7,"stat.useItem.harvestcraft.beanitem":1,"stat.deaths":18,"stat.pickup.minecraft.egg":1,"stat.playOneMinute":386771,"stat.craftItem.minecraft.wooden_shovel":1,"stat.pickup.techguns.handcannon":3,"stat.craftItem.minecraft.iron_pickaxe":3,"stat.drop.techguns.handcannon":1,"stat.craftItem.securitycraft.keypad_item":5,"stat.drop.minecraft.torch":13,"stat.pickup.chisel.marble2":23,"stat.craftItem.minecraft.cooked_mutton":2,"stat.mineBlock.minecraft.tallgrass":63,"stat.chestOpened":46,"stat.pickup.harvestcraft.tomatoitem":7,"stat.pickup.botania.mushroom":3,"stat.useItem.minecraft.stone":2,"stat.pickup.minecraft.arrow":5,"stat.pickup.techguns.t1_combat_leggings":1,"stat.drop.harvestcraft.scallionitem":1,"stat.mineBlock.botania.mushroom":3,"stat.craftItem.minecraft.iron_nugget":9,"stat.fallOneCm":70792,"stat.pickup.chisel.basalt2":1,"stat.pickup.minecraft.carrot":2,"stat.crouchOneCm":1543,"stat.craftItem.minecraft.chest":4,"stat.craftItem.minecraft.iron_ingot":76,"stat.craftingTableInteraction":86,"stat.mineBlock.ic2.resource":39,"stat.useItem.chisel.marble2":15,"stat.killEntity.techguns.ZombieMiner":15,"stat.pickup.minecraft.dye":48,"stat.pickup.minecraft.planks":5,"stat.pickup.chisel.limestone2":5,"stat.pickup.minecraft.wheat_seeds":34,"stat.mineBlock.minecraft.gravel":34,"stat.useItem.minecraft.stone_pickaxe":655,"stat.craftItem.minecraft.iron_leggings":2,"stat.useItem.harvestcraft.cherryitem":7,"stat.mineBlock.minecraft.dirt":266,"stat.useItem.minecraft.torch":78,"stat.useItem.minecraft.bread":1,"stat.craftItem.minecraft.redstone_block":1,"stat.useItem.harvestcraft.spiceleafitem":4,"stat.pickup.minecraft.crafting_table":1,"stat.mineBlock.techguns.basicore":15,"stat.useItem.minecraft.cobblestone":351,"stat.craftItem.minecraft.crafting_table":5,"stat.mineBlock.minecraft.double_plant":12,"stat.pickup.minecraft.log":34,"stat.useItem.harvestcraft.sweetpotatoitem":1,"stat.craftItem.minecraft.stone_button":40,"stat.pickup.minecraft.sapling":6,"stat.pickup.minecraft.apple":17,"stat.useItem.minecraft.glass_pane":30,"stat.useItem.minecraft.birch_door":2,"stat.pickup.minecraft.beetroot":11,"stat.craftItem.minecraft.bucket":2,"stat.craftItem.minecraft.planks":136,"stat.useItem.minecraft.iron_sword":669,"stat.mineBlock.tconstruct.slime_grass":1,"stat.pickup.minecraft.book":21,"stat.mineBlock.minecraft.log":34,"stat.pickup.harvestcraft.juteitem":3,"stat.drop.techguns.t1_combat_helmet":1,"stat.pickup.harvestcraft.pearitem":4,"stat.useItem.minecraft.beetroot_seeds":4,"stat.pickup.minecraft.red_flower":1,"stat.sneakTime":452,"stat.pickup.harvestcraft.tealeafitem":4,"stat.pickup.minecraft.wool":9,"stat.useItem.minecraft.wooden_axe":42,"stat.useItem.minecraft.beetroot":11,"stat.craftItem.tconstruct.slime":5,"stat.pickup.minecraft.bone":8,"stat.useItem.harvestcraft.garlicitem":3,"stat.mineBlock.minecraft.cobblestone":33,"stat.craftItem.tconstruct.edible":53,"stat.pickup.minecraft.flint":2,"stat.craftItem.tombstone.grave_key":4,"stat.useItem.harvestcraft.tealeafitem":4,"stat.craftItem.tconstruct.slimesling":2,"stat.swimOneCm":63971,"stat.climbOneCm":19167,"stat.drop.minecraft.cobblestone":3,"stat.killEntity.techguns.ZombieSoldier":2,"stat.useItem.minecraft.dirt":292,"stat.useItem.harvestcraft.tomatoitem":6,"stat.useItem.minecraft.stone_slab2":65,"stat.pickup.minecraft.bow":2,"stat.pickup.minecraft.iron_boots":1,"stat.useItem.harvestcraft.wintersquashitem":1,"stat.mineBlock.tconstruct.slime_vine_purple_end":1,"stat.craftItem.minecraft.furnace":1,"stat.useItem.minecraft.egg":1,"stat.craftItem.minecraft.iron_boots":2,"stat.craftItem.minecraft.stone_pickaxe":5,"stat.craftItem.minecraft.cooked_beef":3,"stat.pickup.minecraft.cobblestone":1001,"stat.drop.harvestcraft.leekitem":1,"stat.useItem.harvestcraft.juteitem":3,"stat.mineBlock.chisel.limestone2":5,"stat.flyOneCm":811475,"stat.useItem.harvestcraft.whitemushroomitem":1,"stat.useItem.harvestcraft.plumitem":6,"stat.useItem.minecraft.cooked_beef":3,"stat.pickup.harvestcraft.leekitem":6,"stat.pickup.minecraft.redstone":118,"stat.mineBlock.minecraft.iron_ore":77,"stat.timeSinceDeath":9447,"stat.pickup.minecraft.mutton":13,"stat.pickup.harvestcraft.soursopitem":6,"stat.killEntity.techguns.SkeletonSoldier":2,"stat.useItem.harvestcraft.soursopitem":6,"stat.craftItem.minecraft.stonebrick":4,"stat.pickup.harvestcraft.whitemushroomitem":1,"stat.pickup.harvestcraft.beanitem":5,"stat.useItem.minecraft.potato":10,"stat.useItem.minecraft.cooked_porkchop":2,"stat.drop.minecraft.beetroot_seeds":16,"stat.mineBlock.minecraft.coal_ore":45,"stat.pickup.techguns.t1_combat_helmet":2,"stat.talkedToVillager":3,"stat.pickup.minecraft.string":9,"stat.entityKilledBy.techguns.PsychoSteve":1,"stat.pickup.tombstone.crafting_ingredient":14,"stat.pickup.techguns.t1_scout_helmet":1,"stat.entityKilledBy.Skeleton":1,"stat.craftItem.tconstruct.slime_boots":3,"stat.craftItem.minecraft.stone_slab2":0,"stat.craftItem.tconstruct.tooltables":1,"stat.sprintOneCm":632720,"stat.craftItem.minecraft.stick":112,"stat.craftItem.minecraft.wooden_axe":1,"stat.pickup.ic2.resource":38,"stat.craftItem.minecraft.stone":89,"stat.mineBlock.minecraft.diamond_ore":12,"stat.pickup.techguns.t1_miner_leggings":2,"stat.useItem.securitycraft.keypad_item":2,"stat.mineBlock.minecraft.crafting_table":1,"stat.useItem.minecraft.diamond_pickaxe":28,"stat.useItem.minecraft.carrot":2,"stat.useItem.minecraft.wheat":20,"stat.useItem.minecraft.wooden_shovel":10,"stat.useItem.harvestcraft.turnipitem":3,"stat.pickup.botania.flower":2,"stat.pickup.minecraft.spawn_egg":5,"stat.mineBlock.minecraft.planks":5,"stat.drop":41,"stat.pickup.harvestcraft.flaxitem":1,"stat.pickup.minecraft.stone_button":2,"stat.killEntity.Sheep":7,"stat.useItem.harvestcraft.zucchiniitem":4,"stat.useItem.minecraft.ladder":3,"stat.craftItem.minecraft.diamond_pickaxe":1,"stat.killEntity.Zombie":8,"stat.mineBlock.minecraft.gold_ore":5,"stat.diveOneCm":36307,"stat.craftItem.minecraft.slime_ball":12,"stat.pickup.harvestcraft.garlicitem":4,"stat.pickup.minecraft.wheat":33,"stat.craftItem.minecraft.ladder":21,"stat.mineBlock.minecraft.stone_button":2,"stat.pickup.minecraft.gravel":56,"stat.craftItem.minecraft.cooked_porkchop":2,"stat.useItem.minecraft.apple":13,"stat.pickup.techguns.t1_combat_chestplate":1,"stat.mineBlock.tconstruct.slime_dirt":5,"stat.drop.harvestcraft.royaljellyitem":1,"stat.pickup.harvestcraft.blackberryitem":3,"stat.jump":4562,"stat.pickup.minecraft.coal":51,"stat.pickup.minecraft.iron_ingot":18,"stat.useItem.minecraft.stone_axe":74,"stat.pickup.minecraft.gunpowder":14,"stat.mineBlock.harvestcraft.shadedgarden":15,"stat.pickup.minecraft.spider_eye":2,"stat.craftItem.minecraft.torch":80,"stat.pickup.minecraft.dirt":318,"stat.useItem.minecraft.stone_button":2,"stat.craftItem.minecraft.iron_helmet":2,"stat.pickup.minecraft.iron_ore":77,"stat.pickup.tconstruct.slime_congealed":17,"stat.drop.harvestcraft.pawpawitem":1,"stat.pickup.minecraft.gold_ore":5,"stat.entityKilledBy.techguns.SkeletonSoldier":2,"stat.mineBlock.minecraft.lapis_ore":8,"stat.pickup.chisel.technical":1,"stat.mineBlock.minecraft.glass_pane":7,"stat.damageTaken":7640,"stat.pickup.minecraft.leather":18,"stat.useItem.harvestcraft.flaxitem":1,"stat.mineBlock.minecraft.torch":20,"stat.killEntity.tconstruct.blueslime":38,"stat.mineBlock.minecraft.furnace":2,"stat.useItem.minecraft.wooden_pickaxe":34,"stat.pickup.harvestcraft.pawpawitem":1,"stat.useItem.harvestcraft.radishitem":3,"stat.drop.tconstruct.slimesling":1,"stat.pickup.minecraft.bed":5,"tombstone:undead_killed":50,"stat.useItem.tombstone.grave_key":2,"stat.pickup.minecraft.potato":11,"stat.mineBlock.techguns.lamp0":6,"stat.damageDealt":13469,"stat.craftItem.minecraft.glass":19,"stat.sleepInBed":21,"stat.killEntity.Cow":5,"stat.mineBlock.harvestcraft.pamspiderweb":2,"stat.killEntity.Pig":1,"stat.craftItem.minecraft.iron_sword":5,"stat.useItem.harvestcraft.onionitem":1,"stat.craftItem.securitycraft.universal_block_reinforcer_lvl1":1,"stat.pickup.techguns.itemshared":18,"stat.walkOneCm":1022693,"stat.playerKills":4,"stat.useItem.minecraft.chest":3,"stat.pickup.chisel.factory":13,"stat.useItem.minecraft.lava_bucket":6,"stat.mineBlock.chisel.basalt2":1,"stat.useItem.tombstone.gift":2,"stat.pickup.harvestcraft.spiceleafitem":4,"stat.pickup.minecraft.stone":129,"stat.craftItem.minecraft.iron_chestplate":2,"stat.pickup.harvestcraft.zucchiniitem":4,"stat.killEntity.Skeleton":5,"stat.pickup.harvestcraft.queenbeeitem":1,"stat.killEntity.Spider":2,"stat.pickup.minecraft.bread":2,"stat.mobKills":111,"stat.mineBlock.minecraft.bookshelf":7,"stat.pickup.harvestcraft.plumitem":6,"stat.pickup.securitycraft.reinforced_stone_button":40,"stat.pickup.minecraft.diamond":12,"stat.mineBlock.minecraft.leaves":72,"stat.pickup.minecraft.beetroot_seeds":20,"stat.pickup.minecraft.torch":24,"stat.mineBlock.minecraft.redstone_ore":27,"stat.useItem.chisel.factory":4,"stat.mineBlock.minecraft.stone":1151}