{"stat.useItem.minecraft.bow":2,"stat.leaveGame":18,"stat.useItem.harvestcraft.amaranthitem":11,"stat.pickup.tconstruct.edible":36,"stat.pickup.tombstone.familiar_stone":4,"stat.mineBlock.minecraft.stained_glass":12,"stat.entityKilledBy.techguns.ZombieFarmer":6,"stat.mineBlock.harvestcraft.beehive":1,"stat.mineBlock.chisel.factory":17,"stat.useItem.harvestcraft.pearitem":4,"stat.craftItem.harvestcraft.royaljellyitem":1,"stat.drop.minecraft.iron_sword":1,"stat.pickup.minecraft.rotten_flesh":30,"stat.pickup.minecraft.brick_block":2,"stat.craftItem.minecraft.stone_axe":1,"stat.pickup.minecraft.bucket":5,"stat.mineBlock.minecraft.wooden_slab":1,"stat.entityKilledBy.techguns.ZombieSoldier":15,"stat.pickup.harvestcraft.radishitem":5,"stat.craftItem.minecraft.iron_shovel":1,"stat.killEntity.Witch":4,"stat.pickup.harvestcraft.scallionitem":2,"stat.pickup.minecraft.mob_spawner":4,"stat.useItem.minecraft.iron_pickaxe":750,"stat.craftItem.minecraft.wooden_pickaxe":2,"stat.useItem.minecraft.iron_shovel":217,"stat.pickup.harvestcraft.rhubarbitem":8,"stat.mineBlock.minecraft.brick_block":5,"stat.craftItem.minecraft.bed":2,"stat.craftItem.minecraft.glass_pane":48,"stat.pickup.harvestcraft.onionitem":1,"stat.mineBlock.chisel.marble2":56,"stat.mineBlock.minecraft.hopper":3,"stat.pickup.techguns.basicore":42,"stat.furnaceInteraction":98,"stat.pickup.harvestcraft.cherryitem":9,"stat.mineBlock.botania.flower":3,"stat.pickup.harvestcraft.cornitem":1,"stat.drop.minecraft.red_flower":1,"stat.pickup.minecraft.beef":22,"stat.useItem.minecraft.stained_glass":1,"stat.useItem.minecraft.wheat_seeds":16,"stat.mineBlock.ic2.leaves":3,"stat.craftItem.securitycraft.laser_block":1,"stat.pickup.securitycraft.universal_block_reinforcer_lvl1":1,"stat.useItem.minecraft.beef":19,"stat.mineBlock.tconstruct.slime_vine_purple_mid":1,"stat.pickup.minecraft.lever":2,"stat.deaths":64,"stat.pickup.minecraft.egg":4,"stat.craftItem.minecraft.wooden_shovel":1,"stat.pickup.techguns.t1_miner_helmet":4,"stat.craftItem.minecraft.iron_pickaxe":3,"stat.drop.minecraft.torch":13,"stat.drop.minecraft.iron_ingot":26,"stat.pickup.chisel.marble2":55,"stat.craftItem.minecraft.cooked_mutton":2,"stat.mineBlock.minecraft.tallgrass":94,"stat.chestOpened":429,"stat.pickup.botania.mushroom":3,"stat.useItem.minecraft.stone":25,"stat.pickup.minecraft.arrow":9,"stat.pickup.techguns.t1_combat_leggings":1,"stat.drop.harvestcraft.scallionitem":1,"stat.pickup.harvestcraft.chilipepperitem":2,"stat.mineBlock.botania.mushroom":3,"stat.pickup.chisel.basalt2":1,"stat.pickup.minecraft.carrot":8,"stat.drop.prefab.item_moderate_house":1,"stat.crouchOneCm":5668,"stat.craftItem.ic2.cable":4,"stat.craftItem.minecraft.diamond":2,"stat.mineBlock.minecraft.chest":22,"stat.craftItem.minecraft.iron_ingot":103,"stat.killEntity.techguns.ZombiePoliceman":9,"stat.craftItem.minecraft.hopper":12,"stat.craftingTableInteraction":128,"stat.useItem.chisel.marble2":15,"stat.mineBlock.minecraft.log2":9,"stat.pickup.minecraft.dye":84,"stat.pickup.minecraft.planks":25,"stat.pickup.chisel.limestone2":31,"stat.pickup.minecraft.wheat_seeds":81,"stat.pickup.techguns.t1_miner_chestplate":6,"stat.mineBlock.minecraft.ender_chest":2,"stat.mineBlock.minecraft.dirt":514,"stat.useItem.minecraft.bread":4,"stat.entityKilledBy.techguns.ZombiePoliceman":7,"stat.pickup.harvestcraft.maplesyrupitem":1,"stat.drop.techguns.chainsaw":1,"stat.useItem.minecraft.cobblestone":597,"stat.mineBlock.minecraft.double_plant":13,"stat.pickup.tconstruct.pickaxe":4,"stat.pickup.prefab.item_moderate_house":1,"stat.useItem.harvestcraft.sweetpotatoitem":2,"stat.pickup.minecraft.iron_pickaxe":1,"stat.useItem.tconstruct.pickaxe":25,"stat.craftItem.minecraft.gold_ingot":4,"stat.pickup.minecraft.hopper":3,"stat.craftItem.ic2.plate":10,"stat.pickup.minecraft.apple":50,"stat.useItem.minecraft.glass_pane":30,"stat.craftItem.minecraft.carrot_on_a_stick":1,"stat.craftItem.minecraft.bucket":2,"stat.craftItem.minecraft.planks":512,"stat.useItem.minecraft.iron_sword":847,"stat.itemEnchanted":6,"stat.useItem.harvestcraft.artichokeitem":2,"stat.craftItem.minecraft.fishing_rod":1,"stat.pickup.minecraft.book":111,"stat.useItem.minecraft.stonebrick":4,"stat.mineBlock.minecraft.log":118,"stat.useItem.harvestcraft.elderberryitem":8,"stat.craftItem.minecraft.paper":12,"stat.pickup.minecraft.red_flower":14,"stat.pickup.minecraft.wool":23,"stat.useItem.minecraft.wooden_axe":42,"stat.craftItem.tconstruct.slime":5,"stat.mineBlock.minecraft.cobblestone":162,"stat.craftItem.tconstruct.edible":61,"stat.pickup.minecraft.flint":2,"stat.useItem.techguns.basicore":2,"stat.craftItem.tombstone.grave_key":34,"stat.craftItem.minecraft.wool":2,"stat.pickup.minecraft.enchanted_book":1,"stat.drop.minecraft.cobblestone":3,"stat.killEntity.techguns.ZombieSoldier":21,"stat.pickup.techguns.boltaction":3,"stat.pickup.techguns.t2_commando_leggings":2,"stat.useItem.harvestcraft.tomatoitem":8,"stat.useItem.minecraft.stone_slab2":181,"stat.useItem.minecraft.mob_spawner":1,"stat.pickup.minecraft.bow":2,"stat.pickup.minecraft.iron_boots":1,"stat.useItem.harvestcraft.wintersquashitem":1,"stat.mineBlock.tconstruct.slime_vine_purple_end":1,"stat.craftItem.minecraft.furnace":2,"stat.useItem.minecraft.egg":4,"stat.craftItem.minecraft.iron_boots":2,"stat.craftItem.minecraft.cooked_beef":3,"stat.mineBlock.minecraft.obsidian":1,"stat.pickup.minecraft.iron_trapdoor":1,"stat.drop.harvestcraft.leekitem":1,"stat.flyOneCm":6901623,"stat.useItem.harvestcraft.plumitem":6,"stat.timeSinceDeath":36180,"stat.craftItem.minecraft.iron_block":4,"stat.useItem.harvestcraft.soursopitem":6,"stat.craftItem.minecraft.stonebrick":4,"stat.pickup.harvestcraft.whitemushroomitem":2,"stat.pickup.ic2.cutter":1,"stat.pickup.travelersbackpack.travelers_backpack":5,"stat.pickup.harvestcraft.beanitem":6,"stat.useItem.minecraft.potato":11,"stat.mineBlock.minecraft.enchanting_table":1,"stat.killEntity.Wolf":1,"stat.mineBlock.minecraft.coal_ore":92,"stat.killEntity.Creeper":3,"stat.talkedToVillager":11,"stat.pickup.minecraft.string":14,"stat.mineBlock.minecraft.ladder":1,"stat.pickup.tombstone.crafting_ingredient":29,"stat.pickup.techguns.t1_scout_helmet":5,"stat.entityKilledBy.Skeleton":1,"stat.craftItem.tconstruct.tooltables":2,"stat.sprintOneCm":1327147,"stat.mineBlock.minecraft.stone_slab":1,"stat.craftItem.minecraft.wooden_axe":1,"stat.pickup.ic2.resource":49,"stat.useItem.tombstone.magic_scroll":2,"stat.mineBlock.minecraft.diamond_ore":44,"stat.useItem.securitycraft.keypad_item":2,"stat.drop.tconstruct.slime_congealed":3,"stat.pickup.minecraft.spawn_egg":32,"stat.pickup.harvestcraft.mustardseedsitem":1,"stat.pickup.harvestcraft.flaxitem":15,"stat.useItem.harvestcraft.zucchiniitem":4,"stat.useItem.minecraft.ladder":27,"stat.pickup.techguns.t1_scout_boots":6,"stat.killEntity.Zombie":22,"stat.craftItem.minecraft.dye":2,"stat.craftItem.minecraft.diamond_axe":3,"stat.mineBlock.minecraft.gold_ore":10,"stat.diveOneCm":106790,"stat.craftItem.minecraft.slime_ball":12,"stat.pickup.minecraft.wheat":68,"stat.craftItem.ic2.cutter":2,"stat.craftItem.minecraft.ladder":45,"stat.mineBlock.minecraft.stone_button":3,"stat.craftItem.minecraft.cooked_porkchop":2,"stat.pickup.minecraft.stone_axe":1,"stat.mineBlock.tconstruct.slime_leaves":6,"stat.pickup.techguns.t1_combat_chestplate":2,"stat.pickup.minecraft.obsidian":18,"stat.craftItem.minecraft.diamond_sword":3,"stat.jump":10896,"stat.pickup.minecraft.coal":116,"stat.pickup.minecraft.iron_ingot":232,"stat.pickup.minecraft.gunpowder":150,"stat.craftItem.minecraft.torch":208,"stat.pickup.minecraft.dirt":571,"stat.pickup.minecraft.stone_shovel":2,"stat.pickup.minecraft.gold_ore":12,"stat.mineBlock.minecraft.lapis_ore":11,"stat.drop.minecraft.gold_block":1,"stat.pickup.chisel.technical":1,"stat.mineBlock.minecraft.glass_pane":18,"stat.damageTaken":23644,"stat.mineBlock.minecraft.torch":42,"stat.killEntity.tconstruct.blueslime":38,"stat.mineBlock.minecraft.red_flower":3,"stat.pickup.harvestcraft.pawpawitem":1,"stat.useItem.harvestcraft.radishitem":5,"stat.mineBlock.minecraft.sapling":1,"stat.useItem.minecraft.carrot_on_a_stick":7,"stat.drop.tconstruct.slimesling":2,"stat.pickup.minecraft.log2":9,"stat.pickup.minecraft.bed":5,"stat.pickup.minecraft.potato":13,"stat.mineBlock.techguns.lamp0":8,"stat.entityKilledBy.Zombie":1,"stat.useItem.harvestcraft.onionitem":1,"stat.drop.techguns.itemshared":1,"stat.craftItem.minecraft.stone_slab":48,"stat.craftItem.securitycraft.universal_block_reinforcer_lvl1":1,"stat.pickup.techguns.itemshared":618,"stat.useItem.minecraft.chest":22,"stat.pickup.minecraft.diamond_pickaxe":2,"stat.pickup.chisel.factory":13,"stat.useItem.minecraft.lava_bucket":6,"stat.pickup.techguns.thompson":4,"stat.useItem.tombstone.gift":3,"stat.pickup.harvestcraft.spiceleafitem":4,"stat.useItem.harvestcraft.scallionitem":1,"stat.craftItem.minecraft.iron_chestplate":2,"stat.pickup.minecraft.ender_pearl":122,"stat.pickup.minecraft.ladder":10,"stat.craftItem.travelersbackpack.sleeping_bag_bottom":2,"stat.craftItem.minecraft.bookshelf":31,"stat.craftItem.techguns.itemshared":50,"stat.mineBlock.minecraft.stonebrick":7,"stat.useItem.harvestcraft.parsnipitem":1,"stat.pickup.harvestcraft.queenbeeitem":1,"stat.killEntity.techguns.AlienBug":7,"stat.pickup.harvestcraft.strawberryitem":6,"stat.mobKills":385,"stat.mineBlock.minecraft.bookshelf":37,"stat.pickup.securitycraft.reinforced_stone_button":64,"stat.craftItem.minecraft.lead":4,"stat.pickup.minecraft.diamond":64,"stat.pickup.minecraft.beetroot_seeds":20,"stat.pickup.minecraft.torch":65,"stat.useItem.harvestcraft.rhubarbitem":7,"stat.pigOneCm":18917,"stat.useItem.techguns.chainsaw":37,"stat.useItem.minecraft.bookshelf":24,"stat.entityKilledBy.techguns.ZombieMiner":7,"stat.useItem.minecraft.mutton":9,"stat.useItem.minecraft.planks":2,"stat.useItem.tombstone.familiar_stone":10,"stat.pickup.minecraft.porkchop":4,"stat.drop.tconstruct.slime_boots":1,"stat.pickup.tconstruct.slimesling":3,"stat.pickup.securitycraft.reinforced_iron_trapdoor":1,"stat.useItem.minecraft.water_bucket":18,"stat.drop.travelersbackpack.travelers_backpack":1,"stat.pickup.minecraft.sand":33,"stat.pickup.harvestcraft.sweetpotatoitem":3,"stat.pickup.harvestcraft.wintersquashitem":2,"stat.pickup.minecraft.wooden_hoe":2,"stat.useItem.minecraft.ender_pearl":10,"stat.mineBlock.minecraft.sand":33,"stat.pickup.techguns.ak47":1,"stat.killEntity.techguns.ZombieFarmer":144,"stat.hopperInspected":51,"stat.drop.minecraft.diamond":1,"stat.pickup.tconstruct.slime_sapling":1,"stat.useItem.minecraft.spawn_egg":1,"stat.craftItem.minecraft.birch_door":3,"stat.trappedChestTriggered":60,"stat.pickup.ic2.plate":3,"stat.useItem.harvestcraft.leekitem":3,"stat.pickup.techguns.lamp0":6,"stat.pickup.harvestcraft.turnipitem":3,"stat.useItem.minecraft.cooked_mutton":5,"stat.pickup.minecraft.furnace":3,"stat.useItem.minecraft.redstone":1,"stat.mineBlock.harvestcraft.windygarden":6,"stat.pickup.techguns.t1_scout_chestplate":6,"stat.mineBlock.chisel.technical":2,"stat.craftItem.travelersbackpack.travelers_backpack":2,"stat.useItem.minecraft.stone_stairs":1,"stat.pickup.tombstone.magic_scroll":12,"stat.useItem.harvestcraft.blackberryitem":3,"stat.pickup.minecraft.stone_stairs":1,"stat.pickup.tconstruct.slime_dirt":6,"stat.useItem.minecraft.hopper":5,"stat.pickup.minecraft.saddle":1,"stat.craftItem.minecraft.heavy_weighted_pressure_plate":10,"stat.useItem.harvestcraft.beanitem":2,"stat.playOneMinute":1053703,"stat.pickup.techguns.handcannon":4,"stat.drop.techguns.handcannon":1,"stat.craftItem.securitycraft.keypad_item":10,"stat.pickup.harvestcraft.tomatoitem":9,"stat.craftItem.minecraft.iron_nugget":9,"stat.pickup.tombstone.tablet_of_cupidity":1,"stat.fallOneCm":104844,"stat.useItem.harvestcraft.chilipepperitem":2,"stat.drop.minecraft.gold_ore":7,"stat.entityKilledBy.techguns.Bandit":2,"stat.craftItem.minecraft.chest":22,"stat.useItem.harvestcraft.bellpepperitem":1,"stat.mineBlock.minecraft.lever":2,"stat.pickup.techguns.revolver":2,"stat.mineBlock.ic2.resource":49,"stat.killEntity.techguns.Bandit":4,"stat.craftItem.minecraft.wooden_button":4,"stat.killEntity.techguns.ZombieMiner":56,"stat.pickup.minecraft.lead":3,"stat.mineBlock.minecraft.gravel":40,"stat.useItem.minecraft.stone_pickaxe":655,"stat.craftItem.minecraft.iron_leggings":2,"stat.useItem.harvestcraft.cherryitem":7,"stat.useItem.minecraft.torch":200,"stat.craftItem.minecraft.redstone_block":1,"stat.useItem.harvestcraft.spiceleafitem":4,"stat.craftItem.minecraft.stone_stairs":84,"stat.pickup.minecraft.crafting_table":4,"stat.mineBlock.techguns.basicore":35,"stat.craftItem.minecraft.crafting_table":5,"stat.pickup.techguns.chainsaw":3,"stat.pickup.minecraft.log":118,"stat.mineBlock.harvestcraft.pammaple":1,"stat.craftItem.minecraft.stone_button":65,"stat.pickup.minecraft.sapling":10,"stat.useItem.minecraft.birch_door":2,"stat.pickup.minecraft.beetroot":11,"stat.pickup.harvestcraft.parsnipitem":2,"stat.mineBlock.tconstruct.slime_grass":1,"stat.pickup.harvestcraft.juteitem":3,"stat.drop.techguns.t1_combat_helmet":1,"stat.pickup.harvestcraft.pearitem":4,"stat.useItem.minecraft.beetroot_seeds":4,"stat.sneakTime":4122,"stat.pickup.harvestcraft.tealeafitem":5,"stat.craftItem.spawnermod.spawner_key":2,"stat.pickup.minecraft.stone_slab":1,"stat.useItem.tconstruct.slime_congealed":1,"stat.useItem.minecraft.beetroot":11,"stat.pickup.minecraft.chest":22,"stat.craftItem.minecraft.enchanting_table":1,"stat.pickup.minecraft.bone":15,"stat.horseOneCm":640428,"stat.useItem.harvestcraft.garlicitem":5,"stat.craftItem.botania.petal":2,"stat.useItem.harvestcraft.tealeafitem":5,"stat.useItem.minecraft.diamond_sword":147,"stat.craftItem.tconstruct.slimesling":2,"stat.craftItem.minecraft.iron_trapdoor":1,"stat.swimOneCm":267850,"stat.climbOneCm":154817,"stat.pickup.harvestcraft.artichokeitem":6,"stat.mineBlock.minecraft.spruce_stairs":1,"stat.craftItem.minecraft.gold_block":2,"stat.useItem.harvestcraft.strawberryitem":4,"stat.enderchestOpened":2,"stat.useItem.minecraft.dirt":347,"stat.useItem.harvestcraft.barleyitem":1,"stat.pickup.minecraft.enchanting_table":1,"stat.craftItem.minecraft.trapdoor":2,"stat.drop.minecraft.ender_pearl":39,"stat.craftItem.minecraft.stone_pickaxe":5,"stat.pickup.minecraft.cobblestone":2885,"stat.mineBlock.minecraft.carpet":1,"stat.pickup.minecraft.gold_block":2,"stat.useItem.harvestcraft.juteitem":3,"stat.mineBlock.chisel.limestone2":29,"stat.pickup.minecraft.glass_bottle":4,"stat.craftItem.ic2.ingot":5,"stat.drop.minecraft.wheat_seeds":1,"stat.useItem.harvestcraft.whitemushroomitem":2,"stat.useItem.minecraft.cooked_beef":5,"stat.pickup.harvestcraft.leekitem":6,"stat.pickup.minecraft.redstone":244,"stat.mineBlock.minecraft.iron_ore":145,"stat.craftItem.minecraft.book":4,"stat.pickup.minecraft.mutton":38,"stat.pickup.harvestcraft.soursopitem":6,"stat.killEntity.techguns.SkeletonSoldier":21,"stat.useItem.harvestcraft.cornitem":1,"stat.pickup.minecraft.stonebrick":6,"stat.useItem.minecraft.cooked_porkchop":2,"stat.pickup.minecraft.iron_shovel":1,"stat.pickup.minecraft.trapdoor":4,"stat.drop.minecraft.beetroot_seeds":16,"stat.pickup.techguns.t1_combat_helmet":4,"stat.entityKilledBy.techguns.PsychoSteve":4,"stat.craftItem.ic2.casing":4,"stat.craftItem.tconstruct.slime_boots":3,"stat.craftItem.minecraft.stone_slab2":0,"stat.craftItem.minecraft.stick":268,"stat.drop.minecraft.carrot_on_a_stick":1,"stat.craftItem.minecraft.stone":105,"stat.pickup.techguns.t1_miner_leggings":4,"stat.pickup.harvestcraft.barleyitem":4,"stat.mineBlock.minecraft.crafting_table":4,"stat.useItem.minecraft.diamond_pickaxe":2471,"stat.useItem.minecraft.carrot":6,"stat.useItem.minecraft.wheat":28,"stat.useItem.minecraft.wooden_shovel":10,"stat.useItem.harvestcraft.turnipitem":3,"stat.pickup.botania.flower":3,"stat.entityKilledBy.Creeper":1,"stat.mineBlock.minecraft.planks":10,"stat.drop":126,"stat.pickup.minecraft.stone_button":3,"stat.killEntity.Sheep":23,"stat.craftItem.minecraft.diamond_pickaxe":7,"stat.pickup.harvestcraft.garlicitem":8,"stat.pickup.techguns.t1_scout_leggings":10,"stat.pickup.minecraft.gravel":69,"stat.useItem.minecraft.diamond_axe":112,"stat.useItem.minecraft.apple":25,"stat.mineBlock.tconstruct.slime_dirt":5,"stat.drop.harvestcraft.royaljellyitem":1,"stat.pickup.harvestcraft.blackberryitem":3,"stat.craftItem.travelersbackpack.backpack_tank":2,"stat.craftItem.ic2.forge_hammer":2,"stat.useItem.minecraft.stone_axe":74,"stat.mineBlock.harvestcraft.shadedgarden":22,"stat.pickup.minecraft.spider_eye":2,"stat.useItem.minecraft.stone_button":2,"stat.craftItem.minecraft.iron_helmet":2,"stat.pickup.minecraft.diamond_ore":2,"stat.pickup.harvestcraft.bellpepperitem":3,"stat.pickup.minecraft.iron_ore":144,"stat.pickup.tconstruct.slime_congealed":30,"stat.drop.harvestcraft.pawpawitem":1,"stat.entityKilledBy.techguns.SkeletonSoldier":12,"stat.mineBlock.minecraft.leaves2":6,"stat.mineBlock.minecraft.stone_stairs":1,"stat.pickup.minecraft.leather":32,"stat.useItem.harvestcraft.flaxitem":14,"stat.mineBlock.minecraft.furnace":2,"stat.useItem.minecraft.wooden_pickaxe":34,"stat.pickup.minecraft.reeds":19,"tombstone:undead_killed":282,"stat.useItem.tombstone.grave_key":15,"stat.pickup.tconstruct.materials":2,"stat.pickup.minecraft.stained_glass":19,"stat.damageDealt":21602,"stat.craftItem.minecraft.glass":33,"stat.sleepInBed":38,"stat.craftItem.minecraft.anvil":1,"stat.killEntity.Cow":6,"stat.mineBlock.harvestcraft.pamspiderweb":4,"stat.killEntity.Pig":1,"stat.craftItem.minecraft.iron_sword":6,"stat.pickup.harvestcraft.elderberryitem":9,"stat.walkOneCm":2883342,"stat.playerKills":6,"stat.pickup.minecraft.stick":6,"stat.pickup.techguns.t1_miner_boots":2,"stat.mineBlock.chisel.basalt2":1,"stat.pickup.techguns.t1_combat_boots":4,"stat.pickup.minecraft.stone":395,"stat.pickup.harvestcraft.zucchiniitem":4,"stat.pickup.techguns.t2_combat_leggings":1,"stat.pickup.ic2.forge_hammer":2,"stat.killEntity.Skeleton":9,"stat.pickup.harvestcraft.amaranthitem":13,"stat.killEntity.Spider":2,"stat.pickup.minecraft.bread":21,"stat.pickup.techguns.pistol":4,"stat.pickup.harvestcraft.plumitem":6,"stat.pickup.minecraft.water_bucket":5,"stat.mineBlock.minecraft.leaves":123,"stat.pickup.minecraft.spruce_stairs":1,"stat.mineBlock.minecraft.redstone_ore":45,"stat.useItem.chisel.factory":4,"stat.mineBlock.minecraft.stone":3170}