{"stat.useItem.minecraft.bow":2,"stat.leaveGame":12,"stat.useItem.harvestcraft.amaranthitem":1,"stat.pickup.tconstruct.edible":35,"stat.pickup.tombstone.familiar_stone":1,"stat.mineBlock.minecraft.stained_glass":12,"stat.entityKilledBy.techguns.ZombieFarmer":6,"stat.mineBlock.harvestcraft.beehive":1,"stat.mineBlock.chisel.factory":14,"stat.useItem.harvestcraft.pearitem":4,"stat.craftItem.harvestcraft.royaljellyitem":1,"stat.drop.minecraft.iron_sword":1,"stat.pickup.minecraft.rotten_flesh":19,"stat.craftItem.minecraft.stone_axe":1,"stat.pickup.minecraft.bucket":1,"stat.entityKilledBy.techguns.ZombieSoldier":14,"stat.pickup.harvestcraft.radishitem":5,"stat.craftItem.minecraft.iron_shovel":1,"stat.killEntity.Witch":2,"stat.pickup.harvestcraft.scallionitem":2,"stat.pickup.minecraft.mob_spawner":4,"stat.useItem.minecraft.iron_pickaxe":750,"stat.craftItem.minecraft.wooden_pickaxe":2,"stat.useItem.minecraft.iron_shovel":217,"stat.pickup.harvestcraft.rhubarbitem":8,"stat.craftItem.minecraft.bed":2,"stat.craftItem.minecraft.glass_pane":48,"stat.pickup.harvestcraft.onionitem":1,"stat.mineBlock.chisel.marble2":53,"stat.mineBlock.minecraft.hopper":3,"stat.pickup.techguns.basicore":37,"stat.furnaceInteraction":97,"stat.pickup.harvestcraft.cherryitem":9,"stat.mineBlock.botania.flower":2,"stat.pickup.harvestcraft.cornitem":1,"stat.drop.minecraft.red_flower":1,"stat.pickup.minecraft.beef":10,"stat.useItem.minecraft.stained_glass":1,"stat.useItem.minecraft.wheat_seeds":16,"stat.craftItem.securitycraft.laser_block":1,"stat.pickup.securitycraft.universal_block_reinforcer_lvl1":1,"stat.useItem.minecraft.beef":7,"stat.deaths":56,"stat.pickup.minecraft.egg":2,"stat.craftItem.minecraft.wooden_shovel":1,"stat.pickup.techguns.t1_miner_helmet":2,"stat.craftItem.minecraft.iron_pickaxe":3,"stat.drop.minecraft.torch":13,"stat.drop.minecraft.iron_ingot":26,"stat.pickup.chisel.marble2":53,"stat.craftItem.minecraft.cooked_mutton":2,"stat.mineBlock.minecraft.tallgrass":76,"stat.chestOpened":122,"stat.pickup.botania.mushroom":3,"stat.useItem.minecraft.stone":25,"stat.pickup.minecraft.arrow":6,"stat.pickup.techguns.t1_combat_leggings":1,"stat.drop.harvestcraft.scallionitem":1,"stat.pickup.harvestcraft.chilipepperitem":2,"stat.mineBlock.botania.mushroom":3,"stat.pickup.chisel.basalt2":1,"stat.pickup.minecraft.carrot":4,"stat.drop.prefab.item_moderate_house":1,"stat.crouchOneCm":3381,"stat.craftItem.ic2.cable":4,"stat.craftItem.minecraft.diamond":2,"stat.mineBlock.minecraft.chest":3,"stat.craftItem.minecraft.iron_ingot":103,"stat.killEntity.techguns.ZombiePoliceman":5,"stat.craftItem.minecraft.hopper":12,"stat.craftingTableInteraction":93,"stat.useItem.chisel.marble2":15,"stat.pickup.minecraft.dye":48,"stat.pickup.minecraft.planks":22,"stat.pickup.chisel.limestone2":9,"stat.pickup.minecraft.wheat_seeds":60,"stat.pickup.techguns.t1_miner_chestplate":2,"stat.mineBlock.minecraft.dirt":508,"stat.useItem.minecraft.bread":4,"stat.entityKilledBy.techguns.ZombiePoliceman":5,"stat.drop.techguns.chainsaw":1,"stat.useItem.minecraft.cobblestone":447,"stat.mineBlock.minecraft.double_plant":12,"stat.pickup.tconstruct.pickaxe":3,"stat.pickup.prefab.item_moderate_house":1,"stat.useItem.harvestcraft.sweetpotatoitem":2,"stat.pickup.minecraft.iron_pickaxe":1,"stat.useItem.tconstruct.pickaxe":16,"stat.craftItem.minecraft.gold_ingot":4,"stat.pickup.minecraft.hopper":3,"stat.craftItem.ic2.plate":10,"stat.pickup.minecraft.apple":34,"stat.useItem.minecraft.glass_pane":30,"stat.craftItem.minecraft.bucket":2,"stat.craftItem.minecraft.planks":268,"stat.useItem.minecraft.iron_sword":669,"stat.useItem.harvestcraft.artichokeitem":2,"stat.pickup.minecraft.book":21,"stat.useItem.minecraft.stonebrick":3,"stat.mineBlock.minecraft.log":72,"stat.pickup.minecraft.red_flower":9,"stat.pickup.minecraft.wool":12,"stat.useItem.minecraft.wooden_axe":42,"stat.craftItem.tconstruct.slime":5,"stat.mineBlock.minecraft.cobblestone":89,"stat.craftItem.tconstruct.edible":61,"stat.pickup.minecraft.flint":2,"stat.useItem.techguns.basicore":2,"stat.craftItem.tombstone.grave_key":27,"stat.craftItem.minecraft.wool":2,"stat.drop.minecraft.cobblestone":3,"stat.killEntity.techguns.ZombieSoldier":11,"stat.pickup.techguns.boltaction":1,"stat.useItem.harvestcraft.tomatoitem":8,"stat.useItem.minecraft.stone_slab2":137,"stat.useItem.minecraft.mob_spawner":1,"stat.pickup.minecraft.bow":2,"stat.pickup.minecraft.iron_boots":1,"stat.useItem.harvestcraft.wintersquashitem":1,"stat.mineBlock.tconstruct.slime_vine_purple_end":1,"stat.craftItem.minecraft.furnace":2,"stat.useItem.minecraft.egg":2,"stat.craftItem.minecraft.iron_boots":2,"stat.craftItem.minecraft.cooked_beef":3,"stat.mineBlock.minecraft.obsidian":1,"stat.drop.harvestcraft.leekitem":1,"stat.flyOneCm":2339232,"stat.useItem.harvestcraft.plumitem":6,"stat.timeSinceDeath":310,"stat.useItem.harvestcraft.soursopitem":6,"stat.craftItem.minecraft.stonebrick":4,"stat.pickup.harvestcraft.whitemushroomitem":2,"stat.pickup.harvestcraft.beanitem":6,"stat.useItem.minecraft.potato":11,"stat.mineBlock.minecraft.coal_ore":63,"stat.killEntity.Creeper":2,"stat.talkedToVillager":8,"stat.pickup.minecraft.string":9,"stat.pickup.tombstone.crafting_ingredient":22,"stat.pickup.techguns.t1_scout_helmet":1,"stat.entityKilledBy.Skeleton":1,"stat.craftItem.tconstruct.tooltables":2,"stat.sprintOneCm":909509,"stat.craftItem.minecraft.wooden_axe":1,"stat.pickup.ic2.resource":43,"stat.mineBlock.minecraft.diamond_ore":30,"stat.useItem.securitycraft.keypad_item":2,"stat.pickup.minecraft.spawn_egg":9,"stat.pickup.harvestcraft.mustardseedsitem":1,"stat.pickup.harvestcraft.flaxitem":4,"stat.useItem.harvestcraft.zucchiniitem":4,"stat.useItem.minecraft.ladder":20,"stat.killEntity.Zombie":13,"stat.craftItem.minecraft.dye":2,"stat.mineBlock.minecraft.gold_ore":10,"stat.diveOneCm":67671,"stat.craftItem.minecraft.slime_ball":12,"stat.pickup.minecraft.wheat":61,"stat.craftItem.ic2.cutter":2,"stat.craftItem.minecraft.ladder":33,"stat.mineBlock.minecraft.stone_button":2,"stat.craftItem.minecraft.cooked_porkchop":2,"stat.pickup.techguns.t1_combat_chestplate":1,"stat.pickup.minecraft.obsidian":1,"stat.craftItem.minecraft.diamond_sword":1,"stat.jump":6742,"stat.pickup.minecraft.coal":74,"stat.pickup.minecraft.iron_ingot":37,"stat.pickup.minecraft.gunpowder":31,"stat.craftItem.minecraft.torch":108,"stat.pickup.minecraft.dirt":565,"stat.pickup.minecraft.stone_shovel":1,"stat.pickup.minecraft.gold_ore":12,"stat.mineBlock.minecraft.lapis_ore":8,"stat.drop.minecraft.gold_block":1,"stat.pickup.chisel.technical":1,"stat.mineBlock.minecraft.glass_pane":9,"stat.damageTaken":18483,"stat.mineBlock.minecraft.torch":30,"stat.killEntity.tconstruct.blueslime":38,"stat.mineBlock.minecraft.red_flower":2,"stat.pickup.harvestcraft.pawpawitem":1,"stat.useItem.harvestcraft.radishitem":5,"stat.mineBlock.minecraft.sapling":1,"stat.drop.tconstruct.slimesling":2,"stat.pickup.minecraft.bed":5,"stat.pickup.minecraft.potato":13,"stat.mineBlock.techguns.lamp0":6,"stat.entityKilledBy.Zombie":1,"stat.useItem.harvestcraft.onionitem":1,"stat.drop.techguns.itemshared":1,"stat.craftItem.minecraft.stone_slab":48,"stat.craftItem.securitycraft.universal_block_reinforcer_lvl1":1,"stat.pickup.techguns.itemshared":86,"stat.useItem.minecraft.chest":6,"stat.pickup.minecraft.diamond_pickaxe":1,"stat.pickup.chisel.factory":13,"stat.useItem.minecraft.lava_bucket":6,"stat.useItem.tombstone.gift":2,"stat.pickup.harvestcraft.spiceleafitem":4,"stat.useItem.harvestcraft.scallionitem":1,"stat.craftItem.minecraft.iron_chestplate":2,"stat.pickup.minecraft.ender_pearl":28,"stat.craftItem.travelersbackpack.sleeping_bag_bottom":2,"stat.craftItem.techguns.itemshared":50,"stat.mineBlock.minecraft.stonebrick":4,"stat.useItem.harvestcraft.parsnipitem":1,"stat.pickup.harvestcraft.queenbeeitem":1,"stat.pickup.harvestcraft.strawberryitem":2,"stat.mobKills":233,"stat.mineBlock.minecraft.bookshelf":7,"stat.pickup.securitycraft.reinforced_stone_button":56,"stat.craftItem.minecraft.lead":4,"stat.pickup.minecraft.diamond":50,"stat.pickup.minecraft.beetroot_seeds":20,"stat.pickup.minecraft.torch":49,"stat.useItem.harvestcraft.rhubarbitem":7,"stat.useItem.techguns.chainsaw":36,"stat.entityKilledBy.techguns.ZombieMiner":6,"stat.useItem.minecraft.mutton":9,"stat.useItem.tombstone.familiar_stone":6,"stat.pickup.minecraft.porkchop":4,"stat.drop.tconstruct.slime_boots":1,"stat.pickup.tconstruct.slimesling":2,"stat.useItem.minecraft.water_bucket":18,"stat.pickup.minecraft.sand":33,"stat.pickup.harvestcraft.sweetpotatoitem":3,"stat.pickup.harvestcraft.wintersquashitem":2,"stat.pickup.minecraft.wooden_hoe":1,"stat.useItem.minecraft.ender_pearl":10,"stat.mineBlock.minecraft.sand":33,"stat.killEntity.techguns.ZombieFarmer":87,"stat.hopperInspected":47,"stat.drop.minecraft.diamond":1,"stat.useItem.minecraft.spawn_egg":1,"stat.craftItem.minecraft.birch_door":3,"stat.useItem.harvestcraft.leekitem":3,"stat.pickup.techguns.lamp0":6,"stat.pickup.harvestcraft.turnipitem":3,"stat.useItem.minecraft.cooked_mutton":2,"stat.pickup.minecraft.furnace":3,"stat.useItem.minecraft.redstone":1,"stat.mineBlock.harvestcraft.windygarden":6,"stat.mineBlock.chisel.technical":1,"stat.craftItem.travelersbackpack.travelers_backpack":2,"stat.useItem.minecraft.stone_stairs":1,"stat.pickup.tombstone.magic_scroll":6,"stat.useItem.harvestcraft.blackberryitem":3,"stat.pickup.tconstruct.slime_dirt":6,"stat.useItem.minecraft.hopper":5,"stat.pickup.minecraft.saddle":1,"stat.craftItem.minecraft.heavy_weighted_pressure_plate":9,"stat.useItem.harvestcraft.beanitem":2,"stat.playOneMinute":676538,"stat.pickup.techguns.handcannon":3,"stat.drop.techguns.handcannon":1,"stat.craftItem.securitycraft.keypad_item":9,"stat.pickup.harvestcraft.tomatoitem":9,"stat.craftItem.minecraft.iron_nugget":9,"stat.fallOneCm":82345,"stat.useItem.harvestcraft.chilipepperitem":2,"stat.drop.minecraft.gold_ore":7,"stat.craftItem.minecraft.chest":22,"stat.useItem.harvestcraft.bellpepperitem":1,"stat.mineBlock.ic2.resource":44,"stat.killEntity.techguns.ZombieMiner":33,"stat.pickup.minecraft.lead":2,"stat.mineBlock.minecraft.gravel":34,"stat.useItem.minecraft.stone_pickaxe":655,"stat.craftItem.minecraft.iron_leggings":2,"stat.useItem.harvestcraft.cherryitem":7,"stat.useItem.minecraft.torch":140,"stat.craftItem.minecraft.redstone_block":1,"stat.useItem.harvestcraft.spiceleafitem":4,"stat.craftItem.minecraft.stone_stairs":84,"stat.pickup.minecraft.crafting_table":3,"stat.mineBlock.techguns.basicore":30,"stat.craftItem.minecraft.crafting_table":5,"stat.pickup.techguns.chainsaw":2,"stat.pickup.minecraft.log":71,"stat.craftItem.minecraft.stone_button":56,"stat.pickup.minecraft.sapling":8,"stat.useItem.minecraft.birch_door":2,"stat.pickup.minecraft.beetroot":11,"stat.pickup.harvestcraft.parsnipitem":2,"stat.mineBlock.tconstruct.slime_grass":1,"stat.pickup.harvestcraft.juteitem":3,"stat.drop.techguns.t1_combat_helmet":1,"stat.pickup.harvestcraft.pearitem":4,"stat.useItem.minecraft.beetroot_seeds":4,"stat.sneakTime":2540,"stat.pickup.harvestcraft.tealeafitem":5,"stat.craftItem.spawnermod.spawner_key":2,"stat.useItem.tconstruct.slime_congealed":1,"stat.useItem.minecraft.beetroot":11,"stat.pickup.minecraft.chest":3,"stat.pickup.minecraft.bone":11,"stat.horseOneCm":416382,"stat.useItem.harvestcraft.garlicitem":5,"stat.useItem.harvestcraft.tealeafitem":5,"stat.useItem.minecraft.diamond_sword":68,"stat.craftItem.tconstruct.slimesling":2,"stat.swimOneCm":190307,"stat.climbOneCm":84989,"stat.pickup.harvestcraft.artichokeitem":3,"stat.craftItem.minecraft.gold_block":2,"stat.useItem.minecraft.dirt":347,"stat.useItem.harvestcraft.barleyitem":1,"stat.craftItem.minecraft.stone_pickaxe":5,"stat.pickup.minecraft.cobblestone":2175,"stat.pickup.minecraft.gold_block":1,"stat.useItem.harvestcraft.juteitem":3,"stat.mineBlock.chisel.limestone2":9,"stat.pickup.minecraft.glass_bottle":1,"stat.craftItem.ic2.ingot":5,"stat.drop.minecraft.wheat_seeds":1,"stat.useItem.harvestcraft.whitemushroomitem":2,"stat.useItem.minecraft.cooked_beef":3,"stat.pickup.harvestcraft.leekitem":6,"stat.pickup.minecraft.redstone":150,"stat.mineBlock.minecraft.iron_ore":136,"stat.pickup.minecraft.mutton":18,"stat.pickup.harvestcraft.soursopitem":6,"stat.killEntity.techguns.SkeletonSoldier":10,"stat.useItem.harvestcraft.cornitem":1,"stat.pickup.minecraft.stonebrick":4,"stat.useItem.minecraft.cooked_porkchop":2,"stat.pickup.minecraft.trapdoor":1,"stat.drop.minecraft.beetroot_seeds":16,"stat.pickup.techguns.t1_combat_helmet":2,"stat.entityKilledBy.techguns.PsychoSteve":4,"stat.craftItem.ic2.casing":4,"stat.craftItem.tconstruct.slime_boots":3,"stat.craftItem.minecraft.stone_slab2":0,"stat.craftItem.minecraft.stick":168,"stat.craftItem.minecraft.stone":105,"stat.pickup.techguns.t1_miner_leggings":2,"stat.pickup.harvestcraft.barleyitem":4,"stat.mineBlock.minecraft.crafting_table":3,"stat.useItem.minecraft.diamond_pickaxe":1484,"stat.useItem.minecraft.carrot":3,"stat.useItem.minecraft.wheat":28,"stat.useItem.minecraft.wooden_shovel":10,"stat.useItem.harvestcraft.turnipitem":3,"stat.pickup.botania.flower":2,"stat.entityKilledBy.Creeper":1,"stat.mineBlock.minecraft.planks":6,"stat.drop":82,"stat.pickup.minecraft.stone_button":2,"stat.killEntity.Sheep":9,"stat.craftItem.minecraft.diamond_pickaxe":3,"stat.pickup.harvestcraft.garlicitem":8,"stat.pickup.minecraft.gravel":56,"stat.useItem.minecraft.apple":19,"stat.mineBlock.tconstruct.slime_dirt":5,"stat.drop.harvestcraft.royaljellyitem":1,"stat.pickup.harvestcraft.blackberryitem":3,"stat.craftItem.travelersbackpack.backpack_tank":2,"stat.craftItem.ic2.forge_hammer":2,"stat.useItem.minecraft.stone_axe":74,"stat.mineBlock.harvestcraft.shadedgarden":22,"stat.pickup.minecraft.spider_eye":2,"stat.useItem.minecraft.stone_button":2,"stat.craftItem.minecraft.iron_helmet":2,"stat.pickup.minecraft.diamond_ore":2,"stat.pickup.harvestcraft.bellpepperitem":3,"stat.pickup.minecraft.iron_ore":135,"stat.pickup.tconstruct.slime_congealed":18,"stat.drop.harvestcraft.pawpawitem":1,"stat.entityKilledBy.techguns.SkeletonSoldier":11,"stat.pickup.minecraft.leather":22,"stat.useItem.harvestcraft.flaxitem":3,"stat.mineBlock.minecraft.furnace":2,"stat.useItem.minecraft.wooden_pickaxe":34,"tombstone:undead_killed":164,"stat.useItem.tombstone.grave_key":9,"stat.pickup.tconstruct.materials":2,"stat.pickup.minecraft.stained_glass":10,"stat.damageDealt":16354,"stat.craftItem.minecraft.glass":33,"stat.sleepInBed":23,"stat.killEntity.Cow":5,"stat.mineBlock.harvestcraft.pamspiderweb":2,"stat.killEntity.Pig":1,"stat.craftItem.minecraft.iron_sword":5,"stat.pickup.harvestcraft.elderberryitem":1,"stat.walkOneCm":1707828,"stat.playerKills":4,"stat.pickup.minecraft.stick":3,"stat.mineBlock.chisel.basalt2":1,"stat.pickup.techguns.t1_combat_boots":2,"stat.pickup.minecraft.stone":265,"stat.pickup.harvestcraft.zucchiniitem":4,"stat.pickup.ic2.forge_hammer":1,"stat.killEntity.Skeleton":5,"stat.pickup.harvestcraft.amaranthitem":3,"stat.killEntity.Spider":2,"stat.pickup.minecraft.bread":13,"stat.pickup.techguns.pistol":1,"stat.pickup.harvestcraft.plumitem":6,"stat.pickup.minecraft.water_bucket":5,"stat.mineBlock.minecraft.leaves":99,"stat.mineBlock.minecraft.redstone_ore":33,"stat.useItem.chisel.factory":4,"stat.mineBlock.minecraft.stone":2377}