{"stat.leaveGame":4,"stat.mineBlock.minecraft.cobblestone":20,"stat.entityKilledBy.techguns.ZombieMiner":1,"stat.craftItem.tombstone.grave_key":1,"stat.pickup.tombstone.familiar_stone":1,"stat.useItem.minecraft.mutton":1,"stat.swimOneCm":24334,"stat.entityKilledBy.techguns.ZombieFarmer":4,"stat.useItem.tombstone.familiar_stone":5,"stat.drop.minecraft.cobblestone":3,"stat.pickup.minecraft.porkchop":2,"stat.useItem.harvestcraft.pearitem":1,"stat.useItem.minecraft.dirt":57,"stat.useItem.minecraft.stone_slab2":29,"stat.useItem.minecraft.water_bucket":3,"stat.pickup.minecraft.rotten_flesh":2,"stat.pickup.minecraft.sand":9,"stat.craftItem.minecraft.furnace":1,"stat.craftItem.minecraft.stone_axe":1,"stat.craftItem.minecraft.stone_pickaxe":5,"stat.pickup.minecraft.cobblestone":588,"stat.pickup.minecraft.wooden_hoe":1,"stat.mineBlock.chisel.limestone2":5,"stat.flyOneCm":40542,"stat.mineBlock.minecraft.sand":9,"stat.killEntity.techguns.ZombieFarmer":5,"stat.pickup.minecraft.redstone":93,"stat.mineBlock.minecraft.iron_ore":66,"stat.timeSinceDeath":6530,"stat.useItem.minecraft.iron_pickaxe":228,"stat.craftItem.minecraft.wooden_pickaxe":2,"stat.pickup.minecraft.mutton":7,"stat.craftItem.minecraft.bed":1,"stat.craftItem.minecraft.stonebrick":4,"stat.craftItem.minecraft.glass_pane":16,"stat.mineBlock.chisel.marble2":23,"stat.pickup.techguns.basicore":5,"stat.furnaceInteraction":41,"stat.pickup.harvestcraft.cherryitem":5,"stat.mineBlock.botania.flower":1,"stat.useItem.minecraft.cooked_porkchop":2,"stat.mineBlock.minecraft.coal_ore":39,"stat.useItem.minecraft.cooked_mutton":2,"stat.pickup.tombstone.crafting_ingredient":3,"stat.pickup.techguns.t1_scout_helmet":1,"stat.craftItem.minecraft.stone_slab2":0,"stat.sprintOneCm":131152,"stat.craftItem.minecraft.stick":40,"stat.pickup.tombstone.magic_scroll":2,"stat.craftItem.minecraft.wooden_axe":1,"stat.pickup.ic2.resource":25,"stat.craftItem.minecraft.stone":25,"stat.mineBlock.minecraft.diamond_ore":12,"stat.craftItem.securitycraft.laser_block":1,"stat.craftItem.minecraft.heavy_weighted_pressure_plate":2,"stat.pickup.botania.flower":1,"stat.deaths":7,"stat.drop":3,"stat.playOneMinute":141035,"stat.pickup.minecraft.stone_button":2,"stat.killEntity.Sheep":4,"stat.craftItem.minecraft.iron_pickaxe":1,"stat.craftItem.securitycraft.keypad_item":2,"stat.killEntity.Zombie":4,"stat.pickup.chisel.marble2":23,"stat.mineBlock.minecraft.gold_ore":5,"stat.craftItem.minecraft.cooked_mutton":2,"stat.mineBlock.minecraft.tallgrass":18,"stat.diveOneCm":7808,"stat.chestOpened":15,"stat.pickup.botania.mushroom":2,"stat.useItem.minecraft.stone":2,"stat.mineBlock.minecraft.stone_button":2,"stat.pickup.minecraft.gravel":6,"stat.craftItem.minecraft.cooked_porkchop":2,"stat.useItem.minecraft.apple":5,"stat.mineBlock.botania.mushroom":2,"stat.craftItem.minecraft.iron_nugget":9,"stat.jump":1173,"stat.pickup.minecraft.coal":39,"stat.fallOneCm":26813,"stat.pickup.chisel.basalt2":1,"stat.useItem.minecraft.stone_axe":74,"stat.crouchOneCm":149,"stat.craftItem.minecraft.torch":32,"stat.craftItem.minecraft.chest":4,"stat.craftItem.minecraft.iron_ingot":67,"stat.pickup.minecraft.dirt":63,"stat.useItem.minecraft.stone_button":2,"stat.craftingTableInteraction":53,"stat.pickup.minecraft.iron_ore":66,"stat.pickup.minecraft.gold_ore":5,"stat.mineBlock.ic2.resource":26,"stat.useItem.chisel.marble2":15,"stat.damageTaken":2237,"stat.pickup.minecraft.leather":4,"stat.mineBlock.minecraft.torch":8,"stat.killEntity.techguns.ZombieMiner":1,"stat.useItem.minecraft.wooden_pickaxe":34,"stat.pickup.chisel.limestone2":5,"tombstone:undead_killed":10,"stat.pickup.minecraft.wheat_seeds":5,"stat.mineBlock.minecraft.gravel":6,"stat.useItem.minecraft.stone_pickaxe":655,"stat.damageDealt":2723,"stat.craftItem.minecraft.glass":9,"stat.sleepInBed":12,"stat.useItem.harvestcraft.cherryitem":3,"stat.mineBlock.minecraft.dirt":66,"stat.killEntity.Pig":1,"stat.craftItem.securitycraft.universal_block_reinforcer_lvl1":1,"stat.pickup.techguns.itemshared":5,"stat.walkOneCm":336052,"stat.useItem.minecraft.torch":35,"stat.useItem.minecraft.bread":1,"stat.playerKills":1,"stat.useItem.minecraft.chest":3,"stat.craftItem.minecraft.redstone_block":1,"stat.mineBlock.techguns.basicore":5,"stat.useItem.minecraft.cobblestone":223,"stat.craftItem.minecraft.crafting_table":1,"stat.mineBlock.minecraft.double_plant":6,"stat.useItem.minecraft.lava_bucket":6,"stat.mineBlock.chisel.basalt2":1,"stat.pickup.minecraft.log":29,"stat.useItem.tombstone.gift":1,"stat.craftItem.minecraft.stone_button":16,"stat.pickup.minecraft.stone":65,"stat.pickup.minecraft.sapling":5,"stat.pickup.minecraft.apple":7,"stat.craftItem.minecraft.bucket":2,"stat.craftItem.minecraft.planks":80,"stat.pickup.minecraft.bread":2,"stat.mobKills":17,"stat.mineBlock.minecraft.log":29,"stat.pickup.securitycraft.reinforced_stone_button":16,"stat.pickup.minecraft.diamond":12,"stat.mineBlock.minecraft.leaves":52,"stat.pickup.minecraft.torch":8,"stat.pickup.harvestcraft.pearitem":1,"stat.mineBlock.minecraft.redstone_ore":22,"stat.sneakTime":14,"stat.pickup.minecraft.wool":4,"stat.useItem.minecraft.wooden_axe":42,"stat.mineBlock.minecraft.stone":692}