{"stat.pickup.minecraft.bone":2,"stat.leaveGame":4,"stat.mineBlock.minecraft.cobblestone":33,"stat.entityKilledBy.techguns.ZombieMiner":1,"stat.craftItem.tombstone.grave_key":1,"stat.pickup.tombstone.familiar_stone":1,"stat.useItem.minecraft.mutton":1,"stat.swimOneCm":30474,"stat.entityKilledBy.techguns.ZombieFarmer":4,"stat.useItem.tombstone.familiar_stone":5,"stat.drop.minecraft.cobblestone":3,"stat.pickup.minecraft.porkchop":2,"stat.useItem.harvestcraft.pearitem":4,"stat.useItem.minecraft.dirt":57,"stat.useItem.minecraft.stone_slab2":34,"stat.useItem.minecraft.water_bucket":3,"stat.pickup.minecraft.rotten_flesh":4,"stat.pickup.minecraft.sand":19,"stat.craftItem.minecraft.furnace":1,"stat.craftItem.minecraft.stone_axe":1,"stat.craftItem.minecraft.stone_pickaxe":5,"stat.pickup.minecraft.cobblestone":597,"stat.pickup.minecraft.wooden_hoe":1,"stat.mineBlock.chisel.limestone2":5,"stat.entityKilledBy.techguns.ZombieSoldier":1,"stat.flyOneCm":48070,"stat.mineBlock.minecraft.sand":19,"stat.killEntity.techguns.ZombieFarmer":6,"stat.pickup.harvestcraft.leekitem":2,"stat.pickup.minecraft.redstone":93,"stat.mineBlock.minecraft.iron_ore":66,"stat.timeSinceDeath":2012,"stat.useItem.minecraft.iron_pickaxe":241,"stat.craftItem.minecraft.wooden_pickaxe":2,"stat.pickup.minecraft.mutton":7,"stat.pickup.harvestcraft.rhubarbitem":1,"stat.craftItem.minecraft.birch_door":3,"stat.craftItem.minecraft.bed":1,"stat.craftItem.minecraft.stonebrick":4,"stat.craftItem.minecraft.glass_pane":48,"stat.mineBlock.chisel.marble2":23,"stat.pickup.techguns.basicore":5,"stat.furnaceInteraction":49,"stat.pickup.harvestcraft.cherryitem":5,"stat.mineBlock.botania.flower":1,"stat.useItem.minecraft.cooked_porkchop":2,"stat.mineBlock.minecraft.coal_ore":39,"stat.useItem.minecraft.cooked_mutton":2,"stat.pickup.tombstone.crafting_ingredient":5,"stat.pickup.techguns.t1_scout_helmet":1,"stat.craftItem.minecraft.stone_slab2":0,"stat.sprintOneCm":160904,"stat.craftItem.minecraft.stick":52,"stat.pickup.tombstone.magic_scroll":2,"stat.craftItem.minecraft.wooden_axe":1,"stat.pickup.ic2.resource":25,"stat.craftItem.minecraft.stone":25,"stat.mineBlock.minecraft.diamond_ore":12,"stat.useItem.minecraft.wooden_shovel":10,"stat.craftItem.securitycraft.laser_block":1,"stat.craftItem.minecraft.heavy_weighted_pressure_plate":2,"stat.pickup.botania.flower":1,"stat.deaths":8,"stat.drop":3,"stat.playOneMinute":165335,"stat.pickup.minecraft.stone_button":2,"stat.craftItem.minecraft.wooden_shovel":1,"stat.killEntity.Sheep":4,"stat.craftItem.minecraft.iron_pickaxe":3,"stat.craftItem.securitycraft.keypad_item":2,"stat.killEntity.Zombie":6,"stat.pickup.chisel.marble2":23,"stat.mineBlock.minecraft.gold_ore":5,"stat.craftItem.minecraft.cooked_mutton":2,"stat.mineBlock.minecraft.tallgrass":18,"stat.diveOneCm":18560,"stat.pickup.harvestcraft.garlicitem":1,"stat.chestOpened":15,"stat.pickup.harvestcraft.tomatoitem":1,"stat.pickup.botania.mushroom":2,"stat.useItem.minecraft.stone":2,"stat.mineBlock.minecraft.stone_button":2,"stat.pickup.minecraft.gravel":6,"stat.craftItem.minecraft.cooked_porkchop":2,"stat.useItem.minecraft.apple":5,"stat.mineBlock.botania.mushroom":2,"stat.craftItem.minecraft.iron_nugget":9,"stat.jump":1323,"stat.pickup.minecraft.coal":39,"stat.fallOneCm":28488,"stat.pickup.minecraft.iron_ingot":12,"stat.pickup.chisel.basalt2":1,"stat.useItem.minecraft.stone_axe":74,"stat.pickup.minecraft.gunpowder":1,"stat.crouchOneCm":149,"stat.mineBlock.harvestcraft.shadedgarden":2,"stat.craftItem.minecraft.torch":48,"stat.craftItem.minecraft.chest":4,"stat.craftItem.minecraft.iron_ingot":67,"stat.pickup.minecraft.dirt":63,"stat.useItem.minecraft.stone_button":2,"stat.craftingTableInteraction":65,"stat.pickup.minecraft.iron_ore":66,"stat.pickup.minecraft.gold_ore":5,"stat.mineBlock.ic2.resource":26,"stat.mineBlock.minecraft.glass_pane":2,"stat.useItem.chisel.marble2":15,"stat.damageTaken":2546,"stat.pickup.minecraft.leather":5,"stat.mineBlock.minecraft.torch":8,"stat.killEntity.techguns.ZombieMiner":2,"stat.useItem.minecraft.wooden_pickaxe":34,"stat.pickup.chisel.limestone2":5,"tombstone:undead_killed":15,"stat.pickup.minecraft.wheat_seeds":5,"stat.mineBlock.minecraft.gravel":6,"stat.useItem.minecraft.stone_pickaxe":655,"stat.damageDealt":3641,"stat.craftItem.minecraft.glass":19,"stat.sleepInBed":13,"stat.useItem.harvestcraft.cherryitem":3,"stat.mineBlock.minecraft.dirt":66,"stat.killEntity.Pig":1,"stat.craftItem.minecraft.iron_sword":1,"stat.craftItem.securitycraft.universal_block_reinforcer_lvl1":1,"stat.pickup.techguns.itemshared":6,"stat.walkOneCm":386826,"stat.useItem.minecraft.torch":39,"stat.useItem.minecraft.bread":1,"stat.playerKills":1,"stat.useItem.minecraft.chest":3,"stat.craftItem.minecraft.redstone_block":1,"stat.mineBlock.techguns.basicore":5,"stat.useItem.minecraft.cobblestone":343,"stat.craftItem.minecraft.crafting_table":1,"stat.mineBlock.minecraft.double_plant":6,"stat.useItem.minecraft.lava_bucket":6,"stat.mineBlock.chisel.basalt2":1,"stat.pickup.minecraft.log":30,"stat.useItem.tombstone.gift":1,"stat.craftItem.minecraft.stone_button":16,"stat.pickup.minecraft.stone":65,"stat.pickup.minecraft.sapling":5,"stat.pickup.minecraft.apple":7,"stat.useItem.minecraft.glass_pane":30,"stat.useItem.minecraft.birch_door":2,"stat.killEntity.Skeleton":1,"stat.craftItem.minecraft.bucket":2,"stat.craftItem.minecraft.planks":116,"stat.useItem.minecraft.iron_sword":54,"stat.pickup.minecraft.bread":2,"stat.mobKills":21,"stat.mineBlock.minecraft.log":30,"stat.pickup.securitycraft.reinforced_stone_button":16,"stat.pickup.minecraft.diamond":12,"stat.mineBlock.minecraft.leaves":58,"stat.pickup.minecraft.torch":8,"stat.pickup.harvestcraft.pearitem":4,"stat.mineBlock.minecraft.redstone_ore":22,"stat.sneakTime":14,"stat.pickup.minecraft.wool":4,"stat.useItem.minecraft.wooden_axe":42,"stat.mineBlock.minecraft.stone":692}