{"stat.useItem.minecraft.bow":2,"stat.useItem.harvestcraft.rhubarbitem":7,"stat.leaveGame":10,"stat.entityKilledBy.techguns.ZombieMiner":4,"stat.pickup.tconstruct.edible":35,"stat.pickup.tombstone.familiar_stone":1,"stat.useItem.minecraft.mutton":9,"stat.mineBlock.minecraft.stained_glass":12,"stat.entityKilledBy.techguns.ZombieFarmer":6,"stat.mineBlock.harvestcraft.beehive":1,"stat.useItem.tombstone.familiar_stone":6,"stat.mineBlock.chisel.factory":14,"stat.pickup.minecraft.porkchop":2,"stat.drop.tconstruct.slime_boots":1,"stat.useItem.harvestcraft.pearitem":4,"stat.craftItem.harvestcraft.royaljellyitem":1,"stat.pickup.tconstruct.slimesling":1,"stat.useItem.minecraft.water_bucket":11,"stat.drop.minecraft.iron_sword":1,"stat.pickup.minecraft.rotten_flesh":12,"stat.pickup.minecraft.sand":33,"stat.craftItem.minecraft.stone_axe":1,"stat.pickup.harvestcraft.sweetpotatoitem":3,"stat.pickup.harvestcraft.wintersquashitem":2,"stat.pickup.minecraft.wooden_hoe":1,"stat.entityKilledBy.techguns.ZombieSoldier":13,"stat.pickup.harvestcraft.radishitem":5,"stat.craftItem.minecraft.iron_shovel":1,"stat.useItem.minecraft.ender_pearl":1,"stat.mineBlock.minecraft.sand":33,"stat.pickup.harvestcraft.scallionitem":2,"stat.pickup.minecraft.mob_spawner":4,"stat.killEntity.techguns.ZombieFarmer":19,"stat.useItem.minecraft.iron_pickaxe":750,"stat.craftItem.minecraft.wooden_pickaxe":2,"stat.useItem.minecraft.iron_shovel":49,"stat.pickup.harvestcraft.rhubarbitem":8,"stat.craftItem.minecraft.birch_door":3,"stat.craftItem.minecraft.bed":2,"stat.craftItem.minecraft.glass_pane":48,"stat.pickup.harvestcraft.onionitem":1,"stat.mineBlock.chisel.marble2":43,"stat.mineBlock.minecraft.hopper":1,"stat.pickup.techguns.basicore":29,"stat.furnaceInteraction":77,"stat.pickup.harvestcraft.cherryitem":9,"stat.mineBlock.botania.flower":2,"stat.useItem.harvestcraft.leekitem":3,"stat.pickup.techguns.lamp0":6,"stat.drop.minecraft.red_flower":1,"stat.pickup.harvestcraft.turnipitem":3,"stat.pickup.minecraft.beef":10,"stat.useItem.minecraft.cooked_mutton":2,"stat.pickup.minecraft.furnace":2,"stat.mineBlock.harvestcraft.windygarden":3,"stat.mineBlock.chisel.technical":1,"stat.craftItem.travelersbackpack.travelers_backpack":2,"stat.pickup.tombstone.magic_scroll":2,"stat.useItem.harvestcraft.blackberryitem":3,"stat.pickup.tconstruct.slime_dirt":6,"stat.craftItem.securitycraft.laser_block":1,"stat.pickup.minecraft.saddle":1,"stat.pickup.securitycraft.universal_block_reinforcer_lvl1":1,"stat.craftItem.minecraft.heavy_weighted_pressure_plate":9,"stat.useItem.minecraft.beef":7,"stat.useItem.harvestcraft.beanitem":2,"stat.deaths":37,"stat.pickup.minecraft.egg":1,"stat.playOneMinute":540943,"stat.craftItem.minecraft.wooden_shovel":1,"stat.pickup.techguns.handcannon":3,"stat.pickup.techguns.t1_miner_helmet":1,"stat.craftItem.minecraft.iron_pickaxe":3,"stat.drop.techguns.handcannon":1,"stat.craftItem.securitycraft.keypad_item":9,"stat.drop.minecraft.torch":13,"stat.drop.minecraft.iron_ingot":26,"stat.pickup.chisel.marble2":43,"stat.craftItem.minecraft.cooked_mutton":2,"stat.mineBlock.minecraft.tallgrass":74,"stat.chestOpened":75,"stat.pickup.harvestcraft.tomatoitem":9,"stat.pickup.botania.mushroom":3,"stat.useItem.minecraft.stone":23,"stat.pickup.minecraft.arrow":5,"stat.pickup.techguns.t1_combat_leggings":1,"stat.drop.harvestcraft.scallionitem":1,"stat.mineBlock.botania.mushroom":3,"stat.craftItem.minecraft.iron_nugget":9,"stat.fallOneCm":74555,"stat.pickup.chisel.basalt2":1,"stat.pickup.minecraft.carrot":2,"stat.crouchOneCm":2303,"stat.drop.minecraft.gold_ore":7,"stat.craftItem.minecraft.diamond":2,"stat.craftItem.minecraft.chest":16,"stat.craftItem.minecraft.iron_ingot":84,"stat.craftItem.minecraft.hopper":2,"stat.craftingTableInteraction":93,"stat.mineBlock.ic2.resource":39,"stat.useItem.chisel.marble2":15,"stat.killEntity.techguns.ZombieMiner":16,"stat.pickup.minecraft.dye":48,"stat.pickup.minecraft.planks":22,"stat.pickup.chisel.limestone2":5,"stat.pickup.minecraft.wheat_seeds":39,"stat.pickup.minecraft.lead":1,"stat.mineBlock.minecraft.gravel":34,"stat.useItem.minecraft.stone_pickaxe":655,"stat.craftItem.minecraft.iron_leggings":2,"stat.useItem.harvestcraft.cherryitem":7,"stat.mineBlock.minecraft.dirt":307,"stat.useItem.minecraft.torch":105,"stat.useItem.minecraft.bread":4,"stat.craftItem.minecraft.redstone_block":1,"stat.useItem.harvestcraft.spiceleafitem":4,"stat.craftItem.minecraft.stone_stairs":80,"stat.pickup.minecraft.crafting_table":3,"stat.mineBlock.techguns.basicore":29,"stat.useItem.minecraft.cobblestone":388,"stat.craftItem.minecraft.crafting_table":5,"stat.mineBlock.minecraft.double_plant":12,"stat.pickup.tconstruct.pickaxe":3,"stat.pickup.techguns.chainsaw":1,"stat.pickup.minecraft.log":49,"stat.useItem.harvestcraft.sweetpotatoitem":2,"stat.craftItem.minecraft.stone_button":56,"stat.useItem.tconstruct.pickaxe":16,"stat.pickup.minecraft.hopper":1,"stat.pickup.minecraft.sapling":8,"stat.pickup.minecraft.apple":22,"stat.useItem.minecraft.glass_pane":30,"stat.useItem.minecraft.birch_door":2,"stat.pickup.minecraft.beetroot":11,"stat.craftItem.minecraft.bucket":2,"stat.craftItem.minecraft.planks":220,"stat.useItem.minecraft.iron_sword":669,"stat.mineBlock.tconstruct.slime_grass":1,"stat.pickup.minecraft.book":21,"stat.useItem.minecraft.stonebrick":3,"stat.mineBlock.minecraft.log":50,"stat.pickup.harvestcraft.juteitem":3,"stat.drop.techguns.t1_combat_helmet":1,"stat.pickup.harvestcraft.pearitem":4,"stat.useItem.minecraft.beetroot_seeds":4,"stat.pickup.minecraft.red_flower":3,"stat.sneakTime":1030,"stat.pickup.harvestcraft.tealeafitem":5,"stat.pickup.minecraft.wool":12,"stat.useItem.minecraft.wooden_axe":42,"stat.useItem.tconstruct.slime_congealed":1,"stat.useItem.minecraft.beetroot":11,"stat.craftItem.tconstruct.slime":5,"stat.pickup.minecraft.bone":8,"stat.horseOneCm":416382,"stat.useItem.harvestcraft.garlicitem":5,"stat.mineBlock.minecraft.cobblestone":48,"stat.craftItem.tconstruct.edible":61,"stat.pickup.minecraft.flint":2,"stat.useItem.techguns.basicore":2,"stat.craftItem.tombstone.grave_key":22,"stat.useItem.harvestcraft.tealeafitem":5,"stat.craftItem.minecraft.wool":2,"stat.useItem.minecraft.diamond_sword":68,"stat.craftItem.tconstruct.slimesling":2,"stat.swimOneCm":102319,"stat.climbOneCm":55611,"stat.drop.minecraft.cobblestone":3,"stat.killEntity.techguns.ZombieSoldier":5,"stat.pickup.techguns.boltaction":1,"stat.useItem.minecraft.dirt":314,"stat.useItem.harvestcraft.tomatoitem":8,"stat.useItem.minecraft.stone_slab2":90,"stat.useItem.minecraft.mob_spawner":1,"stat.pickup.minecraft.bow":2,"stat.pickup.minecraft.iron_boots":1,"stat.useItem.harvestcraft.wintersquashitem":1,"stat.mineBlock.tconstruct.slime_vine_purple_end":1,"stat.craftItem.minecraft.furnace":1,"stat.useItem.minecraft.egg":1,"stat.craftItem.minecraft.iron_boots":2,"stat.craftItem.minecraft.stone_pickaxe":5,"stat.craftItem.minecraft.cooked_beef":3,"stat.pickup.minecraft.cobblestone":1624,"stat.drop.harvestcraft.leekitem":1,"stat.useItem.harvestcraft.juteitem":3,"stat.mineBlock.chisel.limestone2":5,"stat.flyOneCm":1657850,"stat.drop.minecraft.wheat_seeds":1,"stat.useItem.harvestcraft.whitemushroomitem":2,"stat.useItem.harvestcraft.plumitem":6,"stat.useItem.minecraft.cooked_beef":3,"stat.pickup.harvestcraft.leekitem":6,"stat.pickup.minecraft.redstone":140,"stat.mineBlock.minecraft.iron_ore":92,"stat.timeSinceDeath":8100,"stat.pickup.minecraft.mutton":18,"stat.pickup.harvestcraft.soursopitem":6,"stat.killEntity.techguns.SkeletonSoldier":2,"stat.useItem.harvestcraft.soursopitem":6,"stat.craftItem.minecraft.stonebrick":4,"stat.pickup.harvestcraft.whitemushroomitem":2,"stat.pickup.harvestcraft.beanitem":6,"stat.useItem.minecraft.potato":10,"stat.pickup.minecraft.stonebrick":4,"stat.useItem.minecraft.cooked_porkchop":2,"stat.pickup.minecraft.trapdoor":1,"stat.drop.minecraft.beetroot_seeds":16,"stat.mineBlock.minecraft.coal_ore":55,"stat.pickup.techguns.t1_combat_helmet":2,"stat.talkedToVillager":8,"stat.pickup.minecraft.string":9,"stat.entityKilledBy.techguns.PsychoSteve":4,"stat.pickup.tombstone.crafting_ingredient":14,"stat.pickup.techguns.t1_scout_helmet":1,"stat.entityKilledBy.Skeleton":1,"stat.craftItem.tconstruct.slime_boots":3,"stat.craftItem.minecraft.stone_slab2":0,"stat.craftItem.tconstruct.tooltables":2,"stat.sprintOneCm":737368,"stat.craftItem.minecraft.stick":148,"stat.craftItem.minecraft.wooden_axe":1,"stat.pickup.ic2.resource":38,"stat.craftItem.minecraft.stone":105,"stat.mineBlock.minecraft.diamond_ore":24,"stat.pickup.techguns.t1_miner_leggings":2,"stat.useItem.securitycraft.keypad_item":2,"stat.mineBlock.minecraft.crafting_table":3,"stat.useItem.minecraft.diamond_pickaxe":846,"stat.useItem.minecraft.carrot":2,"stat.useItem.minecraft.wheat":23,"stat.useItem.minecraft.wooden_shovel":10,"stat.useItem.harvestcraft.turnipitem":3,"stat.pickup.botania.flower":2,"stat.entityKilledBy.Creeper":1,"stat.pickup.minecraft.spawn_egg":5,"stat.mineBlock.minecraft.planks":6,"stat.drop":78,"stat.pickup.harvestcraft.flaxitem":1,"stat.pickup.minecraft.stone_button":2,"stat.killEntity.Sheep":9,"stat.useItem.harvestcraft.zucchiniitem":4,"stat.useItem.minecraft.ladder":3,"stat.craftItem.minecraft.diamond_pickaxe":1,"stat.killEntity.Zombie":11,"stat.craftItem.minecraft.dye":2,"stat.mineBlock.minecraft.gold_ore":10,"stat.diveOneCm":62364,"stat.craftItem.minecraft.slime_ball":12,"stat.pickup.harvestcraft.garlicitem":8,"stat.pickup.minecraft.wheat":43,"stat.craftItem.minecraft.ladder":33,"stat.mineBlock.minecraft.stone_button":2,"stat.pickup.minecraft.gravel":56,"stat.craftItem.minecraft.cooked_porkchop":2,"stat.useItem.minecraft.apple":19,"stat.pickup.techguns.t1_combat_chestplate":1,"stat.mineBlock.tconstruct.slime_dirt":5,"stat.drop.harvestcraft.royaljellyitem":1,"stat.pickup.harvestcraft.blackberryitem":3,"stat.craftItem.minecraft.diamond_sword":1,"stat.craftItem.travelersbackpack.backpack_tank":2,"stat.jump":5459,"stat.pickup.minecraft.coal":63,"stat.pickup.minecraft.iron_ingot":19,"stat.useItem.minecraft.stone_axe":74,"stat.pickup.minecraft.gunpowder":17,"stat.mineBlock.harvestcraft.shadedgarden":22,"stat.pickup.minecraft.spider_eye":2,"stat.craftItem.minecraft.torch":80,"stat.pickup.minecraft.dirt":359,"stat.useItem.minecraft.stone_button":2,"stat.craftItem.minecraft.iron_helmet":2,"stat.pickup.minecraft.diamond_ore":2,"stat.pickup.minecraft.iron_ore":92,"stat.pickup.tconstruct.slime_congealed":18,"stat.drop.harvestcraft.pawpawitem":1,"stat.pickup.minecraft.gold_ore":12,"stat.entityKilledBy.techguns.SkeletonSoldier":3,"stat.mineBlock.minecraft.lapis_ore":8,"stat.pickup.chisel.technical":1,"stat.mineBlock.minecraft.glass_pane":9,"stat.damageTaken":13054,"stat.pickup.minecraft.leather":20,"stat.useItem.harvestcraft.flaxitem":1,"stat.mineBlock.minecraft.torch":24,"stat.killEntity.tconstruct.blueslime":38,"stat.mineBlock.minecraft.furnace":2,"stat.mineBlock.minecraft.red_flower":2,"stat.useItem.minecraft.wooden_pickaxe":34,"stat.pickup.harvestcraft.pawpawitem":1,"stat.useItem.harvestcraft.radishitem":5,"stat.mineBlock.minecraft.sapling":1,"stat.drop.tconstruct.slimesling":2,"stat.pickup.minecraft.bed":5,"tombstone:undead_killed":58,"stat.useItem.tombstone.grave_key":4,"stat.pickup.minecraft.potato":11,"stat.pickup.tconstruct.materials":2,"stat.mineBlock.techguns.lamp0":6,"stat.pickup.minecraft.stained_glass":10,"stat.damageDealt":15606,"stat.craftItem.minecraft.glass":33,"stat.sleepInBed":21,"stat.killEntity.Cow":5,"stat.mineBlock.harvestcraft.pamspiderweb":2,"stat.killEntity.Pig":1,"stat.craftItem.minecraft.iron_sword":5,"stat.useItem.harvestcraft.onionitem":1,"stat.drop.techguns.itemshared":1,"stat.craftItem.minecraft.stone_slab":48,"stat.craftItem.securitycraft.universal_block_reinforcer_lvl1":1,"stat.pickup.techguns.itemshared":36,"stat.walkOneCm":1371950,"stat.playerKills":4,"stat.useItem.minecraft.chest":5,"stat.pickup.minecraft.diamond_pickaxe":1,"stat.pickup.chisel.factory":13,"stat.useItem.minecraft.lava_bucket":6,"stat.mineBlock.chisel.basalt2":1,"stat.pickup.techguns.t1_combat_boots":1,"stat.useItem.tombstone.gift":2,"stat.pickup.harvestcraft.spiceleafitem":4,"stat.pickup.minecraft.stone":214,"stat.useItem.harvestcraft.scallionitem":1,"stat.craftItem.minecraft.iron_chestplate":2,"stat.pickup.harvestcraft.zucchiniitem":4,"stat.pickup.minecraft.ender_pearl":14,"stat.killEntity.Skeleton":5,"stat.craftItem.travelersbackpack.sleeping_bag_bottom":2,"stat.craftItem.techguns.itemshared":2,"stat.mineBlock.minecraft.stonebrick":4,"stat.pickup.harvestcraft.queenbeeitem":1,"stat.killEntity.Spider":2,"stat.pickup.minecraft.bread":5,"stat.mobKills":123,"stat.mineBlock.minecraft.bookshelf":7,"stat.pickup.harvestcraft.plumitem":6,"stat.pickup.securitycraft.reinforced_stone_button":56,"stat.craftItem.minecraft.lead":4,"stat.pickup.minecraft.water_bucket":4,"stat.pickup.minecraft.diamond":26,"stat.mineBlock.minecraft.leaves":88,"stat.pickup.minecraft.beetroot_seeds":20,"stat.pickup.minecraft.torch":41,"stat.mineBlock.minecraft.redstone_ore":32,"stat.useItem.chisel.factory":4,"stat.mineBlock.minecraft.stone":1865}