{"stat.useItem.minecraft.bow":1,"stat.pickup.minecraft.bone":5,"stat.useItem.harvestcraft.rhubarbitem":6,"stat.useItem.harvestcraft.garlicitem":3,"stat.leaveGame":4,"stat.mineBlock.minecraft.cobblestone":33,"stat.entityKilledBy.techguns.ZombieMiner":1,"stat.craftItem.tombstone.grave_key":1,"stat.useItem.harvestcraft.tealeafitem":4,"stat.pickup.tombstone.familiar_stone":1,"stat.useItem.minecraft.mutton":1,"stat.swimOneCm":44691,"stat.entityKilledBy.techguns.ZombieFarmer":4,"stat.climbOneCm":5072,"stat.useItem.tombstone.familiar_stone":5,"stat.drop.minecraft.cobblestone":3,"stat.pickup.minecraft.porkchop":2,"stat.useItem.harvestcraft.pearitem":4,"stat.useItem.minecraft.dirt":130,"stat.useItem.harvestcraft.tomatoitem":6,"stat.useItem.minecraft.stone_slab2":45,"stat.pickup.minecraft.bow":1,"stat.pickup.minecraft.iron_boots":1,"stat.useItem.minecraft.water_bucket":3,"stat.pickup.minecraft.rotten_flesh":4,"stat.pickup.minecraft.sand":19,"stat.craftItem.minecraft.furnace":1,"stat.craftItem.minecraft.stone_axe":1,"stat.craftItem.minecraft.iron_boots":2,"stat.pickup.harvestcraft.sweetpotatoitem":1,"stat.craftItem.minecraft.stone_pickaxe":5,"stat.pickup.minecraft.cobblestone":828,"stat.pickup.minecraft.wooden_hoe":1,"stat.drop.harvestcraft.leekitem":1,"stat.useItem.harvestcraft.juteitem":2,"stat.mineBlock.chisel.limestone2":5,"stat.entityKilledBy.techguns.ZombieSoldier":2,"stat.flyOneCm":94159,"stat.pickup.harvestcraft.radishitem":3,"stat.mineBlock.minecraft.sand":19,"stat.pickup.harvestcraft.scallionitem":1,"stat.killEntity.techguns.ZombieFarmer":14,"stat.pickup.harvestcraft.leekitem":6,"stat.pickup.minecraft.redstone":96,"stat.mineBlock.minecraft.iron_ore":76,"stat.timeSinceDeath":49723,"stat.useItem.minecraft.iron_pickaxe":500,"stat.craftItem.minecraft.wooden_pickaxe":2,"stat.pickup.minecraft.mutton":7,"stat.pickup.harvestcraft.rhubarbitem":7,"stat.killEntity.techguns.SkeletonSoldier":2,"stat.craftItem.minecraft.birch_door":3,"stat.craftItem.minecraft.bed":1,"stat.craftItem.minecraft.stonebrick":4,"stat.craftItem.minecraft.glass_pane":48,"stat.pickup.harvestcraft.beanitem":5,"stat.mineBlock.chisel.marble2":23,"stat.pickup.techguns.basicore":7,"stat.furnaceInteraction":52,"stat.pickup.harvestcraft.cherryitem":5,"stat.mineBlock.botania.flower":2,"stat.useItem.minecraft.cooked_porkchop":2,"stat.mineBlock.minecraft.coal_ore":40,"stat.useItem.harvestcraft.leekitem":3,"stat.pickup.minecraft.string":4,"stat.pickup.harvestcraft.turnipitem":3,"stat.useItem.minecraft.cooked_mutton":2,"stat.pickup.tombstone.crafting_ingredient":12,"stat.pickup.techguns.t1_scout_helmet":1,"stat.entityKilledBy.Skeleton":1,"stat.craftItem.minecraft.stone_slab2":0,"stat.craftItem.tconstruct.tooltables":1,"stat.sprintOneCm":285167,"stat.craftItem.minecraft.stick":104,"stat.pickup.tombstone.magic_scroll":2,"stat.craftItem.minecraft.wooden_axe":1,"stat.useItem.harvestcraft.blackberryitem":2,"stat.pickup.ic2.resource":31,"stat.craftItem.minecraft.stone":25,"stat.mineBlock.minecraft.diamond_ore":12,"stat.pickup.techguns.t1_miner_leggings":2,"stat.mineBlock.minecraft.crafting_table":1,"stat.useItem.minecraft.wheat":1,"stat.useItem.minecraft.wooden_shovel":10,"stat.useItem.harvestcraft.turnipitem":3,"stat.craftItem.securitycraft.laser_block":1,"stat.craftItem.minecraft.heavy_weighted_pressure_plate":2,"stat.pickup.botania.flower":2,"stat.pickup.minecraft.spawn_egg":3,"stat.useItem.harvestcraft.beanitem":1,"stat.deaths":13,"stat.drop":6,"stat.playOneMinute":226535,"stat.pickup.minecraft.stone_button":2,"stat.craftItem.minecraft.wooden_shovel":1,"stat.pickup.techguns.handcannon":3,"stat.killEntity.Sheep":4,"stat.useItem.harvestcraft.zucchiniitem":4,"stat.useItem.minecraft.ladder":3,"stat.craftItem.minecraft.iron_pickaxe":3,"stat.drop.techguns.handcannon":1,"stat.craftItem.securitycraft.keypad_item":2,"stat.craftItem.minecraft.diamond_pickaxe":1,"stat.killEntity.Zombie":7,"stat.pickup.chisel.marble2":23,"stat.mineBlock.minecraft.gold_ore":5,"stat.craftItem.minecraft.cooked_mutton":2,"stat.mineBlock.minecraft.tallgrass":23,"stat.diveOneCm":20901,"stat.pickup.harvestcraft.garlicitem":4,"stat.pickup.minecraft.wheat":1,"stat.chestOpened":15,"stat.pickup.harvestcraft.tomatoitem":7,"stat.craftItem.minecraft.ladder":21,"stat.pickup.botania.mushroom":2,"stat.useItem.minecraft.stone":2,"stat.mineBlock.minecraft.stone_button":2,"stat.pickup.minecraft.gravel":7,"stat.pickup.minecraft.arrow":2,"stat.craftItem.minecraft.cooked_porkchop":2,"stat.pickup.techguns.t1_combat_leggings":1,"stat.useItem.minecraft.apple":13,"stat.pickup.techguns.t1_combat_chestplate":1,"stat.drop.harvestcraft.scallionitem":1,"stat.mineBlock.botania.mushroom":2,"stat.pickup.harvestcraft.blackberryitem":2,"stat.craftItem.minecraft.iron_nugget":9,"stat.jump":2170,"stat.pickup.minecraft.coal":40,"stat.fallOneCm":42390,"stat.pickup.minecraft.iron_ingot":12,"stat.pickup.chisel.basalt2":1,"stat.useItem.minecraft.stone_axe":74,"stat.pickup.minecraft.gunpowder":7,"stat.crouchOneCm":149,"stat.mineBlock.harvestcraft.shadedgarden":14,"stat.pickup.minecraft.spider_eye":1,"stat.craftItem.minecraft.torch":48,"stat.craftItem.minecraft.chest":4,"stat.craftItem.minecraft.iron_ingot":76,"stat.pickup.minecraft.dirt":147,"stat.useItem.minecraft.stone_button":2,"stat.craftItem.minecraft.iron_helmet":2,"stat.craftingTableInteraction":71,"stat.pickup.minecraft.iron_ore":76,"stat.pickup.minecraft.gold_ore":5,"stat.entityKilledBy.techguns.SkeletonSoldier":2,"stat.mineBlock.minecraft.lapis_ore":8,"stat.mineBlock.ic2.resource":32,"stat.mineBlock.minecraft.glass_pane":2,"stat.useItem.chisel.marble2":15,"stat.damageTaken":4454,"stat.pickup.minecraft.leather":9,"stat.mineBlock.minecraft.torch":8,"stat.killEntity.techguns.ZombieMiner":4,"stat.useItem.minecraft.wooden_pickaxe":34,"stat.useItem.harvestcraft.radishitem":3,"stat.pickup.minecraft.dye":48,"stat.pickup.chisel.limestone2":5,"stat.pickup.minecraft.bed":3,"tombstone:undead_killed":30,"stat.pickup.minecraft.wheat_seeds":10,"stat.mineBlock.minecraft.gravel":6,"stat.useItem.minecraft.stone_pickaxe":655,"stat.craftItem.minecraft.iron_leggings":2,"stat.damageDealt":7626,"stat.craftItem.minecraft.glass":19,"stat.sleepInBed":21,"stat.useItem.harvestcraft.cherryitem":3,"stat.mineBlock.minecraft.dirt":95,"stat.killEntity.Pig":1,"stat.craftItem.minecraft.iron_sword":3,"stat.craftItem.securitycraft.universal_block_reinforcer_lvl1":1,"stat.pickup.techguns.itemshared":10,"stat.walkOneCm":632131,"stat.useItem.minecraft.torch":53,"stat.useItem.minecraft.bread":1,"stat.playerKills":4,"stat.useItem.minecraft.chest":3,"stat.craftItem.minecraft.redstone_block":1,"stat.useItem.harvestcraft.spiceleafitem":4,"stat.pickup.minecraft.crafting_table":1,"stat.mineBlock.techguns.basicore":7,"stat.useItem.minecraft.cobblestone":347,"stat.craftItem.minecraft.crafting_table":1,"stat.mineBlock.minecraft.double_plant":9,"stat.useItem.minecraft.lava_bucket":6,"stat.mineBlock.chisel.basalt2":1,"stat.pickup.minecraft.log":30,"stat.useItem.tombstone.gift":1,"stat.craftItem.minecraft.stone_button":16,"stat.pickup.harvestcraft.spiceleafitem":4,"stat.pickup.minecraft.stone":68,"stat.craftItem.minecraft.iron_chestplate":2,"stat.pickup.harvestcraft.zucchiniitem":4,"stat.pickup.minecraft.sapling":5,"stat.pickup.minecraft.apple":15,"stat.useItem.minecraft.glass_pane":30,"stat.useItem.minecraft.birch_door":2,"stat.killEntity.Skeleton":3,"stat.craftItem.minecraft.bucket":2,"stat.craftItem.minecraft.planks":116,"stat.useItem.minecraft.iron_sword":256,"stat.killEntity.Spider":1,"stat.pickup.minecraft.bread":2,"stat.mobKills":39,"stat.mineBlock.minecraft.log":30,"stat.pickup.securitycraft.reinforced_stone_button":16,"stat.pickup.minecraft.diamond":12,"stat.mineBlock.minecraft.leaves":64,"stat.pickup.harvestcraft.juteitem":2,"stat.pickup.minecraft.torch":8,"stat.pickup.harvestcraft.pearitem":4,"stat.mineBlock.minecraft.redstone_ore":22,"stat.sneakTime":15,"stat.pickup.harvestcraft.tealeafitem":4,"stat.pickup.minecraft.wool":4,"stat.useItem.minecraft.wooden_axe":42,"stat.mineBlock.minecraft.stone":924}