{"stat.useItem.minecraft.bow":1,"stat.pickup.minecraft.bone":5,"stat.useItem.harvestcraft.rhubarbitem":6,"stat.useItem.harvestcraft.garlicitem":3,"stat.leaveGame":5,"stat.mineBlock.minecraft.cobblestone":33,"stat.craftItem.tconstruct.edible":53,"stat.entityKilledBy.techguns.ZombieMiner":1,"stat.craftItem.tombstone.grave_key":3,"stat.useItem.harvestcraft.tealeafitem":4,"stat.pickup.tconstruct.edible":35,"stat.pickup.tombstone.familiar_stone":1,"stat.craftItem.tconstruct.slimesling":1,"stat.useItem.minecraft.mutton":3,"stat.swimOneCm":50839,"stat.entityKilledBy.techguns.ZombieFarmer":4,"stat.climbOneCm":8287,"stat.useItem.tombstone.familiar_stone":6,"stat.drop.minecraft.cobblestone":3,"stat.killEntity.techguns.ZombieSoldier":1,"stat.pickup.minecraft.porkchop":2,"stat.useItem.harvestcraft.pearitem":4,"stat.useItem.minecraft.dirt":292,"stat.useItem.harvestcraft.tomatoitem":6,"stat.useItem.minecraft.stone_slab2":53,"stat.pickup.minecraft.bow":1,"stat.pickup.minecraft.iron_boots":1,"stat.useItem.minecraft.water_bucket":3,"stat.pickup.minecraft.rotten_flesh":5,"stat.mineBlock.tconstruct.slime_vine_purple_end":1,"stat.pickup.minecraft.sand":19,"stat.craftItem.minecraft.furnace":1,"stat.useItem.minecraft.egg":1,"stat.craftItem.minecraft.stone_axe":1,"stat.craftItem.minecraft.iron_boots":2,"stat.pickup.harvestcraft.sweetpotatoitem":1,"stat.craftItem.minecraft.stone_pickaxe":5,"stat.pickup.harvestcraft.wintersquashitem":1,"stat.pickup.minecraft.cobblestone":828,"stat.pickup.minecraft.wooden_hoe":1,"stat.drop.harvestcraft.leekitem":1,"stat.useItem.harvestcraft.juteitem":2,"stat.mineBlock.chisel.limestone2":5,"stat.entityKilledBy.techguns.ZombieSoldier":2,"stat.flyOneCm":419927,"stat.pickup.harvestcraft.radishitem":3,"stat.mineBlock.minecraft.sand":19,"stat.pickup.harvestcraft.scallionitem":1,"stat.killEntity.techguns.ZombieFarmer":14,"stat.pickup.harvestcraft.leekitem":6,"stat.pickup.minecraft.redstone":96,"stat.mineBlock.minecraft.iron_ore":76,"stat.timeSinceDeath":23529,"stat.useItem.minecraft.iron_pickaxe":500,"stat.craftItem.minecraft.wooden_pickaxe":2,"stat.pickup.minecraft.mutton":9,"stat.pickup.harvestcraft.rhubarbitem":7,"stat.killEntity.techguns.SkeletonSoldier":2,"stat.craftItem.minecraft.birch_door":3,"stat.craftItem.minecraft.bed":1,"stat.craftItem.minecraft.stonebrick":4,"stat.craftItem.minecraft.glass_pane":48,"stat.pickup.harvestcraft.beanitem":5,"stat.useItem.minecraft.potato":10,"stat.mineBlock.chisel.marble2":23,"stat.pickup.techguns.basicore":7,"stat.furnaceInteraction":52,"stat.pickup.harvestcraft.cherryitem":5,"stat.mineBlock.botania.flower":2,"stat.useItem.minecraft.cooked_porkchop":2,"stat.drop.minecraft.beetroot_seeds":4,"stat.mineBlock.minecraft.coal_ore":40,"stat.useItem.harvestcraft.leekitem":3,"stat.pickup.techguns.t1_combat_helmet":1,"stat.drop.minecraft.red_flower":1,"stat.pickup.minecraft.string":8,"stat.pickup.harvestcraft.turnipitem":3,"stat.entityKilledBy.techguns.PsychoSteve":1,"stat.useItem.minecraft.cooked_mutton":2,"stat.pickup.tombstone.crafting_ingredient":12,"stat.pickup.techguns.t1_scout_helmet":1,"stat.entityKilledBy.Skeleton":1,"stat.craftItem.tconstruct.slime_boots":2,"stat.craftItem.minecraft.stone_slab2":0,"stat.mineBlock.harvestcraft.windygarden":1,"stat.craftItem.tconstruct.tooltables":1,"stat.sprintOneCm":424329,"stat.craftItem.minecraft.stick":104,"stat.pickup.tombstone.magic_scroll":2,"stat.craftItem.minecraft.wooden_axe":1,"stat.useItem.harvestcraft.blackberryitem":2,"stat.pickup.ic2.resource":31,"stat.craftItem.minecraft.stone":25,"stat.mineBlock.minecraft.diamond_ore":12,"stat.pickup.techguns.t1_miner_leggings":2,"stat.mineBlock.minecraft.crafting_table":1,"stat.pickup.tconstruct.slime_dirt":6,"stat.useItem.minecraft.carrot":2,"stat.useItem.minecraft.wheat":1,"stat.useItem.minecraft.wooden_shovel":10,"stat.useItem.harvestcraft.turnipitem":3,"stat.craftItem.securitycraft.laser_block":1,"stat.craftItem.minecraft.heavy_weighted_pressure_plate":2,"stat.pickup.botania.flower":2,"stat.pickup.minecraft.spawn_egg":4,"stat.useItem.harvestcraft.beanitem":1,"stat.deaths":15,"stat.drop":11,"stat.pickup.minecraft.egg":1,"stat.playOneMinute":276873,"stat.pickup.minecraft.stone_button":2,"stat.craftItem.minecraft.wooden_shovel":1,"stat.pickup.techguns.handcannon":3,"stat.killEntity.Sheep":4,"stat.useItem.harvestcraft.zucchiniitem":4,"stat.useItem.minecraft.ladder":3,"stat.craftItem.minecraft.iron_pickaxe":3,"stat.drop.techguns.handcannon":1,"stat.craftItem.securitycraft.keypad_item":2,"stat.craftItem.minecraft.diamond_pickaxe":1,"stat.killEntity.Zombie":7,"stat.pickup.chisel.marble2":23,"stat.mineBlock.minecraft.gold_ore":5,"stat.craftItem.minecraft.cooked_mutton":2,"stat.mineBlock.minecraft.tallgrass":57,"stat.diveOneCm":28211,"stat.craftItem.minecraft.slime_ball":8,"stat.pickup.harvestcraft.garlicitem":4,"stat.pickup.minecraft.wheat":7,"stat.chestOpened":19,"stat.pickup.harvestcraft.tomatoitem":7,"stat.craftItem.minecraft.ladder":21,"stat.pickup.botania.mushroom":2,"stat.useItem.minecraft.stone":2,"stat.mineBlock.minecraft.stone_button":2,"stat.pickup.minecraft.gravel":7,"stat.pickup.minecraft.arrow":2,"stat.craftItem.minecraft.cooked_porkchop":2,"stat.pickup.techguns.t1_combat_leggings":1,"stat.useItem.minecraft.apple":13,"stat.pickup.techguns.t1_combat_chestplate":1,"stat.mineBlock.tconstruct.slime_dirt":5,"stat.drop.harvestcraft.scallionitem":1,"stat.mineBlock.botania.mushroom":2,"stat.pickup.harvestcraft.blackberryitem":2,"stat.craftItem.minecraft.iron_nugget":9,"stat.jump":3544,"stat.pickup.minecraft.coal":41,"stat.fallOneCm":62361,"stat.pickup.minecraft.iron_ingot":12,"stat.pickup.chisel.basalt2":1,"stat.pickup.minecraft.carrot":2,"stat.useItem.minecraft.stone_axe":74,"stat.pickup.minecraft.gunpowder":9,"stat.crouchOneCm":149,"stat.mineBlock.harvestcraft.shadedgarden":14,"stat.pickup.minecraft.spider_eye":1,"stat.craftItem.minecraft.torch":48,"stat.craftItem.minecraft.chest":4,"stat.craftItem.minecraft.iron_ingot":76,"stat.pickup.minecraft.dirt":316,"stat.useItem.minecraft.stone_button":2,"stat.craftItem.minecraft.iron_helmet":2,"stat.craftingTableInteraction":78,"stat.pickup.minecraft.iron_ore":76,"stat.pickup.tconstruct.slime_congealed":17,"stat.pickup.minecraft.gold_ore":5,"stat.entityKilledBy.techguns.SkeletonSoldier":2,"stat.mineBlock.minecraft.lapis_ore":8,"stat.mineBlock.ic2.resource":32,"stat.mineBlock.minecraft.glass_pane":3,"stat.useItem.chisel.marble2":15,"stat.damageTaken":6139,"stat.pickup.minecraft.leather":9,"stat.mineBlock.minecraft.torch":8,"stat.killEntity.techguns.ZombieMiner":4,"stat.killEntity.tconstruct.blueslime":38,"stat.useItem.minecraft.wooden_pickaxe":34,"stat.useItem.harvestcraft.radishitem":3,"stat.pickup.minecraft.dye":48,"stat.pickup.chisel.limestone2":5,"stat.pickup.minecraft.bed":3,"tombstone:undead_killed":31,"stat.useItem.tombstone.grave_key":1,"stat.pickup.minecraft.wheat_seeds":15,"stat.pickup.minecraft.potato":11,"stat.mineBlock.minecraft.gravel":6,"stat.useItem.minecraft.stone_pickaxe":655,"stat.craftItem.minecraft.iron_leggings":2,"stat.damageDealt":8956,"stat.craftItem.minecraft.glass":19,"stat.sleepInBed":21,"stat.useItem.harvestcraft.cherryitem":3,"stat.mineBlock.minecraft.dirt":264,"stat.mineBlock.harvestcraft.pamspiderweb":2,"stat.killEntity.Pig":1,"stat.craftItem.minecraft.iron_sword":5,"stat.craftItem.securitycraft.universal_block_reinforcer_lvl1":1,"stat.pickup.techguns.itemshared":10,"stat.walkOneCm":745681,"stat.useItem.minecraft.torch":53,"stat.useItem.minecraft.bread":1,"stat.playerKills":4,"stat.useItem.minecraft.chest":3,"stat.craftItem.minecraft.redstone_block":1,"stat.useItem.harvestcraft.spiceleafitem":4,"stat.pickup.minecraft.crafting_table":1,"stat.mineBlock.techguns.basicore":7,"stat.useItem.minecraft.cobblestone":347,"stat.craftItem.minecraft.crafting_table":4,"stat.mineBlock.minecraft.double_plant":12,"stat.useItem.minecraft.lava_bucket":6,"stat.mineBlock.chisel.basalt2":1,"stat.pickup.minecraft.log":33,"stat.useItem.harvestcraft.sweetpotatoitem":1,"stat.useItem.tombstone.gift":1,"stat.craftItem.minecraft.stone_button":16,"stat.pickup.harvestcraft.spiceleafitem":4,"stat.pickup.minecraft.stone":68,"stat.craftItem.minecraft.iron_chestplate":2,"stat.pickup.harvestcraft.zucchiniitem":4,"stat.pickup.minecraft.sapling":5,"stat.pickup.minecraft.apple":15,"stat.useItem.minecraft.glass_pane":30,"stat.useItem.minecraft.birch_door":2,"stat.killEntity.Skeleton":3,"stat.pickup.minecraft.beetroot":5,"stat.craftItem.minecraft.bucket":2,"stat.craftItem.minecraft.planks":128,"stat.useItem.minecraft.iron_sword":378,"stat.mineBlock.tconstruct.slime_grass":1,"stat.killEntity.Spider":1,"stat.pickup.minecraft.bread":2,"stat.mobKills":83,"stat.mineBlock.minecraft.log":33,"stat.pickup.securitycraft.reinforced_stone_button":16,"stat.pickup.minecraft.diamond":12,"stat.mineBlock.minecraft.leaves":64,"stat.pickup.minecraft.beetroot_seeds":8,"stat.pickup.harvestcraft.juteitem":2,"stat.pickup.minecraft.torch":8,"stat.pickup.harvestcraft.pearitem":4,"stat.useItem.minecraft.beetroot_seeds":4,"stat.pickup.minecraft.red_flower":1,"stat.mineBlock.minecraft.redstone_ore":22,"stat.sneakTime":17,"stat.pickup.harvestcraft.tealeafitem":4,"stat.pickup.minecraft.wool":6,"stat.useItem.minecraft.wooden_axe":42,"stat.mineBlock.minecraft.stone":924,"stat.useItem.minecraft.beetroot":5,"stat.craftItem.tconstruct.slime":5}