{"stats":{"minecraft:used":{"zombie_extreme:pill_anti_hunger":1},"minecraft:picked_up":{"minecraft:hay_block":21},"minecraft:mined":{"minecraft:hay_block":21},"minecraft:custom":{"minecraft:jump":205,"minecraft:time_since_rest":6572,"minecraft:waystone_activated":1,"minecraft:crouch_one_cm":136,"minecraft:play_one_minute":6572,"minecraft:sprint_one_cm":30183,"minecraft:damage_taken":50,"minecraft:time_since_death":6572,"minecraft:walk_one_cm":11785,"minecraft:sneak_time":71,"minecraft:climb_one_cm":712,"minecraft:fall_one_cm":6631,"minecraft:fly_one_cm":62632,"minecraft:open_chest":16}},"DataVersion":2586}