{"stats":{"minecraft:crafted":{"minecraft:crafting_table":1,"minecraft:stick":8,"minecraft:wooden_pickaxe":1,"minecraft:stone_pickaxe":1,"minecraft:acacia_planks":20,"minecraft:stone_axe":1},"minecraft:dropped":{"minecraft:brick_stairs":1,"immersiveengineering:seed":1},"minecraft:used":{"minecraft:stone_pickaxe":12,"minecraft:wooden_pickaxe":7,"minecraft:stone_axe":1,"minecraft:crafting_table":1,"zombie_extreme:pill_anti_hunger":1},"minecraft:picked_up":{"minecraft:crafting_table":1,"minecraft:acacia_log":5,"minecraft:sand":6,"immersiveengineering:seed":1,"minecraft:hay_block":21,"minecraft:iron_ore":6,"minecraft:brick_stairs":1,"minecraft:cobblestone":6},"minecraft:mined":{"minecraft:hay_block":21,"minecraft:acacia_leaves":1,"minecraft:glass_pane":2,"minecraft:iron_ore":6,"minecraft:birch_leaves":1,"minecraft:crafting_table":1,"minecraft:grass":1,"minecraft:acacia_log":5,"minecraft:brick_stairs":1,"minecraft:sand":6,"minecraft:glass":2,"minecraft:stone":6},"minecraft:custom":{"minecraft:time_since_rest":18572,"minecraft:waystone_activated":1,"minecraft:sprint_one_cm":91202,"minecraft:damage_taken":350,"minecraft:walk_one_cm":30701,"minecraft:drop":2,"minecraft:interact_with_crafting_table":5,"minecraft:fly_one_cm":189222,"minecraft:open_barrel":9,"minecraft:open_chest":34,"minecraft:crouch_one_cm":267,"minecraft:play_one_minute":18572,"minecraft:sneak_time":237,"minecraft:walk_under_water_one_cm":109,"minecraft:jump":679,"minecraft:walk_on_water_one_cm":633,"minecraft:time_since_death":18572,"minecraft:climb_one_cm":712,"minecraft:fall_one_cm":27796}},"DataVersion":2586}