{"stats":{"minecraft:crafted":{"minecraft:red_dye":8,"minecraft:oak_planks":12,"mahoutsukai:guidebook":1,"minecraft:crafting_table":2,"minecraft:wooden_pickaxe":1,"minecraft:birch_planks":20,"minecraft:stick":8,"minecraft:stone_pickaxe":1,"minecraft:stone_sword":1},"minecraft:killed_by":{"zombie_extreme:infected_military":2},"minecraft:dropped":{"minecraft:iron_sword":1,"minecraft:wheat_seeds":2,"mysticalworld:aubergine_seeds":4,"minecraft:cobblestone":4,"minecraft:rotten_flesh":3,"minecraft:oak_planks":1,"minecraft:flint":1,"minecraft:filled_map":1,"minecraft:poppy":4,"minecraft:rose_bush":1,"minecraft:leather_leggings":1},"minecraft:used":{"minecraft:water_bucket":3,"minecraft:stone_sword":4,"minecraft:stone_pickaxe":58,"minecraft:oak_planks":9,"minecraft:wooden_pickaxe":8,"minecraft:iron_sword":1,"zombie_extreme:dead_body":1,"minecraft:crafting_table":2,"minecraft:cod":2,"pamhc2crops:whitemushroomitem":2,"pamhc2crops:blackberryitem":1,"minecraft:cobblestone":6,"pamhc2crops:scallionitem":2,"minecraft:bucket":3,"minecraft:andesite":1,"tombstone:gift":2},"minecraft:custom":{"minecraft:interact_with_crafting_table":3,"minecraft:open_barrel":7,"minecraft:play_one_minute":46562,"minecraft:leave_game":5,"minecraft:time_since_death":40632,"minecraft:climb_one_cm":4060,"minecraft:time_since_rest":39887,"minecraft:waystone_activated":1,"minecraft:sprint_one_cm":206431,"minecraft:damage_taken":875,"minecraft:walk_one_cm":84308,"minecraft:drop":14,"minecraft:damage_dealt":112,"minecraft:fly_one_cm":286859,"minecraft:open_chest":34,"minecraft:crouch_one_cm":2820,"minecraft:deaths":4,"minecraft:sneak_time":2369,"minecraft:walk_under_water_one_cm":2658,"minecraft:jump":1044,"minecraft:walk_on_water_one_cm":9379,"minecraft:fall_one_cm":35566},"minecraft:picked_up":{"minecraft:birch_log":5,"zombie_extreme:frying_pan":1,"minecraft:andesite":1,"minecraft:leather":1,"pamhc2crops:barleyitem":1,"minecraft:oak_log":3,"minecraft:dirt":1,"minecraft:paper":1,"zombie_extreme:dead_body":4,"ars_nouveau:mana_gem":13,"minecraft:wheat_seeds":3,"pamhc2crops:turnipitem":1,"zombie_extreme:barbed_fence":11,"minecraft:rose_bush":4,"pamhc2crops:blackberryitem":1,"minecraft:poppy":4,"zombie_extreme:cloth":2,"minecraft:book":1,"minecraft:stick":3,"tconstruct:copper_ore":1,"minecraft:bowl":2,"pamhc2crops:whitemushroomitem":1,"zombie_extreme:soda":2,"minecraft:rotten_flesh":7,"immersiveengineering:seed":1,"mysticalworld:aubergine_seeds":4,"pamhc2crops:peanutitem":1,"pamhc2crops:scallionitem":1,"minecraft:coal":10,"minecraft:cobblestone":15},"minecraft:mined":{"tconstruct:copper_ore":1,"minecraft:glass_pane":4,"pamhc2crops:windygarden":3,"minecraft:grass_block":1,"minecraft:poppy":4,"minecraft:rose_bush":5,"zombie_extreme:barbed_fence":11,"zombie_extreme:dead_body":4,"pamhc2crops:shadedgarden":5,"minecraft:bricks":7,"minecraft:birch_log":5,"zombie_extreme:decomposing_backpack":2,"minecraft:birch_leaves":2,"minecraft:andesite":1,"zombie_extreme:wire":2,"minecraft:smooth_stone_slab":1,"minecraft:grass":2,"minecraft:oak_log":3,"minecraft:coal_ore":10,"minecraft:gravel":1,"ars_nouveau:arcane_ore":13,"minecraft:stone":15,"minecraft:oak_leaves":4}},"DataVersion":2586}