{"stats":{"minecraft:crafted":{"minecraft:oak_planks":8,"minecraft:birch_planks":20,"minecraft:crafting_table":2,"minecraft:stick":8,"minecraft:stone_sword":1,"minecraft:stone_pickaxe":1,"minecraft:wooden_pickaxe":1},"minecraft:killed_by":{"zombie_extreme:infected_military":2},"minecraft:dropped":{"minecraft:rotten_flesh":3,"minecraft:rose_bush":1},"minecraft:used":{"minecraft:crafting_table":2,"minecraft:oak_planks":6,"tombstone:gift":2,"minecraft:wooden_pickaxe":8},"minecraft:picked_up":{"minecraft:rotten_flesh":2,"mysticalworld:aubergine_seeds":1,"minecraft:oak_log":2,"minecraft:cobblestone":8,"minecraft:birch_log":5},"minecraft:mined":{"minecraft:grass":1,"minecraft:oak_log":2,"minecraft:rose_bush":1,"minecraft:birch_log":5,"minecraft:stone":8,"minecraft:birch_leaves":2,"minecraft:oak_leaves":4},"minecraft:custom":{"minecraft:open_barrel":1,"minecraft:time_since_rest":3887,"minecraft:open_chest":5,"minecraft:waystone_activated":1,"minecraft:play_one_minute":10562,"minecraft:crouch_one_cm":445,"minecraft:sprint_one_cm":30014,"minecraft:walk_one_cm":16357,"minecraft:damage_taken":555,"minecraft:deaths":4,"minecraft:sneak_time":505,"minecraft:drop":4,"minecraft:jump":153,"minecraft:damage_dealt":77,"minecraft:leave_game":5,"minecraft:time_since_death":4632,"minecraft:climb_one_cm":1042,"minecraft:interact_with_crafting_table":2,"minecraft:fall_one_cm":3746,"minecraft:fly_one_cm":38344}},"DataVersion":2586}