{"stats":{"minecraft:crafted":{"minecraft:brick":2,"minecraft:oak_planks":24,"mahoutsukai:guidebook":1,"mahoutsukai:mortar":1,"mahoutsukai:dagger":1,"minecraft:iron_axe":1,"minecraft:ladder":3,"minecraft:stone_pickaxe":1,"mahoutsukai:powdered_gold":2,"minecraft:red_dye":18,"minecraft:crafting_table":3,"mahoutsukai:mortar_and_pestle":1,"minecraft:wooden_pickaxe":1,"mahoutsukai:pestle":1,"minecraft:birch_planks":20,"minecraft:air":0,"mahoutsukai:spell_cloth":16,"minecraft:blue_dye":7,"minecraft:white_wool":4,"minecraft:purple_dye":14,"mahoutsukai:powdered_diamond":2,"minecraft:stick":20,"minecraft:iron_pickaxe":1,"minecraft:stone_sword":1},"minecraft:killed_by":{"minecraft:player":1,"zombie_extreme:infected_military":2},"minecraft:killed":{"ars_nouveau:sylph":3,"zombie_extreme:runner":1,"mysticalworld:beetle":3,"minecraft:sheep":1},"minecraft:dropped":{"zombie_extreme:fireaxe":2,"minecraft:iron_sword":2,"zombie_extreme:bear_trap":1,"minecraft:wheat_seeds":3,"mysticalworld:aubergine_seeds":4,"minecraft:cobblestone":4,"zombie_extreme:green_apple":2,"minecraft:cod":4,"minecraft:stick":1,"zombie_extreme:rotten_apple":5,"minecraft:flint":1,"mysticalworld:stonepetal":1,"minecraft:rose_bush":1,"minecraft:oak_stairs":1,"minecraft:paper":7,"minecraft:string":1,"minecraft:acacia_planks":1,"minecraft:bone":1,"zombie_extreme:canned_stew":1,"minecraft:bricks":9,"zombie_extreme:chips":1,"minecraft:coarse_dirt":1,"mysticalworld:charred_log":1,"minecraft:bowl":2,"minecraft:rotten_flesh":4,"minecraft:oak_planks":1,"minecraft:light_gray_concrete":2,"minecraft:filled_map":1,"minecraft:poppy":4,"zombie_extreme:decomposing_backpack":2,"minecraft:peony":3,"pamhc2crops:peanutitem":1,"zombie_extreme:butcher_knife":1,"minecraft:leather_leggings":1,"mapperbase:raw_bitumen":5,"zombie_extreme:soda":1,"immersiveengineering:seed":1,"minecraft:cyan_bed":1,"minecraft:brown_concrete":1},"minecraft:used":{"mahoutsukai:spell_cloth":1,"zombie_extreme:butcher_knife":2,"minecraft:stone_sword":4,"minecraft:ladder":3,"minecraft:iron_sword":52,"zombie_extreme:dead_body":1,"minecraft:dirt":6,"ars_nouveau:red_archwood_log":1,"pamhc2crops:whitemushroomitem":2,"minecraft:iron_axe":5,"embellishcraft:basalt_cobblestone":2,"zombie_extreme:bear_trap":1,"pamhc2crops:scallionitem":2,"tombstone:gift":3,"minecraft:water_bucket":6,"zombie_extreme:fireaxe":5,"minecraft:stone_pickaxe":59,"minecraft:oak_planks":13,"minecraft:wooden_pickaxe":8,"minecraft:crafting_table":3,"minecraft:cod":2,"minecraft:iron_pickaxe":281,"pamhc2crops:blackberryitem":1,"minecraft:cobblestone":23,"minecraft:andesite":1,"minecraft:bucket":6,"minecraft:coarse_dirt":5},"minecraft:custom":{"minecraft:mob_kills":8,"minecraft:interact_with_crafting_table":8,"minecraft:open_barrel":16,"minecraft:leave_game":5,"minecraft:time_since_death":17958,"minecraft:climb_one_cm":12072,"minecraft:sprint_one_cm":564999,"minecraft:walk_one_cm":268757,"minecraft:drop":57,"minecraft:deaths":5,"minecraft:sneak_time":5519,"minecraft:walk_under_water_one_cm":4535,"minecraft:jump":3169,"minecraft:walk_on_water_one_cm":26619,"minecraft:interact_with_furnace":2,"minecraft:play_one_minute":136562,"minecraft:time_since_rest":17088,"minecraft:waystone_activated":2,"minecraft:damage_taken":1961,"minecraft:damage_dealt":949,"minecraft:fly_one_cm":797977,"minecraft:open_chest":102,"minecraft:crouch_one_cm":8321,"minecraft:fall_one_cm":104730},"minecraft:mined":{"minecraft:diamond_ore":6,"minecraft:brown_concrete":3,"minecraft:mossy_cobblestone":1,"mapperbase:bitumen_ore":1,"minecraft:granite":12,"minecraft:grass_block":5,"zombie_extreme:dead_body":5,"minecraft:spruce_leaves":8,"mysticalworld:silver_ore":3,"minecraft:redstone_ore":3,"mekanism:copper_ore":1,"minecraft:iron_ore":47,"zombie_extreme:decomposing_backpack":3,"zombie_extreme:ore_steel":3,"minecraft:andesite":7,"mysticalworld:quicksilver_ore":2,"zombie_extreme:wire":2,"minecraft:peony":3,"embellishcraft:basalt":30,"ars_nouveau:red_archwood_log":5,"minecraft:oak_stairs":1,"minecraft:iron_bars":1,"minecraft:light_gray_concrete":3,"mysticalworld:stonepetal":1,"minecraft:stone":120,"tconstruct:copper_ore":1,"mekanism:osmium_ore":2,"minecraft:glass_pane":14,"pamhc2crops:windygarden":3,"ars_nouveau:light_block":2,"zombie_extreme:bear_trap":1,"ars_nouveau:mana_berry_bush":1,"minecraft:clay":1,"minecraft:poppy":13,"minecraft:rose_bush":5,"zombie_extreme:barbed_fence":24,"minecraft:cyan_bed":1,"pamhc2crops:shadedgarden":5,"minecraft:bricks":12,"minecraft:diorite":3,"ars_nouveau:blue_archwood_leaves":1,"minecraft:skeleton_skull":1,"minecraft:chain":1,"mekanism:uranium_ore":2,"minecraft:coarse_dirt":6,"mekanism:fluorite_ore":6,"minecraft:birch_log":5,"zombie_extreme:ore_ruby":1,"minecraft:birch_leaves":2,"mysticalworld:charred_log":1,"minecraft:smooth_stone_slab":1,"minecraft:grass":3,"minecraft:coal_ore":10,"minecraft:oak_log":6,"mekanism:lead_ore":4,"minecraft:gravel":1,"minecraft:dirt":3,"minecraft:cobweb":19,"ars_nouveau:arcane_ore":13,"minecraft:gold_ore":8,"minecraft:oak_leaves":10,"minecraft:fern":1},"minecraft:picked_up":{"ars_nouveau:red_archwood_log":5,"minecraft:coarse_dirt":6,"minecraft:clay_ball":4,"zombie_extreme:bear_trap":3,"minecraft:oak_stairs":1,"mysticalworld:carapace":1,"zombie_extreme:decomposing_backpack":2,"minecraft:string":18,"mahoutsukai:scroll_mystic_staff":1,"ars_nouveau:mana_gem":13,"mapperbase:raw_bitumen":5,"minecraft:rose_bush":4,"minecraft:poppy":14,"mekanism:copper_ore":1,"minecraft:light_gray_wool":1,"zombie_extreme:ruby":1,"minecraft:stick":4,"minecraft:bowl":2,"zombie_extreme:dog_food":1,"minecraft:white_dye":2,"minecraft:diorite":3,"pamhc2crops:whitemushroomitem":1,"minecraft:redstone":14,"zombie_extreme:soda":2,"minecraft:rotten_flesh":8,"minecraft:peony":3,"mysticalworld:aubergine_seeds":4,"pamhc2crops:peanutitem":1,"zombie_extreme:rotten_apple":5,"mekanism:lead_ore":4,"minecraft:mutton":2,"pamhc2crops:scallionitem":1,"minecraft:skeleton_skull":1,"minecraft:cobblestone":116,"minecraft:birch_log":5,"zombie_extreme:frying_pan":1,"zombie_extreme:fireaxe":1,"minecraft:andesite":7,"minecraft:leather":1,"pamhc2crops:barleyitem":1,"minecraft:oak_log":6,"minecraft:brown_concrete":1,"zombie_extreme:raw_steel":3,"minecraft:paper":10,"minecraft:dirt":8,"minecraft:lantern":1,"zombie_extreme:dead_body":5,"minecraft:bone":1,"mysticalworld:stonepetal":1,"minecraft:wheat_seeds":4,"pamhc2crops:turnipitem":1,"zombie_extreme:barbed_fence":24,"minecraft:iron_ore":47,"pamhc2crops:blackberryitem":1,"zombie_extreme:cloth":3,"mekanism:osmium_ore":2,"minecraft:iron_sword":1,"embellishcraft:basalt_cobblestone":30,"minecraft:book":1,"tconstruct:copper_ore":1,"mysticalworld:silver_ore":2,"minecraft:spruce_sapling":1,"minecraft:cyan_bed":1,"minecraft:gold_ore":8,"mysticalworld:quicksilver_ore":2,"minecraft:light_gray_concrete":2,"mekanism:uranium_ore":2,"minecraft:diamond":6,"immersiveengineering:seed":2,"mekanism:fluorite_gem":16,"minecraft:granite":12,"minecraft:coal":10,"minecraft:bricks":9,"mysticalworld:charred_log":1}},"DataVersion":2586}