{"stats":{"minecraft:crafted":{"minecraft:red_dye":8,"minecraft:oak_planks":12,"mahoutsukai:guidebook":1,"minecraft:crafting_table":2,"minecraft:wooden_pickaxe":1,"minecraft:birch_planks":20,"minecraft:stick":8,"minecraft:stone_pickaxe":1,"minecraft:stone_sword":1},"minecraft:killed_by":{"zombie_extreme:infected_military":2},"minecraft:dropped":{"zombie_extreme:fireaxe":2,"minecraft:bricks":9,"minecraft:iron_sword":1,"zombie_extreme:bear_trap":1,"minecraft:wheat_seeds":2,"mysticalworld:aubergine_seeds":4,"zombie_extreme:chips":1,"minecraft:bowl":2,"minecraft:cobblestone":4,"minecraft:rotten_flesh":4,"minecraft:oak_planks":1,"minecraft:light_gray_concrete":2,"zombie_extreme:green_apple":2,"minecraft:cod":4,"zombie_extreme:rotten_apple":3,"minecraft:stick":1,"minecraft:flint":1,"minecraft:filled_map":1,"minecraft:poppy":4,"minecraft:peony":3,"minecraft:rose_bush":1,"zombie_extreme:butcher_knife":1,"pamhc2crops:peanutitem":1,"minecraft:leather_leggings":1,"minecraft:string":1,"zombie_extreme:soda":1,"minecraft:brown_concrete":1,"minecraft:bone":1},"minecraft:used":{"minecraft:water_bucket":4,"minecraft:stone_sword":4,"minecraft:stone_pickaxe":59,"minecraft:oak_planks":9,"minecraft:wooden_pickaxe":8,"minecraft:iron_sword":13,"zombie_extreme:dead_body":1,"minecraft:crafting_table":2,"minecraft:cod":2,"pamhc2crops:whitemushroomitem":2,"minecraft:iron_pickaxe":27,"pamhc2crops:blackberryitem":1,"zombie_extreme:bear_trap":1,"minecraft:cobblestone":6,"pamhc2crops:scallionitem":2,"minecraft:bucket":4,"minecraft:andesite":1,"tombstone:gift":2},"minecraft:custom":{"minecraft:interact_with_crafting_table":3,"minecraft:open_barrel":15,"minecraft:play_one_minute":70562,"minecraft:leave_game":5,"minecraft:time_since_death":64632,"minecraft:climb_one_cm":6952,"minecraft:time_since_rest":63887,"minecraft:waystone_activated":1,"minecraft:sprint_one_cm":325776,"minecraft:damage_taken":1195,"minecraft:walk_one_cm":154401,"minecraft:drop":38,"minecraft:damage_dealt":112,"minecraft:fly_one_cm":362954,"minecraft:open_chest":58,"minecraft:crouch_one_cm":5370,"minecraft:deaths":4,"minecraft:sneak_time":3759,"minecraft:walk_under_water_one_cm":2705,"minecraft:jump":1486,"minecraft:walk_on_water_one_cm":10057,"minecraft:fall_one_cm":49676},"minecraft:picked_up":{"minecraft:birch_log":5,"zombie_extreme:frying_pan":1,"zombie_extreme:fireaxe":1,"zombie_extreme:bear_trap":3,"minecraft:andesite":1,"minecraft:leather":1,"pamhc2crops:barleyitem":1,"minecraft:brown_concrete":1,"minecraft:oak_log":3,"zombie_extreme:decomposing_backpack":2,"minecraft:string":2,"minecraft:dirt":1,"minecraft:paper":3,"zombie_extreme:dead_body":5,"ars_nouveau:mana_gem":13,"minecraft:bone":1,"mapperbase:raw_bitumen":5,"minecraft:wheat_seeds":3,"pamhc2crops:turnipitem":1,"zombie_extreme:barbed_fence":24,"minecraft:rose_bush":4,"pamhc2crops:blackberryitem":1,"minecraft:poppy":4,"zombie_extreme:cloth":3,"minecraft:book":1,"minecraft:stick":4,"tconstruct:copper_ore":1,"minecraft:bowl":2,"zombie_extreme:dog_food":1,"minecraft:spruce_sapling":1,"pamhc2crops:whitemushroomitem":1,"minecraft:cyan_bed":1,"zombie_extreme:soda":2,"minecraft:light_gray_concrete":2,"minecraft:rotten_flesh":8,"immersiveengineering:seed":1,"minecraft:peony":3,"mysticalworld:aubergine_seeds":4,"pamhc2crops:peanutitem":1,"zombie_extreme:rotten_apple":3,"minecraft:bricks":9,"pamhc2crops:scallionitem":1,"minecraft:coal":10,"minecraft:cobblestone":15},"minecraft:mined":{"tconstruct:copper_ore":1,"minecraft:brown_concrete":1,"minecraft:glass_pane":10,"pamhc2crops:windygarden":3,"mapperbase:bitumen_ore":1,"zombie_extreme:bear_trap":1,"minecraft:grass_block":1,"minecraft:poppy":4,"minecraft:rose_bush":5,"zombie_extreme:barbed_fence":24,"zombie_extreme:dead_body":5,"minecraft:spruce_leaves":8,"minecraft:cyan_bed":1,"pamhc2crops:shadedgarden":5,"minecraft:bricks":11,"minecraft:birch_log":5,"zombie_extreme:decomposing_backpack":3,"minecraft:birch_leaves":2,"minecraft:andesite":1,"minecraft:peony":3,"zombie_extreme:wire":2,"minecraft:smooth_stone_slab":1,"minecraft:grass":2,"minecraft:oak_log":3,"minecraft:coal_ore":10,"minecraft:light_gray_concrete":2,"minecraft:gravel":1,"minecraft:cobweb":2,"ars_nouveau:arcane_ore":13,"minecraft:stone":15,"minecraft:oak_leaves":4}},"DataVersion":2586}