{"stats":{"minecraft:mined":{"minecraft:acacia_leaves":1,"minecraft:stone_pressure_plate":1,"minecraft:glass_pane":4,"pamhc2crops:windygarden":1,"minecraft:orange_terracotta":2,"minecraft:crafting_table":1,"minecraft:acacia_log":5,"minecraft:brick_stairs":1,"zombie_extreme:barbed_fence":18,"minecraft:glass":3,"minecraft:bricks":2,"minecraft:sandstone":2,"minecraft:hay_block":21,"minecraft:iron_ore":6,"minecraft:birch_leaves":1,"minecraft:grass":3,"minecraft:sand":6,"minecraft:stone_bricks":2,"minecraft:stone":6},"minecraft:dropped":{"minecraft:bricks":1,"minecraft:wheat_seeds":1,"mysticalworld:aubergine_seeds":1,"minecraft:cobblestone_wall":6,"minecraft:spruce_stairs":1,"minecraft:stick":2,"minecraft:brick_stairs":1,"tconstruct:materials_and_you":1,"minecraft:spruce_planks":1,"minecraft:spruce_slab":1,"apotheosis:armor_feet_book":1,"minecraft:sand":6,"immersiveengineering:seed":1,"mca:book_rose_gold":1},"minecraft:custom":{"minecraft:interact_with_furnace":2,"minecraft:interact_with_crafting_table":11,"minecraft:open_barrel":11,"minecraft:play_one_minute":76116,"minecraft:time_since_death":76116,"minecraft:sleep_in_bed":1,"minecraft:climb_one_cm":1060,"minecraft:time_since_rest":50065,"minecraft:waystone_activated":2,"minecraft:sprint_one_cm":163599,"minecraft:damage_taken":760,"minecraft:walk_one_cm":62831,"minecraft:trigger_trapped_chest":2,"minecraft:drop":14,"minecraft:fly_one_cm":365298,"minecraft:open_chest":80,"minecraft:crouch_one_cm":978,"minecraft:sneak_time":1289,"minecraft:walk_under_water_one_cm":2420,"minecraft:jump":1288,"minecraft:walk_on_water_one_cm":15738,"minecraft:fall_one_cm":51692},"minecraft:picked_up":{"minecraft:crafting_table":2,"apotheosis:weapon_book":1,"minecraft:cobblestone_wall":6,"minecraft:orange_terracotta":2,"minecraft:item_frame":2,"minecraft:stone_bricks":2,"minecraft:wheat_seeds":1,"apotheosis:scrap_tome":1,"apotheosis:armor_feet_book":1,"minecraft:spruce_planks":1,"zombie_extreme:barbed_fence":17,"minecraft:iron_ore":6,"minecraft:spruce_slab":1,"minecraft:sandstone":2,"minecraft:acacia_log":5,"minecraft:spruce_stairs":1,"apotheosis:null_book":1,"minecraft:sand":6,"minecraft:stone_pressure_plate":1,"immersiveengineering:seed":1,"mysticalworld:aubergine_seeds":1,"pamhc2crops:peanutitem":1,"minecraft:hay_block":21,"minecraft:brick_stairs":1,"minecraft:bricks":1,"minecraft:cobblestone":6},"minecraft:crafted":{"minecraft:crafting_table":1,"minecraft:wooden_pickaxe":1,"minecraft:stone_axe":1,"minecraft:air":0,"travelersbackpack:gold":1,"minecraft:stick":8,"minecraft:iron_ingot":1,"minecraft:stone_pickaxe":1,"minecraft:acacia_planks":20,"minecraft:shears":1},"minecraft:used":{"tombstone:scroll_of_reach":1,"minecraft:stone_pickaxe":39,"minecraft:wooden_pickaxe":7,"minecraft:sand":9,"zombie_extreme:crowbar":2,"minecraft:crafting_table":1,"minecraft:stone_axe":1,"travelersbackpack:standard":1,"zombie_extreme:pill_anti_hunger":1}},"DataVersion":2586}