{"stats":{"minecraft:custom":{"minecraft:interact_with_crafting_table":24,"minecraft:open_barrel":37,"minecraft:leave_game":9,"minecraft:time_since_death":174372,"minecraft:sprint_one_cm":1097912,"minecraft:drop":110,"minecraft:deaths":5,"minecraft:jump":6435,"minecraft:walk_on_water_one_cm":73862,"minecraft:interact_with_furnace":3,"minecraft:play_one_minute":292976,"minecraft:waystone_activated":4,"minecraft:damage_dealt":1059,"minecraft:crouch_one_cm":24719,"minecraft:mob_kills":10,"minecraft:climb_one_cm":25063,"minecraft:walk_one_cm":657423,"minecraft:sneak_time":11032,"minecraft:walk_under_water_one_cm":11395,"minecraft:boat_one_cm":316,"minecraft:time_since_rest":173502,"minecraft:damage_taken":3990,"minecraft:fly_one_cm":1516523,"minecraft:open_chest":301,"minecraft:fall_one_cm":199301},"minecraft:crafted":{"minecraft:brick":2,"minecraft:oak_planks":112,"mahoutsukai:mortar":1,"mahoutsukai:dagger":1,"embellishcraft:white_oak_fancy_bed":3,"minecraft:oak_fence":24,"minecraft:crafting_table":7,"minecraft:wooden_pickaxe":1,"minecraft:clock":3,"mahoutsukai:pestle":1,"prefab:block_compressed_stone":7,"minecraft:birch_planks":20,"mahoutsukai:spell_cloth":16,"minecraft:diamond_pickaxe":1,"minecraft:purple_dye":14,"mahoutsukai:powdered_diamond":2,"minecraft:stick":44,"minecraft:iron_pickaxe":1,"minecraft:stone_sword":1,"prefab:item_moderate_house":1,"mahoutsukai:guidebook":1,"minecraft:furnace":3,"minecraft:flint_and_steel":1,"mahoutsukai:attuner":1,"minecraft:iron_axe":1,"minecraft:ladder":3,"minecraft:stone_pickaxe":1,"mahoutsukai:powdered_gold":2,"minecraft:sugar":12,"minecraft:red_dye":18,"mahoutsukai:mortar_and_pestle":1,"mahoutsukai:attuned_diamond":1,"minecraft:air":0,"minecraft:blue_dye":7,"minecraft:oak_boat":1,"prefab:item_bundle_of_timber":9,"minecraft:white_wool":14,"minecraft:torch":8,"prefab:item_start_house":3},"minecraft:killed":{"mysticalworld:beetle":3,"minecraft:salmon":1,"minecraft:sheep":1,"ars_nouveau:sylph":3,"zombie_extreme:runner":1,"ars_nouveau:drygmy":1},"minecraft:used":{"morevillagers:woodworking_table":1,"minecraft:ladder":3,"minecraft:iron_sword":92,"zombie_extreme:dead_body":1,"minecraft:weeping_vines":2,"minecraft:obsidian":15,"pamhc2crops:whitemushroomitem":2,"minecraft:lantern":2,"embellishcraft:basalt_cobblestone":2,"minecraft:oak_sapling":14,"minecraft:skeleton_skull":2,"zombie_extreme:pill_anti_hunger":1,"zombie_extreme:fireaxe":169,"minecraft:stone_pickaxe":59,"minecraft:oak_planks":13,"minecraft:wooden_pickaxe":8,"stalwart_dungeons:transient_block_close":14,"zombie_extreme:crowbar":10,"minecraft:string":6,"minecraft:gravel":7,"minecraft:andesite":1,"minecraft:oak_boat":1,"minecraft:coarse_dirt":5,"minecraft:cobweb":40,"zombie_extreme:butcher_knife":6,"zombie_extreme:barbed_fence":37,"minecraft:oak_fence":16,"mahoutsukai:spell_cloth":1,"minecraft:stone_sword":4,"minecraft:flint_and_steel":1,"minecraft:netherrack":70,"zombie_extreme:vodka":1,"minecraft:torch":1,"minecraft:dirt":12,"ars_nouveau:red_archwood_log":1,"minecraft:iron_axe":5,"minecraft:bamboo":64,"zombie_extreme:bear_trap":1,"pamhc2crops:scallionitem":2,"tombstone:gift":3,"minecraft:wheat_seeds":1,"minecraft:water_bucket":21,"minecraft:red_nether_bricks":5,"minecraft:crafting_table":4,"stalwart_dungeons:giddy_blaze_spawn_egg":2,"minecraft:cod":2,"minecraft:oak_log":2,"minecraft:diamond_pickaxe":395,"minecraft:iron_pickaxe":540,"pamhc2crops:blackberryitem":1,"minecraft:cobblestone":91,"minecraft:bucket":21},"minecraft:mined":{"stalwart_dungeons:transient_block_open":1,"stalwart_dungeons:spore_vaporizer":1,"mapperbase:bitumen_ore":1,"minecraft:red_nether_bricks":9,"minecraft:obsidian":1,"minecraft:granite":65,"minecraft:grass_block":9,"mysticalworld:silver_ore":3,"minecraft:nether_wart":12,"minecraft:chiseled_stone_bricks":1,"minecraft:spawner":4,"minecraft:weeping_vines_plant":3,"minecraft:glowstone":43,"minecraft:iron_ore":47,"zombie_extreme:decomposing_backpack":3,"minecraft:fire":1,"zombie_extreme:ore_steel":3,"tconstruct:cobalt_ore":5,"embellishcraft:basalt":69,"ars_nouveau:red_archwood_log":5,"minecraft:skeleton_wall_skull":2,"minecraft:oak_stairs":1,"minecraft:iron_bars":1,"minecraft:light_gray_concrete":3,"minecraft:tripwire":2,"mekanism:osmium_ore":2,"minecraft:crimson_nylium":9,"ars_nouveau:light_block":3,"stalwart_dungeons:transient_block_close":217,"ars_nouveau:mana_berry_bush":1,"zombie_extreme:bear_trap":1,"minecraft:clay":1,"minecraft:poppy":13,"minecraft:melon":15,"mekanism:tin_ore":1,"zombie_extreme:barbed_fence":37,"minecraft:glass":1,"minecraft:nether_quartz_ore":19,"minecraft:cobblestone":6,"minecraft:cyan_bed":1,"pamhc2crops:shadedgarden":5,"minecraft:sugar_cane":7,"minecraft:bricks":21,"minecraft:wall_torch":1,"minecraft:skeleton_skull":1,"minecraft:chain":1,"minecraft:nether_wart_block":3,"mekanism:fluorite_ore":6,"minecraft:birch_log":5,"zombie_extreme:ore_ruby":1,"mysticalworld:charred_log":1,"minecraft:smooth_stone_slab":1,"minecraft:grass":13,"minecraft:oak_log":116,"mekanism:lead_ore":4,"minecraft:dirt":7,"minecraft:netherrack":82,"minecraft:oak_leaves":28,"minecraft:diamond_ore":11,"minecraft:brown_concrete":7,"minecraft:mossy_cobblestone":5,"minecraft:nether_bricks":11,"minecraft:weeping_vines":2,"zombie_extreme:dead_body":5,"minecraft:spruce_leaves":8,"morevillagers:woodworking_table":1,"minecraft:redstone_ore":3,"mekanism:copper_ore":1,"minecraft:andesite":20,"mysticalworld:quicksilver_ore":4,"minecraft:peony":3,"zombie_extreme:wire":2,"minecraft:lantern":2,"mysticalworld:stonepetal":1,"minecraft:bamboo":8,"minecraft:stone":218,"tconstruct:copper_ore":1,"minecraft:glass_pane":28,"pamhc2crops:windygarden":8,"minecraft:oak_fence":11,"minecraft:rose_bush":6,"minecraft:tall_grass":3,"minecraft:diorite":10,"ars_nouveau:blue_archwood_leaves":1,"mekanism:uranium_ore":2,"minecraft:coarse_dirt":6,"minecraft:birch_leaves":4,"minecraft:coal_ore":20,"minecraft:gravel":20,"minecraft:cobweb":60,"minecraft:stone_bricks":2,"ars_nouveau:arcane_ore":13,"minecraft:gold_ore":25,"minecraft:fern":3},"minecraft:picked_up":{"pamhc2crops:wintersquashitem":1,"minecraft:wheat":20,"zombie_extreme:bear_trap":3,"minecraft:oak_stairs":1,"minecraft:potion":1,"zombie_extreme:decomposing_backpack":2,"minecraft:string":66,"minecraft:red_nether_bricks":10,"mahoutsukai:scroll_mystic_staff":1,"stalwart_dungeons:giddy_blaze_spawn_egg":6,"ars_nouveau:mana_gem":13,"mapperbase:raw_bitumen":5,"minecraft:rose_bush":5,"minecraft:melon_slice":59,"zombie_extreme:ruby":1,"minecraft:stick":5,"minecraft:oak_fence":10,"minecraft:torch":9,"minecraft:diorite":20,"pamhc2crops:whitemushroomitem":1,"zombie_extreme:soda":2,"minecraft:rotten_flesh":8,"pamhc2crops:peanutitem":1,"zombie_extreme:rotten_apple":5,"minecraft:obsidian":1,"mekanism:lead_ore":4,"pamhc2crops:scallionitem":1,"minecraft:cobblestone":171,"minecraft:birch_log":5,"zombie_extreme:fireaxe":1,"minecraft:andesite":20,"minecraft:flint":1,"minecraft:dirt":14,"minecraft:lapis_lazuli":10,"minecraft:lantern":3,"minecraft:bone":1,"minecraft:wheat_seeds":14,"pamhc2crops:turnipitem":1,"minecraft:bamboo":64,"minecraft:glowstone_dust":112,"mekanism:osmium_ore":2,"embellishcraft:basalt_cobblestone":66,"mysticalworld:silver_ore":2,"minecraft:cyan_bed":1,"minecraft:light_gray_concrete":2,"stalwart_dungeons:spore_vaporizer":1,"minecraft:diamond":12,"minecraft:granite":65,"minecraft:oak_sapling":15,"minecraft:netherrack":77,"minecraft:bricks":17,"mysticalworld:charred_log":1,"ars_nouveau:red_archwood_log":5,"minecraft:coarse_dirt":6,"minecraft:clay_ball":4,"minecraft:nether_wart":32,"morevillagers:woodworking_table":1,"mysticalworld:carapace":1,"pamhc2crops:parsnipitem":1,"minecraft:cornflower":1,"minecraft:oak_boat":1,"minecraft:poppy":14,"mekanism:copper_ore":1,"minecraft:light_gray_wool":1,"minecraft:sugar_cane":12,"minecraft:birch_sapling":1,"minecraft:bowl":2,"zombie_extreme:dog_food":1,"minecraft:white_dye":2,"minecraft:redstone":14,"minecraft:weeping_vines":3,"minecraft:peony":3,"minecraft:nether_bricks":12,"mysticalworld:aubergine_seeds":6,"pamhc2crops:bellpepperitem":2,"pamhc2crops:artichokeitem":1,"minecraft:mutton":2,"minecraft:skeleton_skull":3,"zombie_extreme:frying_pan":1,"minecraft:salmon":1,"minecraft:leather":1,"pamhc2crops:barleyitem":1,"minecraft:brown_concrete":4,"minecraft:oak_log":116,"minecraft:nether_wart_block":2,"minecraft:paper":10,"zombie_extreme:raw_steel":3,"zombie_extreme:dead_body":5,"minecraft:apple":1,"mysticalworld:stonepetal":1,"zombie_extreme:barbed_fence":37,"minecraft:iron_ore":47,"pamhc2crops:blackberryitem":1,"zombie_extreme:cloth":3,"minecraft:iron_sword":1,"stalwart_dungeons:transient_block_close":182,"minecraft:book":1,"pamhc2crops:onionitem":1,"tconstruct:copper_ore":1,"minecraft:chiseled_stone_bricks":1,"minecraft:quartz":18,"minecraft:lava_bucket":1,"minecraft:gravel":18,"minecraft:spruce_sapling":1,"minecraft:gold_ore":25,"mysticalworld:quicksilver_ore":4,"mekanism:uranium_ore":2,"immersiveengineering:seed":5,"tconstruct:cobalt_ore":5,"mekanism:fluorite_gem":16,"minecraft:coal":20},"minecraft:dropped":{"zombie_extreme:fireaxe":2,"stalwart_dungeons:spore_vaporizer":1,"minecraft:iron_sword":2,"minecraft:diamond":2,"minecraft:weeping_vines":1,"zombie_extreme:green_apple":2,"zombie_extreme:rotten_apple":5,"minecraft:cod":4,"minecraft:flint":1,"mysticalworld:stonepetal":1,"minecraft:white_wool":1,"minecraft:bone":1,"zombie_extreme:canned_stew":1,"minecraft:birch_sapling":1,"minecraft:rotten_flesh":4,"minecraft:oak_planks":1,"minecraft:salmon":1,"minecraft:poppy":4,"zombie_extreme:butcher_knife":1,"mapperbase:raw_bitumen":5,"minecraft:leather_leggings":1,"stalwart_dungeons:transient_block_close":101,"minecraft:red_nether_bricks":5,"immersiveengineering:seed":1,"minecraft:netherrack":4,"minecraft:brown_concrete":4,"zombie_extreme:bear_trap":1,"minecraft:wheat_seeds":10,"mysticalworld:aubergine_seeds":5,"minecraft:oak_fence":4,"minecraft:cobblestone":10,"dungeons_gear:feral_soul_crossbow":1,"minecraft:stick":1,"minecraft:diorite":20,"minecraft:torch":8,"minecraft:nether_wart_block":2,"minecraft:rose_bush":2,"minecraft:oak_stairs":1,"minecraft:red_dye":3,"minecraft:paper":7,"minecraft:string":1,"minecraft:acacia_planks":1,"minecraft:bricks":17,"zombie_extreme:chips":1,"minecraft:coarse_dirt":1,"mysticalworld:charred_log":1,"minecraft:bowl":2,"minecraft:light_gray_concrete":2,"minecraft:nether_bricks":9,"minecraft:filled_map":1,"zombie_extreme:decomposing_backpack":2,"minecraft:peony":3,"pamhc2crops:peanutitem":1,"zombie_extreme:soda":1,"minecraft:cyan_bed":1},"minecraft:broken":{"minecraft:iron_pickaxe":2},"minecraft:killed_by":{"zombie_extreme:infected_military":2,"minecraft:player":1}},"DataVersion":2586}