{"stats":{"minecraft:crafted":{"minecraft:oak_planks":8,"minecraft:crafting_table":2,"minecraft:stick":8,"minecraft:wooden_pickaxe":1,"minecraft:stone_pickaxe":1,"minecraft:stone_sword":1,"minecraft:birch_planks":20},"minecraft:killed_by":{"zombie_extreme:infected_military":2},"minecraft:dropped":{"minecraft:wheat_seeds":2,"minecraft:rose_bush":1,"minecraft:rotten_flesh":3},"minecraft:used":{"pamhc2crops:whitemushroomitem":2,"minecraft:water_bucket":3,"minecraft:stone_sword":4,"minecraft:stone_pickaxe":31,"minecraft:oak_planks":6,"minecraft:wooden_pickaxe":8,"pamhc2crops:blackberryitem":1,"pamhc2crops:scallionitem":2,"minecraft:crafting_table":2,"minecraft:bucket":3,"tombstone:gift":2,"minecraft:cod":2},"minecraft:mined":{"minecraft:glass_pane":2,"pamhc2crops:windygarden":3,"minecraft:birch_log":5,"minecraft:andesite":1,"minecraft:birch_leaves":2,"minecraft:grass":2,"minecraft:poppy":4,"minecraft:coal_ore":10,"minecraft:oak_log":2,"minecraft:rose_bush":1,"zombie_extreme:dead_body":1,"pamhc2crops:shadedgarden":5,"minecraft:stone":15,"ars_nouveau:arcane_ore":13,"minecraft:oak_leaves":4},"minecraft:custom":{"minecraft:time_since_rest":15887,"minecraft:waystone_activated":1,"minecraft:sprint_one_cm":89736,"minecraft:damage_taken":585,"minecraft:walk_one_cm":41412,"minecraft:drop":6,"minecraft:damage_dealt":112,"minecraft:interact_with_crafting_table":2,"minecraft:fly_one_cm":126952,"minecraft:open_barrel":4,"minecraft:open_chest":11,"minecraft:crouch_one_cm":842,"minecraft:play_one_minute":22562,"minecraft:deaths":4,"minecraft:sneak_time":1033,"minecraft:walk_under_water_one_cm":794,"minecraft:jump":463,"minecraft:walk_on_water_one_cm":3663,"minecraft:leave_game":5,"minecraft:time_since_death":16632,"minecraft:climb_one_cm":1438,"minecraft:fall_one_cm":13640},"minecraft:picked_up":{"minecraft:birch_log":5,"minecraft:stick":1,"minecraft:andesite":1,"pamhc2crops:barleyitem":1,"minecraft:oak_log":2,"pamhc2crops:whitemushroomitem":1,"zombie_extreme:dead_body":1,"ars_nouveau:mana_gem":13,"minecraft:rotten_flesh":4,"immersiveengineering:seed":1,"minecraft:wheat_seeds":3,"mysticalworld:aubergine_seeds":4,"pamhc2crops:peanutitem":1,"pamhc2crops:turnipitem":1,"pamhc2crops:blackberryitem":1,"minecraft:poppy":4,"zombie_extreme:cloth":1,"pamhc2crops:scallionitem":1,"minecraft:coal":10,"minecraft:cobblestone":15}},"DataVersion":2586}