{"stats":{"minecraft:mined":{"minecraft:hay_block":21,"minecraft:acacia_leaves":1,"minecraft:glass_pane":2,"pamhc2crops:windygarden":1,"minecraft:iron_ore":6,"minecraft:birch_leaves":1,"minecraft:crafting_table":1,"minecraft:grass":3,"minecraft:acacia_log":5,"minecraft:brick_stairs":1,"minecraft:sand":6,"zombie_extreme:barbed_fence":10,"minecraft:glass":2,"minecraft:stone":6,"minecraft:stone_bricks":2},"minecraft:dropped":{"minecraft:wheat_seeds":1,"mysticalworld:aubergine_seeds":1,"minecraft:brick_stairs":1,"tconstruct:materials_and_you":1,"minecraft:cobblestone_wall":6,"minecraft:spruce_planks":1,"minecraft:spruce_slab":1,"apotheosis:armor_feet_book":1,"minecraft:sand":6,"minecraft:spruce_stairs":1,"immersiveengineering:seed":1,"mca:book_rose_gold":1,"minecraft:stick":2},"minecraft:custom":{"minecraft:time_since_rest":2065,"minecraft:waystone_activated":2,"minecraft:sprint_one_cm":132307,"minecraft:damage_taken":490,"minecraft:walk_one_cm":49499,"minecraft:trigger_trapped_chest":2,"minecraft:drop":13,"minecraft:interact_with_crafting_table":5,"minecraft:fly_one_cm":282224,"minecraft:open_barrel":9,"minecraft:open_chest":49,"minecraft:play_one_minute":28116,"minecraft:crouch_one_cm":833,"minecraft:walk_under_water_one_cm":2311,"minecraft:sneak_time":1134,"minecraft:jump":1007,"minecraft:time_since_death":28116,"minecraft:walk_on_water_one_cm":14074,"minecraft:sleep_in_bed":1,"minecraft:climb_one_cm":712,"minecraft:fall_one_cm":38638},"minecraft:picked_up":{"minecraft:crafting_table":2,"apotheosis:weapon_book":1,"minecraft:acacia_log":5,"minecraft:spruce_stairs":1,"apotheosis:null_book":1,"minecraft:sand":6,"minecraft:cobblestone_wall":6,"minecraft:item_frame":2,"immersiveengineering:seed":1,"minecraft:stone_bricks":2,"minecraft:spruce_planks":1,"apotheosis:scrap_tome":1,"minecraft:wheat_seeds":1,"mysticalworld:aubergine_seeds":1,"pamhc2crops:peanutitem":1,"apotheosis:armor_feet_book":1,"minecraft:hay_block":21,"zombie_extreme:barbed_fence":9,"minecraft:iron_ore":6,"minecraft:spruce_slab":1,"minecraft:brick_stairs":1,"minecraft:cobblestone":6},"minecraft:crafted":{"minecraft:crafting_table":1,"minecraft:stick":8,"minecraft:wooden_pickaxe":1,"minecraft:stone_pickaxe":1,"minecraft:acacia_planks":20,"minecraft:stone_axe":1},"minecraft:used":{"minecraft:stone_pickaxe":24,"minecraft:wooden_pickaxe":7,"minecraft:stone_axe":1,"minecraft:crafting_table":1,"zombie_extreme:pill_anti_hunger":1}},"DataVersion":2586}