{"stats":{"minecraft:custom":{"minecraft:mob_kills":9,"minecraft:interact_with_crafting_table":10,"minecraft:open_barrel":37,"minecraft:leave_game":6,"minecraft:time_since_death":64040,"minecraft:climb_one_cm":22054,"minecraft:sprint_one_cm":748861,"minecraft:walk_one_cm":352812,"minecraft:drop":76,"minecraft:deaths":5,"minecraft:sneak_time":6636,"minecraft:walk_under_water_one_cm":5617,"minecraft:boat_one_cm":316,"minecraft:jump":4380,"minecraft:walk_on_water_one_cm":43213,"minecraft:interact_with_furnace":2,"minecraft:play_one_minute":182644,"minecraft:time_since_rest":63170,"minecraft:waystone_activated":2,"minecraft:damage_taken":2426,"minecraft:damage_dealt":999,"minecraft:fly_one_cm":1075291,"minecraft:open_chest":134,"minecraft:crouch_one_cm":11184,"minecraft:fall_one_cm":134520},"minecraft:crafted":{"minecraft:brick":2,"minecraft:oak_planks":44,"mahoutsukai:guidebook":1,"mahoutsukai:mortar":1,"mahoutsukai:dagger":1,"mahoutsukai:attuner":1,"minecraft:iron_axe":1,"minecraft:ladder":3,"minecraft:stone_pickaxe":1,"mahoutsukai:powdered_gold":2,"minecraft:sugar":12,"minecraft:red_dye":18,"minecraft:crafting_table":4,"mahoutsukai:mortar_and_pestle":1,"mahoutsukai:attuned_diamond":1,"minecraft:wooden_pickaxe":1,"mahoutsukai:pestle":1,"minecraft:birch_planks":20,"minecraft:air":0,"mahoutsukai:spell_cloth":16,"minecraft:blue_dye":7,"minecraft:oak_boat":1,"minecraft:white_wool":4,"minecraft:purple_dye":14,"mahoutsukai:powdered_diamond":2,"minecraft:stick":20,"minecraft:iron_pickaxe":1,"minecraft:stone_sword":1},"minecraft:killed":{"ars_nouveau:sylph":3,"zombie_extreme:runner":1,"mysticalworld:beetle":3,"minecraft:salmon":1,"minecraft:sheep":1},"minecraft:used":{"zombie_extreme:butcher_knife":4,"mahoutsukai:spell_cloth":1,"minecraft:stone_sword":4,"minecraft:ladder":3,"minecraft:iron_sword":52,"zombie_extreme:dead_body":1,"zombie_extreme:vodka":1,"minecraft:dirt":6,"ars_nouveau:red_archwood_log":1,"pamhc2crops:whitemushroomitem":2,"minecraft:iron_axe":5,"embellishcraft:basalt_cobblestone":2,"zombie_extreme:bear_trap":1,"pamhc2crops:scallionitem":2,"tombstone:gift":3,"zombie_extreme:pill_anti_hunger":1,"minecraft:wheat_seeds":1,"zombie_extreme:fireaxe":16,"minecraft:water_bucket":10,"minecraft:stone_pickaxe":59,"minecraft:oak_planks":13,"minecraft:wooden_pickaxe":8,"zombie_extreme:crowbar":2,"minecraft:crafting_table":4,"minecraft:cod":2,"minecraft:iron_pickaxe":522,"pamhc2crops:blackberryitem":1,"minecraft:cobblestone":23,"minecraft:andesite":1,"minecraft:bucket":10,"minecraft:oak_boat":1,"minecraft:coarse_dirt":5},"minecraft:mined":{"minecraft:diamond_ore":11,"minecraft:brown_concrete":4,"minecraft:mossy_cobblestone":1,"mapperbase:bitumen_ore":1,"minecraft:granite":38,"minecraft:grass_block":5,"zombie_extreme:dead_body":5,"minecraft:spruce_leaves":8,"mysticalworld:silver_ore":3,"minecraft:redstone_ore":3,"mekanism:copper_ore":1,"minecraft:iron_ore":47,"zombie_extreme:decomposing_backpack":3,"zombie_extreme:ore_steel":3,"minecraft:andesite":20,"mysticalworld:quicksilver_ore":4,"zombie_extreme:wire":2,"minecraft:peony":3,"embellishcraft:basalt":69,"ars_nouveau:red_archwood_log":5,"minecraft:oak_stairs":1,"minecraft:iron_bars":1,"minecraft:light_gray_concrete":3,"mysticalworld:stonepetal":1,"minecraft:stone":218,"tconstruct:copper_ore":1,"mekanism:osmium_ore":2,"minecraft:glass_pane":22,"pamhc2crops:windygarden":3,"ars_nouveau:mana_berry_bush":1,"ars_nouveau:light_block":2,"zombie_extreme:bear_trap":1,"minecraft:clay":1,"minecraft:poppy":13,"minecraft:melon":9,"minecraft:rose_bush":6,"mekanism:tin_ore":1,"zombie_extreme:barbed_fence":35,"minecraft:glass":1,"minecraft:tall_grass":1,"minecraft:cyan_bed":1,"pamhc2crops:shadedgarden":5,"minecraft:sugar_cane":6,"minecraft:bricks":21,"ars_nouveau:blue_archwood_leaves":1,"minecraft:diorite":10,"minecraft:skeleton_skull":1,"minecraft:chain":1,"mekanism:uranium_ore":2,"minecraft:coarse_dirt":6,"mekanism:fluorite_ore":6,"minecraft:birch_log":5,"zombie_extreme:ore_ruby":1,"minecraft:birch_leaves":4,"mysticalworld:charred_log":1,"minecraft:smooth_stone_slab":1,"minecraft:grass":6,"minecraft:oak_log":11,"minecraft:coal_ore":20,"mekanism:lead_ore":4,"minecraft:gravel":13,"minecraft:dirt":3,"minecraft:cobweb":19,"ars_nouveau:arcane_ore":13,"minecraft:gold_ore":25,"minecraft:oak_leaves":10,"minecraft:fern":2},"minecraft:picked_up":{"ars_nouveau:red_archwood_log":5,"minecraft:coarse_dirt":6,"minecraft:wheat":20,"minecraft:clay_ball":4,"zombie_extreme:bear_trap":3,"minecraft:oak_stairs":1,"mysticalworld:carapace":1,"zombie_extreme:decomposing_backpack":2,"minecraft:cornflower":1,"minecraft:string":18,"mahoutsukai:scroll_mystic_staff":1,"ars_nouveau:mana_gem":13,"mapperbase:raw_bitumen":5,"minecraft:oak_boat":1,"minecraft:rose_bush":5,"minecraft:poppy":14,"mekanism:copper_ore":1,"minecraft:light_gray_wool":1,"minecraft:melon_slice":31,"minecraft:sugar_cane":12,"minecraft:birch_sapling":1,"zombie_extreme:ruby":1,"minecraft:stick":4,"minecraft:bowl":2,"zombie_extreme:dog_food":1,"minecraft:white_dye":2,"pamhc2crops:whitemushroomitem":1,"minecraft:diorite":20,"minecraft:redstone":14,"zombie_extreme:soda":2,"minecraft:rotten_flesh":8,"minecraft:peony":3,"mysticalworld:aubergine_seeds":5,"pamhc2crops:peanutitem":1,"zombie_extreme:rotten_apple":5,"pamhc2crops:scallionitem":1,"mekanism:lead_ore":4,"minecraft:mutton":2,"minecraft:skeleton_skull":1,"minecraft:cobblestone":166,"minecraft:birch_log":5,"zombie_extreme:frying_pan":1,"zombie_extreme:fireaxe":1,"minecraft:salmon":1,"minecraft:andesite":20,"minecraft:leather":1,"pamhc2crops:barleyitem":1,"minecraft:oak_log":11,"minecraft:brown_concrete":2,"minecraft:lantern":1,"minecraft:lapis_lazuli":10,"minecraft:dirt":8,"minecraft:paper":10,"zombie_extreme:raw_steel":3,"zombie_extreme:dead_body":5,"minecraft:bone":1,"mysticalworld:stonepetal":1,"minecraft:wheat_seeds":12,"pamhc2crops:turnipitem":1,"zombie_extreme:barbed_fence":35,"minecraft:iron_ore":47,"pamhc2crops:blackberryitem":1,"zombie_extreme:cloth":3,"mekanism:osmium_ore":2,"minecraft:iron_sword":1,"minecraft:book":1,"embellishcraft:basalt_cobblestone":66,"tconstruct:copper_ore":1,"mysticalworld:silver_ore":2,"minecraft:gravel":12,"minecraft:spruce_sapling":1,"minecraft:cyan_bed":1,"minecraft:gold_ore":25,"mysticalworld:quicksilver_ore":4,"minecraft:light_gray_concrete":2,"mekanism:uranium_ore":2,"immersiveengineering:seed":3,"minecraft:diamond":12,"mekanism:fluorite_gem":16,"minecraft:granite":38,"minecraft:oak_sapling":1,"minecraft:bricks":17,"minecraft:coal":20,"mysticalworld:charred_log":1},"minecraft:dropped":{"zombie_extreme:fireaxe":2,"minecraft:iron_sword":2,"zombie_extreme:bear_trap":1,"minecraft:wheat_seeds":9,"mysticalworld:aubergine_seeds":5,"minecraft:diamond":2,"minecraft:cobblestone":10,"zombie_extreme:green_apple":2,"minecraft:cod":4,"zombie_extreme:rotten_apple":5,"minecraft:stick":1,"minecraft:flint":1,"minecraft:diorite":20,"mysticalworld:stonepetal":1,"minecraft:rose_bush":2,"minecraft:oak_stairs":1,"minecraft:red_dye":3,"minecraft:paper":7,"minecraft:string":1,"minecraft:acacia_planks":1,"minecraft:bone":1,"zombie_extreme:canned_stew":1,"minecraft:bricks":17,"zombie_extreme:chips":1,"minecraft:coarse_dirt":1,"mysticalworld:charred_log":1,"minecraft:bowl":2,"minecraft:birch_sapling":1,"minecraft:rotten_flesh":4,"minecraft:oak_planks":1,"minecraft:light_gray_concrete":2,"minecraft:salmon":1,"minecraft:filled_map":1,"minecraft:poppy":4,"zombie_extreme:decomposing_backpack":2,"minecraft:peony":3,"pamhc2crops:peanutitem":1,"zombie_extreme:butcher_knife":1,"mapperbase:raw_bitumen":5,"minecraft:leather_leggings":1,"zombie_extreme:soda":1,"immersiveengineering:seed":1,"minecraft:cyan_bed":1,"minecraft:brown_concrete":2},"minecraft:broken":{"minecraft:iron_pickaxe":1},"minecraft:killed_by":{"minecraft:player":1,"zombie_extreme:infected_military":2}},"DataVersion":2586}