{"stats":{"minecraft:crafted":{"minecraft:glass_bottle":3,"minecraft:glass":3,"minecraft:oak_planks":8,"minecraft:diamond_sword":1,"minecraft:diamond_pickaxe":1,"minecraft:stick":8,"minecraft:air":0},"minecraft:picked_up":{"minecraft:sand":3,"minecraft:oak_log":2,"minecraft:dirt":6,"pamhc2crops:tealeafitem":2,"pamhc2crops:leekitem":1,"immersiveengineering:seed":1,"minecraft:wheat_seeds":1,"mysticalworld:aubergine_seeds":2,"pamhc2crops:blackberryitem":1},"minecraft:used":{"minecraft:glass_bottle":9,"minecraft:bread":6,"pamhc2crops:blackberryitem":1,"minecraft:stone_axe":3,"pamhc2crops:leekitem":1,"prefab:item_swift_blade_stone":2,"minecraft:dirt":39,"minecraft:potion":7},"minecraft:custom":{"minecraft:time_since_rest":8972,"minecraft:interact_with_furnace":3,"minecraft:sprint_one_cm":41091,"minecraft:damage_taken":283,"minecraft:walk_one_cm":32618,"minecraft:mob_kills":2,"minecraft:drop":2,"minecraft:damage_dealt":42,"minecraft:swim_one_cm":12764,"minecraft:interact_with_crafting_table":3,"minecraft:fly_one_cm":95284,"minecraft:open_chest":18,"minecraft:play_one_minute":17960,"minecraft:crouch_one_cm":1179,"minecraft:sneak_time":433,"minecraft:walk_under_water_one_cm":20749,"minecraft:jump":367,"minecraft:leave_game":2,"minecraft:time_since_death":17960,"minecraft:walk_on_water_one_cm":2476,"minecraft:sleep_in_bed":1,"minecraft:climb_one_cm":334,"minecraft:fall_one_cm":6817},"minecraft:killed":{"minecraft:creeper":2},"minecraft:mined":{"theabyss:tantra_grass_small":1,"minecraft:grass":3,"minecraft:oak_log":2,"theabyss:tantra_grass_big":1,"minecraft:sand":3,"minecraft:dirt":1,"minecraft:tall_grass":3,"pamhc2crops:shadedgarden":3},"minecraft:dropped":{"minecraft:wheat_seeds":1,"pamhc2crops:tealeafitem":1}},"DataVersion":2586}