{"stats":{"minecraft:crafted":{"minecraft:crafting_table":1,"minecraft:stick":4,"minecraft:wooden_pickaxe":1,"minecraft:jungle_planks":12},"minecraft:picked_up":{"minecraft:tripwire_hook":2,"minecraft:jungle_log":3,"minecraft:redstone":3,"minecraft:lapis_lazuli":1,"minecraft:mossy_cobblestone":2,"minecraft:iron_ingot":1,"minecraft:poppy":1,"tombstone:scroll_of_reach":1,"minecraft:gold_ingot":1,"minecraft:emerald":1,"minecraft:light_gray_wool":1,"minecraft:mutton":1,"minecraft:cobblestone":2},"minecraft:custom":{"minecraft:time_since_rest":1332,"minecraft:waystone_activated":1,"minecraft:sprint_one_cm":63021,"minecraft:damage_taken":281,"minecraft:walk_one_cm":59482,"minecraft:mob_kills":1,"minecraft:drop":1,"minecraft:damage_dealt":177,"minecraft:interact_with_crafting_table":2,"minecraft:fly_one_cm":102322,"minecraft:open_chest":10,"minecraft:crouch_one_cm":3,"minecraft:play_one_minute":19733,"minecraft:sneak_time":9,"minecraft:jump":364,"minecraft:leave_game":1,"minecraft:walk_on_water_one_cm":297,"minecraft:time_since_death":19733,"minecraft:sleep_in_bed":2,"minecraft:fall_one_cm":10180,"minecraft:inspect_dispenser":1},"minecraft:used":{"minecraft:bread":3,"minecraft:poppy":1,"minecraft:wooden_pickaxe":7,"minecraft:crafting_table":1,"dungeons_gear:vine_whip":4},"minecraft:mined":{"minecraft:mossy_cobblestone":2,"minecraft:grass":1,"minecraft:jungle_log":3,"minecraft:redstone_wire":3,"minecraft:cobblestone":2,"minecraft:tripwire_hook":1},"minecraft:killed":{"minecraft:sheep":1},"minecraft:dropped":{"minecraft:wooden_pickaxe":1}},"DataVersion":2586}