{"stats":{"minecraft:crafted":{"minecraft:crafting_table":1,"minecraft:wooden_pickaxe":1,"minecraft:jungle_planks":12,"minecraft:stick":8,"minecraft:iron_ingot":24,"minecraft:iron_pickaxe":3,"minecraft:cobblestone_wall":6,"minecraft:torch":4},"minecraft:picked_up":{"dungeons_gear:beehive_leggings":1,"minecraft:tripwire_hook":4,"minecraft:jungle_log":3,"minecraft:andesite":29,"tconstruct:materials_and_you":1,"endrem:corrupted_eye":1,"dungeons_gear:stalwart_helmet":1,"mca:book_rose_gold":1,"joshxmas:ginger":5,"minecraft:diamond_horse_armor":1,"dungeons_gear:vine_whip":1,"minecraft:cobblestone_wall":1,"mca:book_romance":1,"immersiveengineering:treated_wood_horizontal":8,"minecraft:lapis_lazuli":6,"prefab:item_start_house":1,"minecraft:acacia_planks":1,"minecraft:gold_nugget":5,"minecraft:wheat_seeds":1,"minecraft:bucket":7,"minecraft:iron_ingot":2,"minecraft:glass_bottle":1,"minecraft:iron_pickaxe":1,"tombstone:scroll_of_reach":2,"minecraft:poppy":1,"minecraft:light_gray_wool":1,"minecraft:bamboo":3,"minecraft:chest":1,"minecraft:acacia_sapling":5,"embellishcraft:basalt_cobblestone":22,"minecraft:spruce_pressure_plate":1,"minecraft:stick":2,"mekanism:tin_ore":6,"minecraft:torch":5,"theabyss:guide_book":1,"minecraft:jungle_planks":3,"dungeons_gear:champions_helmet":1,"minecraft:diorite":123,"minecraft:redstone":9,"minecraft:red_terracotta":6,"minecraft:stone_pressure_plate":2,"minecraft:mossy_cobblestone":14,"tconstruct:sky_slime_ball":10,"minecraft:stone_shovel":3,"minecraft:rotten_flesh":22,"immersiveengineering:seed":1,"minecraft:jungle_stairs":1,"minecraft:crossbow":1,"minecraft:granite":3,"minecraft:gold_ingot":3,"minecraft:emerald":5,"endrem:rogue_eye":1,"tconstruct:earth_slime_sapling":1,"minecraft:mutton":1,"minecraft:cobblestone":58},"minecraft:custom":{"minecraft:interact_with_furnace":2,"minecraft:mob_kills":6,"minecraft:interact_with_crafting_table":9,"minecraft:play_one_minute":103502,"minecraft:leave_game":5,"minecraft:time_since_death":36040,"minecraft:sleep_in_bed":2,"minecraft:climb_one_cm":16813,"minecraft:time_since_rest":33641,"minecraft:waystone_activated":2,"minecraft:sprint_one_cm":139065,"minecraft:damage_taken":1400,"minecraft:walk_one_cm":318760,"minecraft:drop":18,"minecraft:damage_dealt":681,"minecraft:swim_one_cm":613,"minecraft:fly_one_cm":168864,"minecraft:open_chest":36,"minecraft:crouch_one_cm":308,"minecraft:deaths":1,"minecraft:sneak_time":475,"minecraft:walk_under_water_one_cm":1207,"minecraft:jump":938,"minecraft:walk_on_water_one_cm":32680,"minecraft:fall_one_cm":14640,"minecraft:inspect_dispenser":1},"minecraft:killed_by":{"minecraft:player":1},"minecraft:used":{"minecraft:water_bucket":9,"minecraft:diorite":94,"minecraft:glass_bottle":4,"minecraft:poppy":1,"minecraft:chest":1,"minecraft:wooden_pickaxe":7,"minecraft:stone":26,"minecraft:torch":6,"minecraft:mossy_cobblestone":10,"minecraft:dirt":1,"minecraft:crafting_table":1,"minecraft:cobblestone_wall":3,"immersiveengineering:treated_wood_horizontal":41,"dungeons_gear:vine_whip":20,"mekanism:tin_ore":2,"minecraft:bread":6,"minecraft:iron_pickaxe":183,"minecraft:spruce_pressure_plate":1,"embellishcraft:basalt_cobblestone":5,"minecraft:piglin_brute_spawn_egg":1,"minecraft:potion":4,"toughasnails:purified_water_bottle":1,"minecraft:andesite":15,"minecraft:bucket":9,"minecraft:stone_pressure_plate":2,"minecraft:acacia_planks":1,"minecraft:experience_bottle":1},"minecraft:broken":{"minecraft:iron_pickaxe":1},"minecraft:mined":{"mekanism:osmium_ore":4,"minecraft:mossy_cobblestone":9,"minecraft:torch":3,"minecraft:granite":9,"embellishcraft:basalt_cobblestone":2,"minecraft:chest":1,"minecraft:jungle_log":3,"mekanism:tin_ore":4,"minecraft:redstone_wire":3,"minecraft:cobblestone":29,"minecraft:diorite":79,"minecraft:wall_torch":2,"minecraft:cobblestone_wall":1,"minecraft:andesite":26,"minecraft:grass":2,"embellishcraft:basalt":23,"minecraft:tripwire_hook":1},"minecraft:killed":{"tconstruct:sky_slime":4,"minecraft:sheep":1},"minecraft:dropped":{"minecraft:water_bucket":3,"minecraft:iron_ingot":4,"minecraft:mossy_cobblestone":2,"minecraft:stone_shovel":2,"minecraft:cobblestone":16,"minecraft:red_terracotta":3,"minecraft:diorite":47,"tconstruct:earth_slime_sapling":1,"minecraft:wooden_pickaxe":1,"minecraft:iron_pickaxe":1,"immersiveengineering:seed":1}},"DataVersion":2586}