{"stats":{"minecraft:crafted":{"minecraft:crafting_table":1,"minecraft:stick":4,"minecraft:wooden_pickaxe":1,"minecraft:iron_ingot":24,"minecraft:iron_pickaxe":1,"minecraft:jungle_planks":12},"minecraft:picked_up":{"minecraft:spruce_pressure_plate":1,"minecraft:tripwire_hook":2,"minecraft:jungle_log":3,"minecraft:stone_pressure_plate":1,"minecraft:redstone":3,"minecraft:red_terracotta":3,"immersiveengineering:treated_wood_horizontal":4,"minecraft:lapis_lazuli":1,"minecraft:mossy_cobblestone":2,"tconstruct:sky_slime_ball":5,"minecraft:acacia_planks":1,"immersiveengineering:seed":1,"minecraft:wheat_seeds":1,"minecraft:iron_ingot":2,"minecraft:poppy":1,"minecraft:gold_ingot":1,"tombstone:scroll_of_reach":1,"minecraft:emerald":1,"minecraft:light_gray_wool":1,"minecraft:mutton":1,"minecraft:cobblestone":2},"minecraft:custom":{"minecraft:time_since_rest":16362,"minecraft:waystone_activated":2,"minecraft:interact_with_furnace":2,"minecraft:sprint_one_cm":112610,"minecraft:damage_taken":633,"minecraft:walk_one_cm":120998,"minecraft:mob_kills":5,"minecraft:drop":2,"minecraft:damage_dealt":294,"minecraft:swim_one_cm":613,"minecraft:interact_with_crafting_table":4,"minecraft:fly_one_cm":156224,"minecraft:open_chest":20,"minecraft:play_one_minute":42872,"minecraft:crouch_one_cm":15,"minecraft:sneak_time":37,"minecraft:walk_under_water_one_cm":478,"minecraft:jump":618,"minecraft:leave_game":5,"minecraft:time_since_death":42872,"minecraft:walk_on_water_one_cm":929,"minecraft:sleep_in_bed":2,"minecraft:climb_one_cm":5582,"minecraft:fall_one_cm":13268,"minecraft:inspect_dispenser":1},"minecraft:used":{"minecraft:glass_bottle":3,"minecraft:bread":6,"minecraft:poppy":1,"minecraft:spruce_pressure_plate":1,"minecraft:wooden_pickaxe":7,"minecraft:potion":3,"minecraft:crafting_table":1,"toughasnails:purified_water_bottle":1,"minecraft:stone_pressure_plate":1,"dungeons_gear:vine_whip":9,"minecraft:experience_bottle":1},"minecraft:mined":{"minecraft:mossy_cobblestone":2,"minecraft:grass":2,"minecraft:jungle_log":3,"minecraft:redstone_wire":3,"minecraft:cobblestone":2,"minecraft:tripwire_hook":1},"minecraft:killed":{"minecraft:sheep":1,"tconstruct:sky_slime":4},"minecraft:dropped":{"minecraft:iron_ingot":1,"minecraft:wooden_pickaxe":1}},"DataVersion":2586}