{"stats":{"minecraft:crafted":{"mysticalworld:silver_ingot":4,"minecraft:iron_helmet":1,"minecraft:air":0},"minecraft:custom":{"minecraft:interact_with_furnace":5,"minecraft:mob_kills":29,"minecraft:interact_with_crafting_table":2,"minecraft:open_barrel":5,"minecraft:interact_with_cartography_table":1,"minecraft:play_one_minute":244087,"minecraft:interact_with_stonecutter":2,"minecraft:interact_with_grindstone":4,"minecraft:leave_game":4,"minecraft:time_since_death":41175,"minecraft:sleep_in_bed":3,"minecraft:climb_one_cm":20198,"minecraft:time_since_rest":40245,"minecraft:waystone_activated":2,"minecraft:sprint_one_cm":253344,"minecraft:damage_taken":1122,"minecraft:walk_one_cm":302956,"minecraft:drop":16,"minecraft:damage_dealt":1301,"minecraft:fly_one_cm":605855,"minecraft:player_kills":1,"minecraft:open_chest":17,"minecraft:crouch_one_cm":7734,"tombstone:undead_killed":10,"minecraft:deaths":4,"minecraft:sneak_time":3493,"minecraft:walk_under_water_one_cm":1755,"tombstone:villager_killed":2,"minecraft:jump":1157,"minecraft:interact_with_blast_furnace":2,"minecraft:walk_on_water_one_cm":6670,"minecraft:interact_with_smoker":2,"minecraft:fall_one_cm":24047},"minecraft:killed":{"zombie_extreme:crawler":1,"zombie_extreme:boomer":2,"zombie_extreme:infected":1,"zombie_extreme:night_hunter":1,"minecraft:salmon":1,"stalwart_dungeons:reinforced_blaze":1,"atum:villager_male":2,"sons_of_sins:bloody_butcher":9,"zombie_extreme:demolisher":1,"minecraft:squid":1,"zombie_extreme:chainsaw":2,"minecraft:chicken":1,"zombie_extreme:infected_police":1,"zombie_extreme:assasin_black_ops":1,"zombie_extreme:runner":2,"zombie_extreme:fetus":1,"minecraft:cow":1},"minecraft:used":{"minecraft:wheat_seeds":2,"zombie_extreme:barbed_fence":1,"mca:male_villager_spawn_egg":8,"atum:villager_spawn_egg":2,"minecraft:diorite":3,"dungeons_gear:baby_crossbow":2,"dungeons_gear:chill_gale_knife":11,"dungeons_gear:sugar_rush":2,"zombie_extreme:syringe_stimulator":1,"zombie_extreme:last_hope":4,"ars_nouveau:dominion_wand":2,"iammusicplayer:cassette_deck":1,"minecraft:gray_carpet":4,"minecraft:dried_kelp":2,"immersiveengineering:seed":3,"minecraft:blackstone":1,"minecraft:black_carpet":1,"zombie_extreme:rotten_apple":1,"dungeons_gear:the_green_menace":1,"stalwart_dungeons:reinforced_blaze_spawn_egg":1,"minecraft:cookie":1,"minecraft:torch":3,"iammusicplayer:boombox":1,"minecraft:dirt":2,"securitycraft:keypad_item":1,"mca:female_villager_spawn_egg":8,"zombie_extreme:katana":2,"sons_of_sins:bloody_butcher_spawn_egg":9,"waystones:portstone":1,"waystones:waystone":1,"dungeons_gear:shivering_bow":2,"minecraft:villager_spawn_egg":1,"minecraft:iron_pickaxe":108,"embellishcraft:basalt_cobblestone":1,"zombie_extreme:whiskey":1,"dungeons_gear:harpoon_crossbow":1,"pamhc2crops:leekitem":1,"minecraft:cobblestone":3,"minecraft:oak_sapling":1,"mysticalworld:aubergine_seeds":2,"tombstone:gift":7,"dungeons_gear:slayer_crossbow":2},"minecraft:mined":{"minecraft:diamond_ore":4,"mysticalworld:lead_ore":3,"minecraft:granite":2,"minecraft:grass_block":2,"zombie_extreme:ore_titan":1,"mekanism:tin_ore":10,"minecraft:cobblestone":1,"mysticalworld:silver_ore":16,"minecraft:lapis_ore":6,"pamhc2crops:shadedgarden":1,"minecraft:diorite":5,"minecraft:wall_torch":2,"mekanism:fluorite_ore":2,"zombie_extreme:ore_steel":5,"minecraft:black_carpet":4,"mysticalworld:quicksilver_ore":1,"minecraft:grass":1,"embellishcraft:basalt":2,"minecraft:coal_ore":1,"mekanism:lead_ore":4,"minecraft:gravel":1,"minecraft:sand":9,"minecraft:gray_carpet":4,"ars_nouveau:arcane_ore":2,"minecraft:stone":52,"minecraft:oak_leaves":8},"minecraft:picked_up":{"minecraft:black_carpet":1,"minecraft:leather":1,"mysticalworld:lead_ore":3,"minecraft:spider_spawn_egg":1,"sons_of_sins:bloody_butcher_spawn_egg":1,"zombie_extreme:police_suit_chestplate":1,"mca:book_romance":2,"minecraft:lapis_lazuli":45,"minecraft:dirt":2,"zombie_extreme:raw_steel":5,"pamhc2crops:leekitem":1,"minecraft:bone":8,"ars_nouveau:mana_gem":2,"stalwart_dungeons:blaze_armor_scrap":1,"minecraft:gray_carpet":4,"minecraft:wheat_seeds":8,"minecraft:beef":3,"zombie_extreme:barbed_fence":1,"minecraft:egg":1,"embellishcraft:basalt_cobblestone":2,"sons_of_sins:bloody_bone":32,"minecraft:torch":2,"mekanism:tin_ore":10,"sons_of_sins:butcher_carcass":9,"minecraft:bowl":1,"mysticalworld:silver_ore":16,"minecraft:gravel":1,"minecraft:sand":9,"tombstone:grave_dust":5,"minecraft:diorite":6,"mysticalworld:quicksilver_ore":1,"zombie_extreme:raw_titan":1,"minecraft:rotten_flesh":10,"minecraft:diamond":5,"immersiveengineering:seed":4,"mysticalworld:aubergine_seeds":2,"minecraft:granite":2,"mekanism:fluorite_gem":2,"zombie_extreme:rotten_apple":5,"minecraft:oak_sapling":1,"minecraft:blaze_rod":2,"mekanism:lead_ore":4,"minecraft:coal":1,"minecraft:cobblestone":50,"minecraft:sunflower":2},"minecraft:dropped":{"minecraft:wheat_seeds":6,"zombie_extreme:rotten_apple":2,"zombie_extreme:barbed_fence":1,"mca:book_romance":2,"minecraft:diorite":2,"immersiveengineering:seed":1,"mca:book_rose_gold":1,"minecraft:bone":7},"minecraft:killed_by":{"zombie_extreme:night_hunter":2,"zombie_extreme:assasin_black_ops":1}},"DataVersion":2586}