{"stats":{"minecraft:killed":{"zombie_extreme:assasin_black_ops":1,"zombie_extreme:infected_hazmat":1,"zombie_extreme:infected_police":1},"minecraft:dropped":{"minecraft:dirt":1},"minecraft:used":{"minecraft:dirt":1},"minecraft:picked_up":{"zombie_extreme:infected_hazmat_spawn_egg":1,"minecraft:dirt":2},"minecraft:mined":{"minecraft:grass_block":2},"minecraft:custom":{"minecraft:jump":244,"minecraft:open_chest":9,"minecraft:time_since_rest":14411,"minecraft:play_one_minute":14411,"minecraft:walk_on_water_one_cm":617,"minecraft:sprint_one_cm":31793,"minecraft:damage_taken":305,"minecraft:time_since_death":14411,"minecraft:walk_one_cm":29229,"minecraft:sneak_time":7,"minecraft:climb_one_cm":3620,"minecraft:walk_under_water_one_cm":165,"minecraft:mob_kills":3,"minecraft:drop":1,"minecraft:fall_one_cm":6305,"minecraft:fly_one_cm":58792}},"DataVersion":2586}