{"stats":{"minecraft:picked_up":{"zombie_extreme:rotten_apple":1,"minecraft:diamond":1},"minecraft:killed":{"zombie_extreme:fetus":1,"zombie_extreme:demolisher":1,"minecraft:cow":1},"minecraft:custom":{"minecraft:jump":27,"minecraft:open_chest":1,"minecraft:time_since_rest":74371,"minecraft:damage_dealt":18,"minecraft:play_one_minute":74371,"tombstone:undead_killed":1,"minecraft:sprint_one_cm":5155,"minecraft:damage_taken":213,"minecraft:time_since_death":74371,"minecraft:walk_one_cm":7249,"minecraft:sneak_time":81,"minecraft:mob_kills":3,"minecraft:fall_one_cm":267,"minecraft:fly_one_cm":21707},"minecraft:used":{"minecraft:dried_kelp":2,"dungeons_gear:harpoon_crossbow":1,"dungeons_gear:baby_crossbow":2,"dungeons_gear:sugar_rush":2,"dungeons_gear:shivering_bow":2}},"DataVersion":2586}