{"stats":{"minecraft:mined":{"mekanism:copper_ore":4,"mekanism:fluorite_ore":6,"minecraft:iron_ore":8,"minecraft:andesite":10,"embellishcraft:basalt":1,"minecraft:grass_block":2,"ars_nouveau:arcane_ore":3,"minecraft:stone":52,"minecraft:gold_ore":1},"minecraft:dropped":{"minecraft:dirt":1,"minecraft:flower_pot":3,"minecraft:andesite":2,"minecraft:stone_brick_wall":3,"minecraft:stone_bricks":7,"embellishcraft:basalt_cobblestone":1,"minecraft:stone_brick_stairs":1,"minecraft:spruce_stairs":2,"minecraft:trapped_chest":1,"minecraft:coal_block":1,"minecraft:lily_of_the_valley":2},"minecraft:custom":{"minecraft:time_since_rest":41754,"minecraft:waystone_activated":1,"minecraft:interact_with_furnace":13,"minecraft:sprint_one_cm":86451,"minecraft:damage_taken":637,"minecraft:walk_one_cm":88552,"minecraft:trigger_trapped_chest":1,"minecraft:mob_kills":3,"minecraft:drop":14,"minecraft:interact_with_crafting_table":5,"minecraft:fly_one_cm":121401,"minecraft:open_chest":25,"minecraft:crouch_one_cm":1863,"minecraft:play_one_minute":41754,"minecraft:sneak_time":337,"minecraft:walk_under_water_one_cm":165,"minecraft:jump":507,"minecraft:leave_game":2,"minecraft:time_since_death":41754,"minecraft:walk_on_water_one_cm":3462,"minecraft:climb_one_cm":17431,"minecraft:fall_one_cm":15950},"minecraft:picked_up":{"minecraft:book":9,"embellishcraft:basalt_cobblestone":1,"minecraft:crafting_table":2,"minecraft:flower_pot":3,"minecraft:andesite":10,"apotheosis:weapon_book":1,"minecraft:spruce_stairs":2,"minecraft:stone_brick_wall":3,"minecraft:stone_brick_stairs":7,"apotheosis:common_tome":2,"minecraft:gold_ore":1,"minecraft:lily_of_the_valley":2,"minecraft:trapped_chest":1,"minecraft:dirt":2,"minecraft:item_frame":4,"ars_nouveau:mana_gem":3,"minecraft:stone_bricks":7,"zombie_extreme:infected_hazmat_spawn_egg":1,"apotheosis:scrap_tome":1,"minecraft:spruce_planks":9,"mekanism:fluorite_gem":19,"minecraft:iron_ore":7,"apotheosis:digger_book":1,"mekanism:copper_ore":4,"minecraft:spruce_slab":6,"minecraft:cobblestone":51},"minecraft:crafted":{"minecraft:coal_block":2,"minecraft:iron_chestplate":1,"minecraft:iron_ingot":30,"minecraft:iron_helmet":1,"minecraft:iron_leggings":1,"minecraft:air":0},"minecraft:killed":{"zombie_extreme:infected_hazmat":1,"zombie_extreme:infected_police":1,"zombie_extreme:assasin_black_ops":1},"minecraft:used":{"minecraft:iron_pickaxe":85,"zombie_extreme:syringe_drug":1,"minecraft:torch":1,"minecraft:cobblestone":9,"minecraft:dirt":1,"minecraft:andesite":8,"minecraft:milk_bucket":1,"zombie_extreme:pill_anti_hunger":1,"zombie_extreme:black_ops_cargo":1}},"DataVersion":2586}