{"stats":{"minecraft:crafted":{"minecraft:crafting_table":1,"minecraft:wooden_pickaxe":1,"minecraft:jungle_planks":12,"minecraft:stick":4,"minecraft:iron_ingot":24,"minecraft:iron_pickaxe":1},"minecraft:picked_up":{"minecraft:tripwire_hook":2,"minecraft:jungle_log":3,"minecraft:andesite":14,"immersiveengineering:treated_wood_horizontal":4,"minecraft:lapis_lazuli":1,"minecraft:acacia_planks":1,"minecraft:wheat_seeds":1,"minecraft:bucket":3,"minecraft:iron_ingot":2,"tombstone:scroll_of_reach":1,"minecraft:poppy":1,"minecraft:light_gray_wool":1,"embellishcraft:basalt_cobblestone":1,"minecraft:spruce_pressure_plate":1,"mekanism:tin_ore":2,"minecraft:torch":3,"minecraft:diorite":38,"minecraft:redstone":3,"minecraft:red_terracotta":3,"minecraft:stone_pressure_plate":2,"minecraft:mossy_cobblestone":8,"tconstruct:sky_slime_ball":5,"minecraft:rotten_flesh":11,"immersiveengineering:seed":1,"minecraft:gold_ingot":1,"minecraft:emerald":1,"minecraft:mutton":1,"minecraft:cobblestone":13},"minecraft:custom":{"minecraft:interact_with_furnace":2,"minecraft:mob_kills":5,"minecraft:interact_with_crafting_table":4,"minecraft:play_one_minute":61502,"minecraft:leave_game":5,"minecraft:time_since_death":61502,"minecraft:sleep_in_bed":2,"minecraft:climb_one_cm":5582,"minecraft:time_since_rest":34992,"minecraft:waystone_activated":2,"minecraft:sprint_one_cm":122059,"minecraft:damage_taken":923,"minecraft:walk_one_cm":207676,"minecraft:drop":8,"minecraft:damage_dealt":294,"minecraft:swim_one_cm":613,"minecraft:fly_one_cm":160308,"minecraft:open_chest":21,"minecraft:crouch_one_cm":15,"minecraft:sneak_time":37,"minecraft:walk_under_water_one_cm":657,"minecraft:jump":765,"minecraft:walk_on_water_one_cm":1494,"minecraft:fall_one_cm":13955,"minecraft:inspect_dispenser":1},"minecraft:used":{"minecraft:water_bucket":2,"minecraft:glass_bottle":4,"minecraft:poppy":1,"minecraft:wooden_pickaxe":7,"minecraft:torch":3,"minecraft:mossy_cobblestone":1,"minecraft:crafting_table":1,"dungeons_gear:vine_whip":9,"minecraft:bread":6,"minecraft:iron_pickaxe":83,"minecraft:spruce_pressure_plate":1,"embellishcraft:basalt_cobblestone":1,"minecraft:potion":4,"toughasnails:purified_water_bottle":1,"minecraft:andesite":2,"minecraft:bucket":2,"minecraft:stone_pressure_plate":2,"minecraft:experience_bottle":1},"minecraft:mined":{"mekanism:osmium_ore":4,"minecraft:mossy_cobblestone":3,"minecraft:torch":3,"minecraft:granite":7,"minecraft:jungle_log":3,"mekanism:tin_ore":2,"minecraft:redstone_wire":3,"minecraft:cobblestone":12,"minecraft:diorite":43,"minecraft:andesite":14,"minecraft:grass":2,"embellishcraft:basalt":2,"minecraft:tripwire_hook":1},"minecraft:killed":{"tconstruct:sky_slime":4,"minecraft:sheep":1},"minecraft:dropped":{"minecraft:water_bucket":2,"minecraft:iron_ingot":4,"minecraft:mossy_cobblestone":2,"minecraft:wooden_pickaxe":1,"immersiveengineering:seed":1}},"DataVersion":2586}