{"stat.pickup.minecraft.bone":6,"stat.leaveGame":7,"stat.entityKilledBy.techguns.ZombieMiner":4,"stat.craftItem.tombstone.grave_key":4,"stat.pickup.techguns.sawedoff":12,"stat.pickup.tombstone.familiar_stone":1,"stat.pickup.spawnermod.spawner_key":1,"stat.swimOneCm":8162,"stat.pickup.techguns.combatshotgun":2,"stat.useItem.minecraft.planks":358,"stat.drop.tconstruct.pickaxe":2,"stat.climbOneCm":4847,"stat.killEntity.techguns.ZombieSoldier":2,"stat.pickup.minecraft.porkchop":1,"stat.pickup.techguns.boltaction":14,"stat.pickup.tconstruct.slimesling":2,"stat.useItem.minecraft.dirt":10,"stat.useItem.minecraft.stone_slab2":701,"stat.useItem.tombstone.guardian_stone":1,"stat.pickup.minecraft.bow":1,"stat.pickup.minecraft.iron_boots":1,"stat.useItem.minecraft.water_bucket":1,"stat.pickup.minecraft.rotten_flesh":1,"stat.entityKilledBy.Spider":1,"stat.pickup.minecraft.cobblestone":3,"stat.pickup.techguns.aug":3,"stat.flyOneCm":922878,"stat.killEntity.Witch":1,"stat.drop.minecraft.wheat_seeds":3,"stat.pickup.techguns.ak47":18,"stat.pickup.minecraft.cactus":3,"stat.killEntity.techguns.ZombieFarmer":7,"stat.pickup.harvestcraft.leekitem":4,"stat.pickup.minecraft.redstone":12,"stat.timeSinceDeath":20605,"stat.hopperInspected":5,"stat.useItem.minecraft.spawn_egg":7,"stat.killEntity.techguns.SkeletonSoldier":2,"stat.trappedChestTriggered":12,"stat.pickup.harvestcraft.whitemushroomitem":3,"stat.killEntity.Wolf":2,"stat.drop.techguns.aug":1,"stat.useItem.minecraft.dark_oak_stairs":167,"tombstone:tomb_raiding":1,"stat.killEntity.Creeper":2,"stat.pickup.minecraft.string":2,"stat.pickup.techguns.t3_exo_helmet":1,"stat.entityKilledBy.techguns.PsychoSteve":1,"stat.pickup.tombstone.crafting_ingredient":1,"stat.pickup.techguns.t1_scout_helmet":49,"stat.killEntity.tombstone.grave_guardian":1,"stat.pickup.techguns.t1_scout_chestplate":95,"stat.sprintOneCm":183501,"stat.pickup.tombstone.magic_scroll":1,"stat.useItem.minecraft.dark_oak_door":3,"stat.useItem.tombstone.magic_scroll":1,"stat.pickup.harvestcraft.barleyitem":2,"stat.mineBlock.minecraft.crafting_table":1,"stat.drop.techguns.t1_scout_boots":1,"stat.pickup.securitycraft.universal_block_reinforcer_lvl3":1,"stat.pickup.botania.flower":1,"stat.pickup.minecraft.spawn_egg":29,"stat.pickup.harvestcraft.mustardseedsitem":2,"stat.deaths":8,"stat.mineBlock.minecraft.planks":5,"stat.drop":17,"stat.playOneMinute":221221,"stat.killEntity.Sheep":7,"stat.useItem.minecraft.ladder":16,"stat.pickup.techguns.t1_scout_boots":94,"stat.mineBlock.minecraft.tallgrass":1,"stat.diveOneCm":27850,"stat.drop.minecraft.diamond_pickaxe":1,"stat.pickup.harvestcraft.garlicitem":1,"stat.pickup.minecraft.wheat":2,"stat.chestOpened":10,"stat.pickup.techguns.t1_scout_leggings":100,"stat.useItem.minecraft.stone":30,"stat.mineBlock.botania.doubleflower1":1,"stat.jump":1571,"stat.pickup.minecraft.coal":1,"stat.fallOneCm":24865,"stat.pickup.minecraft.iron_ingot":5386,"stat.pickup.minecraft.carrot":4,"stat.pickup.minecraft.gunpowder":5588,"stat.crouchOneCm":3560,"stat.mineBlock.minecraft.chest":2,"stat.craftItem.minecraft.chest":2,"stat.pickup.minecraft.dirt":49,"stat.pickup.harvestcraft.bellpepperitem":3,"stat.craftingTableInteraction":1,"stat.useItem.minecraft.glass":66,"stat.pickup.techguns.revolver":22,"stat.killEntity.techguns.Bandit":57,"stat.damageTaken":2776,"stat.pickup.minecraft.leather":3,"stat.killEntity.techguns.ZombieMiner":11,"stat.drop.minecraft.water_bucket":3,"stat.pickup.minecraft.planks":6,"stat.killEntity.Llama":2,"stat.pickup.minecraft.bed":7,"stat.useItem.tombstone.grave_key":1,"tombstone:undead_killed":26,"stat.pickup.minecraft.wheat_seeds":5,"stat.pickup.tconstruct.materials":1,"stat.pickup.techguns.t1_miner_chestplate":2,"stat.damageDealt":860,"stat.sleepInBed":4,"stat.drop.minecraft.mob_spawner":2,"stat.mineBlock.minecraft.dirt":47,"stat.killEntity.Pig":2,"stat.pickup.techguns.itemshared":26464,"stat.walkOneCm":579286,"stat.useItem.minecraft.chest":2,"stat.playerKills":32,"stat.pickup.minecraft.diamond_pickaxe":1,"stat.useItem.minecraft.log":66,"stat.pickup.minecraft.crafting_table":1,"stat.pickup.techguns.t1_miner_boots":2,"stat.craftItem.minecraft.crafting_table":1,"stat.pickup.tconstruct.pickaxe":1,"stat.useItem.minecraft.lava_bucket":5,"stat.drop.tconstruct.materials":1,"stat.pickup.minecraft.iron_hoe":1,"stat.pickup.techguns.thompson":21,"stat.pickup.minecraft.log":5,"stat.useItem.tombstone.gift":1,"stat.pickup.mob_grinding_utils.saw_upgrade":140,"stat.drop.minecraft.planks":1,"stat.pickup.minecraft.apple":6,"stat.killEntity.Skeleton":2,"stat.craftItem.minecraft.planks":192,"stat.useItem.minecraft.iron_sword":4,"stat.drop.techguns.revolver":1,"stat.killEntity.Spider":1,"stat.pickup.minecraft.bread":4,"stat.pickup.techguns.pistol":19,"stat.mobKills":100,"stat.mineBlock.minecraft.log":5,"stat.pickup.harvestcraft.juteitem":3,"stat.pickup.tconstruct.slime_boots":5,"stat.sneakTime":2691,"stat.pickup.minecraft.wool":1,"stat.drop.tconstruct.book":1,"stat.pickup.minecraft.chest":2}