{"stats":{"minecraft:killed_by":{"zombie_extreme:night_hunter":2,"zombie_extreme:assasin_black_ops":1},"minecraft:killed":{"zombie_extreme:crawler":1,"zombie_extreme:boomer":2,"zombie_extreme:infected":1,"zombie_extreme:night_hunter":1,"stalwart_dungeons:reinforced_blaze":1,"minecraft:salmon":1,"atum:villager_male":2,"sons_of_sins:bloody_butcher":9,"zombie_extreme:demolisher":1,"minecraft:squid":1,"zombie_extreme:chainsaw":2,"minecraft:chicken":1,"zombie_extreme:infected_police":1,"zombie_extreme:assasin_black_ops":1,"zombie_extreme:runner":1,"zombie_extreme:fetus":1,"minecraft:cow":1},"minecraft:dropped":{"zombie_extreme:rotten_apple":1,"zombie_extreme:barbed_fence":1,"mca:book_romance":2,"mca:book_rose_gold":1},"minecraft:used":{"minecraft:wheat_seeds":2,"zombie_extreme:barbed_fence":1,"mca:male_villager_spawn_egg":8,"atum:villager_spawn_egg":2,"dungeons_gear:baby_crossbow":2,"dungeons_gear:chill_gale_knife":11,"dungeons_gear:sugar_rush":2,"zombie_extreme:syringe_stimulator":1,"zombie_extreme:last_hope":2,"iammusicplayer:cassette_deck":1,"minecraft:dried_kelp":2,"immersiveengineering:seed":3,"dungeons_gear:the_green_menace":1,"stalwart_dungeons:reinforced_blaze_spawn_egg":1,"minecraft:cookie":1,"minecraft:dirt":1,"iammusicplayer:boombox":1,"mca:female_villager_spawn_egg":8,"sons_of_sins:bloody_butcher_spawn_egg":9,"zombie_extreme:katana":2,"waystones:portstone":1,"dungeons_gear:shivering_bow":2,"minecraft:villager_spawn_egg":1,"zombie_extreme:whiskey":1,"dungeons_gear:harpoon_crossbow":1,"pamhc2crops:leekitem":1,"minecraft:oak_sapling":1,"mysticalworld:aubergine_seeds":2,"tombstone:gift":6,"dungeons_gear:slayer_crossbow":2},"minecraft:mined":{"minecraft:grass_block":1,"pamhc2crops:shadedgarden":1,"minecraft:oak_leaves":7},"minecraft:picked_up":{"minecraft:leather":1,"sons_of_sins:bloody_butcher_spawn_egg":1,"zombie_extreme:police_suit_chestplate":1,"mca:book_romance":2,"minecraft:dirt":1,"pamhc2crops:leekitem":1,"minecraft:bone":1,"stalwart_dungeons:blaze_armor_scrap":1,"minecraft:wheat_seeds":2,"minecraft:beef":3,"zombie_extreme:barbed_fence":1,"minecraft:egg":1,"sons_of_sins:bloody_bone":32,"sons_of_sins:butcher_carcass":9,"minecraft:bowl":1,"tombstone:grave_dust":5,"minecraft:rotten_flesh":10,"minecraft:diamond":1,"immersiveengineering:seed":3,"mysticalworld:aubergine_seeds":2,"zombie_extreme:rotten_apple":3,"minecraft:oak_sapling":1,"minecraft:blaze_rod":2},"minecraft:custom":{"minecraft:mob_kills":28,"minecraft:open_barrel":1,"minecraft:play_one_minute":138118,"minecraft:leave_game":3,"minecraft:time_since_death":20952,"minecraft:sleep_in_bed":3,"minecraft:climb_one_cm":2538,"minecraft:time_since_rest":5482,"minecraft:waystone_activated":1,"minecraft:sprint_one_cm":103628,"minecraft:damage_taken":978,"minecraft:walk_one_cm":91620,"minecraft:drop":5,"minecraft:damage_dealt":901,"minecraft:fly_one_cm":440609,"minecraft:open_chest":11,"minecraft:crouch_one_cm":1141,"tombstone:undead_killed":10,"minecraft:deaths":3,"minecraft:sneak_time":1645,"minecraft:walk_under_water_one_cm":1755,"tombstone:villager_killed":2,"minecraft:jump":447,"minecraft:walk_on_water_one_cm":5546,"minecraft:fall_one_cm":6290}},"DataVersion":2586}