{"stats":{"minecraft:mined":{"minecraft:glass_pane":2,"minecraft:torch":1,"minecraft:grass_block":2,"minecraft:brick_stairs":1,"minecraft:cobblestone":1,"minecraft:sugar_cane":10,"minecraft:bricks":1,"minecraft:wall_torch":1,"mekanism:copper_ore":4,"mekanism:fluorite_ore":6,"minecraft:iron_ore":9,"minecraft:andesite":10,"embellishcraft:basalt":1,"minecraft:stone":81,"ars_nouveau:arcane_ore":3,"minecraft:gold_ore":1},"minecraft:dropped":{"minecraft:wheat_seeds":4,"mysticalworld:aubergine_seeds":4,"minecraft:oak_pressure_plate":2,"embellishcraft:basalt_cobblestone":1,"minecraft:spruce_stairs":2,"minecraft:coal_block":1,"minecraft:lily_of_the_valley":2,"minecraft:dirt":1,"minecraft:flower_pot":3,"minecraft:brick_stairs":1,"minecraft:andesite":2,"minecraft:stone_brick_wall":3,"minecraft:stone_bricks":7,"minecraft:stone_brick_stairs":1,"immersiveengineering:seed":12,"minecraft:trapped_chest":1},"minecraft:custom":{"minecraft:interact_with_furnace":18,"minecraft:mob_kills":3,"minecraft:interact_with_crafting_table":7,"minecraft:open_barrel":2,"minecraft:play_one_minute":98090,"minecraft:leave_game":3,"minecraft:time_since_death":98090,"minecraft:climb_one_cm":23812,"minecraft:time_since_rest":98090,"minecraft:waystone_activated":4,"minecraft:sprint_one_cm":201363,"minecraft:damage_taken":925,"minecraft:walk_one_cm":180560,"minecraft:trigger_trapped_chest":1,"minecraft:drop":37,"minecraft:fly_one_cm":416379,"minecraft:open_chest":38,"minecraft:crouch_one_cm":2039,"minecraft:sneak_time":1417,"minecraft:walk_under_water_one_cm":947,"minecraft:jump":1539,"minecraft:walk_on_water_one_cm":9266,"minecraft:fall_one_cm":43010},"minecraft:picked_up":{"minecraft:crafting_table":2,"minecraft:flower_pot":3,"minecraft:andesite":10,"apotheosis:weapon_book":1,"minecraft:stone_brick_wall":3,"minecraft:stone_brick_stairs":7,"securitycraft:reinforced_ladder":1,"minecraft:dirt":2,"minecraft:paper":26,"minecraft:item_frame":4,"ars_nouveau:mana_gem":3,"minecraft:stone_bricks":7,"minecraft:acacia_trapdoor":1,"minecraft:wheat_seeds":4,"securitycraft:reinforced_cut_red_sandstone":1,"apotheosis:scrap_tome":1,"minecraft:spruce_planks":9,"minecraft:iron_ore":7,"apotheosis:digger_book":1,"minecraft:spruce_slab":6,"mekanism:copper_ore":4,"minecraft:sugar_cane":260,"minecraft:book":9,"embellishcraft:basalt_cobblestone":1,"minecraft:oak_pressure_plate":2,"minecraft:dandelion":6,"minecraft:torch":4,"minecraft:spruce_stairs":2,"apotheosis:common_tome":2,"minecraft:lily_of_the_valley":2,"minecraft:gold_ore":1,"securitycraft:reinforced_glowstone":1,"minecraft:trapped_chest":1,"immersiveengineering:seed":13,"zombie_extreme:infected_hazmat_spawn_egg":1,"mysticalworld:aubergine_seeds":4,"mekanism:fluorite_gem":19,"minecraft:brick_stairs":1,"minecraft:coal":60,"minecraft:cobblestone":81},"minecraft:crafted":{"minecraft:coal_block":2,"minecraft:iron_helmet":1,"minecraft:air":0,"minecraft:diamond_helmet":1,"minecraft:iron_chestplate":1,"minecraft:iron_ingot":30,"minecraft:iron_leggings":1,"minecraft:gold_ingot":32},"minecraft:killed":{"zombie_extreme:infected_hazmat":1,"zombie_extreme:infected_police":1,"zombie_extreme:assasin_black_ops":1},"minecraft:used":{"tac:workbench":1,"zombie_extreme:cleaver":3,"minecraft:acacia_trapdoor":1,"minecraft:ladder":1,"minecraft:chest":18,"minecraft:stone":1,"minecraft:sugar_cane":4,"zombie_extreme:vodka":1,"minecraft:torch":9,"minecraft:dirt":1,"securitycraft:keypad_item":2,"securitycraft:reinforced_cut_red_sandstone":19,"minecraft:light_gray_terracotta":1,"securitycraft:reinforced_ladder":17,"securitycraft:reinforced_stone":289,"minecraft:granite":6,"minecraft:milk_bucket":1,"minecraft:polished_diorite":1,"securitycraft:reinforced_glowstone":5,"zombie_extreme:black_ops_cargo":1,"waystones:waystone":2,"minecraft:iron_pickaxe":119,"zombie_extreme:syringe_drug":1,"minecraft:cobblestone":43,"minecraft:andesite":8,"zombie_extreme:pill_anti_hunger":1}},"DataVersion":2586}