{"stats":{"minecraft:crafted":{"minecraft:crafting_table":1,"minecraft:wooden_pickaxe":1,"minecraft:jungle_planks":12,"minecraft:stick":8,"minecraft:iron_ingot":24,"minecraft:iron_pickaxe":3,"minecraft:cobblestone_wall":6,"minecraft:torch":4},"minecraft:picked_up":{"dungeons_gear:beehive_leggings":1,"minecraft:tripwire_hook":4,"minecraft:andesite":202,"minecraft:jungle_log":3,"tconstruct:materials_and_you":1,"endrem:corrupted_eye":1,"dungeons_gear:stalwart_helmet":1,"mysticalworld:lead_ore":1,"mca:book_rose_gold":1,"joshxmas:ginger":5,"minecraft:diamond_horse_armor":1,"minecraft:crimson_fungus":1,"dungeons_gear:vine_whip":1,"faithfulbackrooms:aluminium_13_ore":1,"minecraft:nether_wart_block":4,"minecraft:cobblestone_wall":1,"scalinghealth:heart_crystal":1,"mca:book_romance":1,"immersiveengineering:treated_wood_horizontal":8,"minecraft:lapis_lazuli":6,"prefab:item_start_house":1,"minecraft:acacia_planks":2,"minecraft:kelp":118,"minecraft:wheat_seeds":1,"minecraft:gold_nugget":5,"minecraft:bucket":7,"minecraft:iron_ore":2,"minecraft:iron_ingot":2,"tombstone:scroll_of_reach":2,"minecraft:glass_bottle":1,"minecraft:poppy":1,"minecraft:iron_pickaxe":1,"minecraft:light_gray_wool":1,"minecraft:bamboo":3,"mekanism:osmium_ore":8,"minecraft:chest":1,"minecraft:soul_sand":1,"minecraft:acacia_sapling":10,"embellishcraft:basalt_cobblestone":29,"minecraft:spruce_pressure_plate":1,"minecraft:stick":2,"mekanism:tin_ore":6,"minecraft:torch":11,"minecraft:quartz":28,"theabyss:guide_book":1,"minecraft:jungle_planks":4,"dungeons_gear:champions_helmet":1,"minecraft:diorite":270,"minecraft:jungle_slab":1,"minecraft:redstone":9,"minecraft:red_terracotta":6,"minecraft:mossy_cobblestone":40,"minecraft:stone_pressure_plate":2,"tconstruct:sky_slime_ball":10,"minecraft:rotten_flesh":22,"minecraft:stone_shovel":3,"immersiveengineering:seed":1,"minecraft:jungle_stairs":2,"minecraft:crossbow":1,"minecraft:granite":20,"minecraft:gold_ingot":3,"minecraft:emerald":5,"endrem:rogue_eye":1,"minecraft:netherrack":17,"tconstruct:earth_slime_sapling":1,"minecraft:mutton":1,"minecraft:cobblestone":131},"minecraft:custom":{"minecraft:interact_with_furnace":2,"minecraft:mob_kills":11,"minecraft:interact_with_crafting_table":9,"minecraft:play_one_minute":151329,"minecraft:leave_game":6,"minecraft:time_since_death":18921,"minecraft:climb_one_cm":17714,"minecraft:sleep_in_bed":2,"minecraft:time_since_rest":17516,"minecraft:waystone_activated":2,"minecraft:sprint_one_cm":182636,"minecraft:damage_taken":3226,"minecraft:walk_one_cm":411323,"minecraft:drop":23,"minecraft:damage_dealt":765,"tombstone:cast_on_ally":0,"minecraft:swim_one_cm":1618,"minecraft:fly_one_cm":226801,"minecraft:open_chest":37,"minecraft:crouch_one_cm":1001,"tombstone:undead_killed":1,"minecraft:deaths":6,"minecraft:sneak_time":2475,"minecraft:walk_under_water_one_cm":113646,"minecraft:jump":1355,"minecraft:walk_on_water_one_cm":63195,"minecraft:fall_one_cm":27334,"minecraft:inspect_dispenser":1},"minecraft:killed_by":{"minecraft:piglin":3,"minecraft:player":3},"minecraft:used":{"minecraft:water_bucket":12,"minecraft:diorite":94,"tombstone:scroll_of_reach":2,"minecraft:flint_and_steel":3,"minecraft:poppy":1,"minecraft:glass_bottle":4,"minecraft:oak_sign":8,"minecraft:chest":1,"minecraft:wooden_pickaxe":7,"minecraft:stone":126,"minecraft:rotten_flesh":4,"minecraft:netherrack":13,"minecraft:torch":12,"minecraft:hopper":1,"minecraft:soul_sand":3,"minecraft:mossy_cobblestone":10,"minecraft:dirt":5,"minecraft:sand":4,"scalinghealth:heart_crystal":1,"minecraft:crafting_table":1,"minecraft:cobblestone_wall":3,"immersiveengineering:treated_wood_horizontal":49,"dungeons_gear:vine_whip":21,"mekanism:tin_ore":2,"minecraft:obsidian":12,"minecraft:creeper_spawn_egg":1,"minecraft:oak_stairs":8,"minecraft:grass_block":1,"minecraft:bread":6,"minecraft:iron_pickaxe":233,"minecraft:spawner":1,"minecraft:spruce_pressure_plate":1,"embellishcraft:basalt_cobblestone":5,"minecraft:piglin_brute_spawn_egg":1,"minecraft:magma_block":1,"minecraft:nether_wart_block":4,"minecraft:cobblestone":89,"minecraft:potion":4,"toughasnails:purified_water_bottle":1,"minecraft:andesite":55,"minecraft:bucket":9,"minecraft:stone_pressure_plate":2,"minecraft:kelp":118,"minecraft:acacia_planks":1,"minecraft:experience_bottle":1},"minecraft:broken":{"minecraft:iron_pickaxe":1},"minecraft:mined":{"mekanism:osmium_ore":4,"minecraft:mossy_cobblestone":9,"minecraft:crimson_nylium":8,"minecraft:torch":4,"minecraft:granite":9,"embellishcraft:basalt_cobblestone":2,"minecraft:chest":1,"minecraft:jungle_log":3,"mekanism:tin_ore":4,"minecraft:redstone_wire":3,"minecraft:nether_quartz_ore":28,"minecraft:cobblestone":29,"minecraft:diorite":79,"minecraft:wall_torch":4,"minecraft:nether_wart_block":6,"minecraft:cobblestone_wall":1,"minecraft:andesite":26,"minecraft:grass":2,"embellishcraft:basalt":23,"minecraft:tripwire_hook":1,"minecraft:netherrack":12},"minecraft:killed":{"minecraft:creeper":4,"tconstruct:sky_slime":4,"minecraft:sheep":1,"minecraft:zombie":1},"minecraft:dropped":{"minecraft:water_bucket":3,"minecraft:iron_ingot":4,"minecraft:soul_sand":2,"minecraft:mossy_cobblestone":2,"minecraft:obsidian":1,"minecraft:stone_shovel":2,"minecraft:cobblestone":16,"minecraft:oak_sign":1,"minecraft:red_terracotta":3,"minecraft:diorite":55,"tconstruct:earth_slime_sapling":1,"minecraft:wooden_pickaxe":1,"minecraft:iron_pickaxe":1,"immersiveengineering:seed":1}},"DataVersion":2586}