{"stats":{"minecraft:killed":{"zombie_extreme:chainsaw":2,"zombie_extreme:crawler":1,"zombie_extreme:boomer":2,"minecraft:chicken":1,"zombie_extreme:infected":1,"zombie_extreme:night_hunter":1,"minecraft:salmon":1,"zombie_extreme:infected_police":1,"sons_of_sins:bloody_butcher":9,"zombie_extreme:runner":1,"zombie_extreme:fetus":1,"zombie_extreme:demolisher":1,"minecraft:squid":1,"minecraft:cow":1},"minecraft:used":{"dungeons_gear:shivering_bow":2,"dungeons_gear:baby_crossbow":2,"dungeons_gear:sugar_rush":2,"zombie_extreme:syringe_stimulator":1,"iammusicplayer:cassette_deck":1,"minecraft:dried_kelp":2,"dungeons_gear:the_green_menace":1,"dungeons_gear:harpoon_crossbow":1,"iammusicplayer:boombox":1,"tombstone:gift":2,"sons_of_sins:bloody_butcher_spawn_egg":9,"dungeons_gear:slayer_crossbow":2},"minecraft:picked_up":{"sons_of_sins:bloody_bone":32,"minecraft:leather":1,"sons_of_sins:butcher_carcass":9,"tombstone:grave_dust":5,"sons_of_sins:bloody_butcher_spawn_egg":1,"zombie_extreme:police_suit_chestplate":1,"minecraft:bone":1,"minecraft:rotten_flesh":9,"minecraft:diamond":1,"minecraft:beef":3,"zombie_extreme:rotten_apple":2,"minecraft:egg":1},"minecraft:custom":{"minecraft:time_since_rest":100215,"minecraft:sprint_one_cm":30055,"minecraft:damage_taken":213,"minecraft:walk_one_cm":24866,"minecraft:mob_kills":24,"minecraft:damage_dealt":88,"minecraft:fly_one_cm":75780,"minecraft:open_chest":1,"minecraft:crouch_one_cm":257,"minecraft:play_one_minute":100215,"tombstone:undead_killed":10,"minecraft:sneak_time":369,"minecraft:jump":80,"minecraft:leave_game":1,"minecraft:time_since_death":100215,"minecraft:climb_one_cm":1134,"minecraft:fall_one_cm":267}},"DataVersion":2586}