{"stats":{"minecraft:killed":{"mutantbeasts:mutant_zombie":1,"mutantbeasts:mutant_creeper":1,"mutantbeasts:mutant_skeleton":1,"betteranimalsplus:goat":3},"minecraft:picked_up":{"mutantbeasts:creeper_shard":1,"scalinghealth:heart_crystal_shard":4,"minecraft:leather":6,"minecraft:ender_eye":5,"minecraft:ender_pearl":3,"minecraft:mutton":14,"minecraft:dirt":7,"minecraft:cobblestone":3},"minecraft:dropped":{"minecraft:leather":6,"minecraft:mutton":8},"minecraft:used":{"mutantbeasts:mutant_zombie_spawn_egg":1,"scalinghealth:heart_crystal":142,"mutantbeasts:mutant_skeleton_spawn_egg":1,"mutantbeasts:mutant_enderman_spawn_egg":1,"mutantbeasts:mutant_creeper_spawn_egg":1,"scalinghealth:power_crystal":63,"mutantbeasts:creeper_shard":1},"minecraft:custom":{"minecraft:time_since_rest":6897,"minecraft:waystone_activated":1,"minecraft:play_one_minute":6897,"minecraft:sprint_one_cm":5239,"tombstone:undead_killed":2,"minecraft:walk_one_cm":8429,"minecraft:sneak_time":225,"minecraft:mob_kills":7,"minecraft:drop":14,"minecraft:jump":39,"minecraft:damage_dealt":6482,"minecraft:leave_game":1,"minecraft:time_since_death":6897,"minecraft:fall_one_cm":269,"minecraft:fly_one_cm":55447}},"DataVersion":2586}