{"stats":{"minecraft:crafted":{"minecraft:cobblestone_wall":6,"minecraft:crafting_table":1,"minecraft:wooden_pickaxe":1,"minecraft:jungle_planks":12,"minecraft:stick":8,"minecraft:iron_ingot":24,"minecraft:iron_pickaxe":3,"minecraft:torch":4},"minecraft:picked_up":{"dungeons_gear:beehive_leggings":1,"endrem:corrupted_eye":1,"tconstruct:materials_and_you":1,"dungeons_gear:stalwart_helmet":1,"mca:book_rose_gold":1,"minecraft:diamond_horse_armor":1,"dungeons_gear:vine_whip":1,"prefab:item_start_house":1,"minecraft:gold_nugget":5,"minecraft:bucket":7,"mekanism:copper_ore":2,"minecraft:light_gray_wool":1,"minecraft:poppy":1,"minecraft:iron_pickaxe":1,"minecraft:sugar_cane":68,"minecraft:chest":1,"minecraft:spruce_pressure_plate":1,"minecraft:stick":2,"mekanism:tin_ore":6,"minecraft:torch":11,"theabyss:guide_book":1,"minecraft:diorite":282,"minecraft:carrot":1,"minecraft:redstone":9,"minecraft:stone_pressure_plate":2,"tconstruct:sky_slime_ball":10,"minecraft:stone_shovel":3,"minecraft:rotten_flesh":22,"minecraft:jungle_stairs":2,"minecraft:gold_ingot":3,"endrem:rogue_eye":1,"tconstruct:earth_slime_sapling":1,"minecraft:mutton":1,"minecraft:cobblestone":131,"minecraft:tripwire_hook":4,"minecraft:jungle_log":3,"minecraft:andesite":206,"joshxmas:ginger":5,"mysticalworld:lead_ore":1,"minecraft:crimson_fungus":1,"mysticalworld:tin_ore":1,"minecraft:gunpowder":25,"minecraft:nether_wart_block":4,"faithfulbackrooms:aluminium_13_ore":1,"minecraft:cobblestone_wall":1,"minecraft:dirt":10,"mca:book_romance":1,"scalinghealth:heart_crystal":1,"immersiveengineering:treated_wood_horizontal":8,"minecraft:lapis_lazuli":6,"minecraft:acacia_planks":2,"minecraft:kelp":118,"minecraft:creeper_spawn_egg":2,"minecraft:wheat_seeds":1,"minecraft:iron_ingot":2,"minecraft:iron_ore":2,"tombstone:scroll_of_reach":2,"minecraft:bamboo":12,"minecraft:glass_bottle":1,"mekanism:osmium_ore":8,"minecraft:acacia_sapling":10,"minecraft:soul_sand":1,"embellishcraft:basalt_cobblestone":32,"minecraft:oak_slab":2,"minecraft:quartz":28,"minecraft:jungle_planks":4,"dungeons_gear:champions_helmet":1,"minecraft:red_terracotta":6,"minecraft:jungle_slab":1,"minecraft:mossy_cobblestone":40,"immersiveengineering:seed":3,"minecraft:granite":20,"minecraft:crossbow":1,"minecraft:emerald":5,"minecraft:netherrack":17},"minecraft:custom":{"minecraft:mob_kills":35,"minecraft:inspect_hopper":1,"minecraft:interact_with_crafting_table":9,"minecraft:leave_game":7,"minecraft:time_since_death":0,"minecraft:climb_one_cm":17714,"minecraft:sprint_one_cm":198233,"minecraft:walk_one_cm":479555,"minecraft:drop":26,"minecraft:deaths":7,"minecraft:sneak_time":3137,"minecraft:walk_under_water_one_cm":185777,"minecraft:jump":1509,"minecraft:walk_on_water_one_cm":66509,"minecraft:interact_with_furnace":2,"minecraft:play_one_minute":172467,"minecraft:sleep_in_bed":2,"minecraft:time_since_rest":0,"minecraft:waystone_activated":2,"minecraft:damage_taken":3846,"minecraft:damage_dealt":1523,"tombstone:cast_on_ally":0,"minecraft:swim_one_cm":1671,"minecraft:fly_one_cm":252642,"minecraft:open_chest":61,"minecraft:crouch_one_cm":1572,"tombstone:undead_killed":2,"minecraft:fall_one_cm":29900,"minecraft:inspect_dispenser":1},"minecraft:killed_by":{"minecraft:player":3,"minecraft:zombified_piglin":1,"minecraft:piglin":3},"minecraft:used":{"minecraft:flint_and_steel":3,"minecraft:poppy":1,"minecraft:oak_sign":10,"minecraft:chest":4,"minecraft:stone":126,"minecraft:rotten_flesh":4,"minecraft:netherrack":13,"minecraft:torch":17,"minecraft:dirt":6,"minecraft:soul_sand":3,"scalinghealth:heart_crystal":2,"mekanism:copper_ore":7,"minecraft:hopper":3,"minecraft:cobblestone_wall":3,"minecraft:carrot":2,"immersiveengineering:treated_wood_horizontal":49,"dungeons_gear:vine_whip":45,"mekanism:tin_ore":2,"minecraft:obsidian":12,"minecraft:grass_block":1,"minecraft:oak_stairs":8,"minecraft:spawner":1,"embellishcraft:basalt_cobblestone":5,"minecraft:piglin_brute_spawn_egg":1,"minecraft:magma_block":1,"minecraft:stone_pressure_plate":2,"minecraft:acacia_planks":1,"minecraft:water_bucket":12,"minecraft:diorite":107,"tombstone:scroll_of_reach":2,"minecraft:cobblestone_stairs":9,"minecraft:glass_bottle":4,"minecraft:wooden_pickaxe":7,"minecraft:sugar_cane":32,"minecraft:cobblestone_slab":8,"minecraft:mossy_cobblestone":10,"minecraft:sand":5,"minecraft:oak_slab":6,"minecraft:crafting_table":1,"minecraft:creeper_spawn_egg":1,"minecraft:bread":6,"minecraft:iron_pickaxe":247,"minecraft:spruce_pressure_plate":1,"minecraft:nether_wart_block":4,"minecraft:cobblestone":89,"minecraft:potion":4,"toughasnails:purified_water_bottle":1,"minecraft:bucket":9,"minecraft:andesite":106,"minecraft:kelp":118,"minecraft:experience_bottle":1},"minecraft:broken":{"minecraft:iron_pickaxe":1},"minecraft:mined":{"minecraft:mossy_cobblestone":9,"minecraft:granite":9,"minecraft:jungle_log":3,"minecraft:redstone_wire":3,"mekanism:copper_ore":1,"minecraft:andesite":26,"embellishcraft:basalt":26,"minecraft:bamboo":1,"mekanism:osmium_ore":4,"minecraft:crimson_nylium":8,"minecraft:torch":4,"embellishcraft:basalt_cobblestone":2,"minecraft:chest":1,"mekanism:tin_ore":4,"minecraft:nether_quartz_ore":28,"minecraft:tall_grass":1,"minecraft:cobblestone":29,"minecraft:sugar_cane":45,"minecraft:diorite":89,"minecraft:wall_torch":5,"minecraft:cobblestone_wall":1,"minecraft:nether_wart_block":6,"minecraft:grass":2,"minecraft:tripwire_hook":1,"minecraft:netherrack":12},"minecraft:killed":{"minecraft:spider":1,"tconstruct:sky_slime":4,"minecraft:creeper":26,"minecraft:sheep":1,"minecraft:zombie":2},"minecraft:dropped":{"minecraft:water_bucket":3,"minecraft:iron_ingot":4,"minecraft:soul_sand":2,"minecraft:mossy_cobblestone":2,"minecraft:cobblestone":16,"minecraft:dirt":11,"minecraft:diorite":55,"minecraft:iron_pickaxe":1,"minecraft:obsidian":1,"minecraft:stone_shovel":2,"minecraft:oak_sign":1,"minecraft:red_terracotta":3,"tconstruct:earth_slime_sapling":1,"minecraft:bamboo":9,"minecraft:wooden_pickaxe":1,"immersiveengineering:seed":2}},"DataVersion":2586}