{"stats":{"minecraft:picked_up":{"sons_of_sins:bloody_bone":32,"minecraft:rotten_flesh":9,"minecraft:diamond":1,"minecraft:leather":1,"sons_of_sins:butcher_carcass":9,"minecraft:beef":3,"zombie_extreme:rotten_apple":2,"tombstone:grave_dust":5,"sons_of_sins:bloody_butcher_spawn_egg":1,"zombie_extreme:police_suit_chestplate":1},"minecraft:killed":{"zombie_extreme:infected_police":1,"sons_of_sins:bloody_butcher":9,"zombie_extreme:boomer":2,"zombie_extreme:fetus":1,"zombie_extreme:demolisher":1,"minecraft:squid":1,"minecraft:cow":1,"minecraft:salmon":1},"minecraft:custom":{"minecraft:time_since_rest":96554,"minecraft:open_chest":1,"minecraft:crouch_one_cm":32,"minecraft:play_one_minute":96554,"minecraft:sprint_one_cm":23114,"minecraft:damage_taken":213,"tombstone:undead_killed":10,"minecraft:walk_one_cm":16193,"minecraft:sneak_time":304,"minecraft:mob_kills":17,"minecraft:jump":56,"minecraft:damage_dealt":18,"minecraft:leave_game":1,"minecraft:time_since_death":96554,"minecraft:fall_one_cm":267,"minecraft:fly_one_cm":52817},"minecraft:used":{"dungeons_gear:shivering_bow":2,"dungeons_gear:harpoon_crossbow":1,"dungeons_gear:baby_crossbow":2,"iammusicplayer:boombox":1,"dungeons_gear:sugar_rush":2,"zombie_extreme:syringe_stimulator":1,"iammusicplayer:cassette_deck":1,"minecraft:dried_kelp":2,"tombstone:gift":2,"sons_of_sins:bloody_butcher_spawn_egg":9,"dungeons_gear:the_green_menace":1,"dungeons_gear:slayer_crossbow":2}},"DataVersion":2586}