{"stat.chestOpened":2,"stat.pickup.techguns.itemshared":2,"stat.walkOneCm":126260,"stat.useItem.minecraft.chest":2,"stat.mineBlock.botania.doubleflower1":1,"stat.leaveGame":3,"stat.useItem.minecraft.log":66,"stat.pickup.minecraft.crafting_table":1,"stat.craftItem.minecraft.crafting_table":1,"stat.entityKilledBy.techguns.ZombieMiner":2,"stat.craftItem.tombstone.grave_key":3,"stat.useItem.minecraft.dark_oak_stairs":167,"stat.pickup.minecraft.log":5,"stat.jump":384,"stat.swimOneCm":192,"stat.fallOneCm":6113,"stat.useItem.minecraft.planks":358,"stat.useItem.tombstone.gift":1,"stat.killEntity.tombstone.grave_guardian":1,"stat.pickup.minecraft.porkchop":1,"stat.drop.minecraft.planks":1,"stat.pickup.minecraft.gunpowder":2,"stat.pickup.techguns.t1_scout_chestplate":1,"stat.crouchOneCm":644,"stat.mineBlock.minecraft.chest":2,"stat.craftItem.minecraft.chest":2,"stat.pickup.minecraft.dirt":47,"stat.useItem.minecraft.dirt":10,"stat.sprintOneCm":52807,"stat.useItem.minecraft.stone_slab2":50,"stat.useItem.tombstone.guardian_stone":1,"stat.craftingTableInteraction":1,"stat.useItem.minecraft.glass":66,"stat.useItem.minecraft.dark_oak_door":3,"stat.craftItem.minecraft.planks":192,"stat.killEntity.techguns.Bandit":1,"stat.damageTaken":1060,"stat.mineBlock.minecraft.crafting_table":1,"stat.pickup.minecraft.cobblestone":1,"stat.mobKills":8,"stat.mineBlock.minecraft.log":5,"stat.pickup.minecraft.planks":6,"stat.flyOneCm":84978,"stat.pickup.minecraft.bed":6,"stat.deaths":3,"stat.mineBlock.minecraft.planks":5,"stat.useItem.tombstone.grave_key":1,"tombstone:undead_killed":2,"stat.drop":1,"stat.pickup.minecraft.wheat_seeds":1,"stat.playOneMinute":54874,"stat.killEntity.Sheep":5,"stat.sneakTime":574,"stat.damageDealt":27,"stat.sleepInBed":4,"stat.timeSinceDeath":35046,"stat.mineBlock.minecraft.dirt":47,"stat.useItem.minecraft.spawn_egg":1,"stat.killEntity.Pig":1,"stat.mineBlock.minecraft.tallgrass":1,"stat.diveOneCm":317,"stat.pickup.minecraft.chest":2}