{"stat.chestOpened":3,"stat.mineBlock.botania.doubleflower1":1,"stat.leaveGame":3,"stat.entityKilledBy.techguns.ZombieMiner":3,"stat.craftItem.tombstone.grave_key":4,"stat.pickup.tombstone.familiar_stone":1,"stat.jump":1119,"stat.swimOneCm":4862,"stat.pickup.minecraft.coal":1,"stat.fallOneCm":14605,"stat.useItem.minecraft.planks":358,"stat.pickup.minecraft.porkchop":1,"stat.pickup.minecraft.gunpowder":6,"stat.crouchOneCm":969,"stat.mineBlock.minecraft.chest":2,"stat.craftItem.minecraft.chest":2,"stat.pickup.minecraft.dirt":49,"stat.useItem.minecraft.dirt":10,"stat.useItem.minecraft.stone_slab2":135,"stat.useItem.tombstone.guardian_stone":1,"stat.pickup.harvestcraft.bellpepperitem":3,"stat.pickup.minecraft.iron_boots":1,"stat.craftingTableInteraction":1,"stat.useItem.minecraft.glass":66,"stat.pickup.techguns.revolver":1,"stat.entityKilledBy.Spider":1,"stat.killEntity.techguns.Bandit":1,"stat.damageTaken":1919,"stat.pickup.minecraft.leather":3,"stat.killEntity.techguns.ZombieMiner":9,"stat.pickup.minecraft.cobblestone":1,"stat.pickup.minecraft.planks":6,"stat.flyOneCm":671544,"stat.pickup.minecraft.bed":7,"stat.useItem.tombstone.grave_key":1,"tombstone:undead_killed":17,"stat.pickup.minecraft.wheat_seeds":5,"stat.pickup.techguns.t1_miner_chestplate":2,"stat.killEntity.Witch":1,"stat.drop.minecraft.wheat_seeds":3,"stat.killEntity.techguns.ZombieFarmer":6,"stat.damageDealt":221,"stat.pickup.harvestcraft.leekitem":4,"stat.pickup.minecraft.redstone":12,"stat.sleepInBed":4,"stat.timeSinceDeath":35682,"stat.mineBlock.minecraft.dirt":47,"stat.useItem.minecraft.spawn_egg":1,"stat.killEntity.Pig":2,"stat.pickup.techguns.itemshared":7,"stat.walkOneCm":272819,"stat.useItem.minecraft.chest":2,"stat.pickup.harvestcraft.whitemushroomitem":3,"stat.playerKills":16,"stat.useItem.minecraft.log":66,"stat.pickup.minecraft.crafting_table":1,"stat.pickup.techguns.t1_miner_boots":2,"stat.craftItem.minecraft.crafting_table":1,"stat.killEntity.Wolf":2,"stat.useItem.minecraft.dark_oak_stairs":167,"tombstone:tomb_raiding":1,"stat.pickup.minecraft.iron_hoe":1,"stat.pickup.minecraft.log":5,"stat.pickup.minecraft.string":2,"stat.entityKilledBy.techguns.PsychoSteve":1,"stat.useItem.tombstone.gift":1,"stat.killEntity.tombstone.grave_guardian":1,"stat.drop.minecraft.planks":1,"stat.pickup.techguns.t1_scout_chestplate":1,"stat.sprintOneCm":112172,"stat.pickup.minecraft.apple":6,"stat.useItem.minecraft.dark_oak_door":3,"stat.craftItem.minecraft.planks":192,"stat.drop.techguns.revolver":1,"stat.mineBlock.minecraft.crafting_table":1,"stat.killEntity.Spider":1,"stat.pickup.minecraft.bread":4,"stat.mobKills":31,"stat.mineBlock.minecraft.log":5,"stat.pickup.botania.flower":1,"stat.deaths":6,"stat.mineBlock.minecraft.planks":5,"stat.drop":6,"stat.playOneMinute":104065,"stat.pickup.harvestcraft.juteitem":3,"stat.killEntity.Sheep":7,"stat.sneakTime":796,"stat.pickup.minecraft.wool":1,"stat.drop.tconstruct.book":1,"stat.mineBlock.minecraft.tallgrass":1,"stat.diveOneCm":4559,"stat.pickup.minecraft.chest":2,"stat.pickup.harvestcraft.garlicitem":1,"stat.pickup.minecraft.wheat":2}