{"stats":{"minecraft:killed":{"zombie_extreme:infected_hazmat":1,"zombie_extreme:infected_police":1,"zombie_extreme:assasin_black_ops":1},"minecraft:dropped":{"minecraft:dirt":1,"minecraft:flower_pot":3,"minecraft:stone_brick_wall":3,"minecraft:stone_bricks":7,"minecraft:trapped_chest":1,"minecraft:stone_brick_stairs":1,"minecraft:spruce_stairs":2,"minecraft:lily_of_the_valley":2},"minecraft:used":{"zombie_extreme:syringe_drug":1,"minecraft:dirt":1,"minecraft:milk_bucket":1,"zombie_extreme:pill_anti_hunger":1,"zombie_extreme:black_ops_cargo":1},"minecraft:picked_up":{"minecraft:book":9,"minecraft:crafting_table":2,"minecraft:flower_pot":3,"apotheosis:weapon_book":1,"minecraft:spruce_stairs":2,"minecraft:stone_brick_wall":3,"minecraft:stone_brick_stairs":7,"apotheosis:common_tome":2,"minecraft:lily_of_the_valley":2,"minecraft:trapped_chest":1,"minecraft:dirt":2,"minecraft:item_frame":4,"minecraft:stone_bricks":7,"zombie_extreme:infected_hazmat_spawn_egg":1,"apotheosis:scrap_tome":1,"minecraft:spruce_planks":9,"apotheosis:digger_book":1,"minecraft:spruce_slab":6},"minecraft:mined":{"minecraft:grass_block":2},"minecraft:custom":{"minecraft:time_since_rest":29838,"minecraft:waystone_activated":1,"minecraft:interact_with_furnace":3,"minecraft:sprint_one_cm":62857,"minecraft:damage_taken":617,"minecraft:walk_one_cm":66689,"minecraft:trigger_trapped_chest":1,"minecraft:mob_kills":3,"minecraft:drop":10,"minecraft:fly_one_cm":107699,"minecraft:open_chest":24,"minecraft:play_one_minute":29838,"minecraft:sneak_time":7,"minecraft:walk_under_water_one_cm":165,"minecraft:jump":413,"minecraft:leave_game":1,"minecraft:time_since_death":29838,"minecraft:walk_on_water_one_cm":617,"minecraft:climb_one_cm":10714,"minecraft:fall_one_cm":14070}},"DataVersion":2586}