{"stats":{"minecraft:custom":{"minecraft:mob_kills":29,"minecraft:interact_with_crafting_table":5,"minecraft:open_barrel":5,"minecraft:leave_game":9,"minecraft:time_since_death":206471,"minecraft:climb_one_cm":23050,"minecraft:sprint_one_cm":368266,"minecraft:walk_one_cm":553196,"minecraft:drop":16,"minecraft:deaths":4,"minecraft:sneak_time":4613,"minecraft:walk_under_water_one_cm":2538,"minecraft:jump":1671,"minecraft:interact_with_blast_furnace":2,"minecraft:walk_on_water_one_cm":13269,"minecraft:interact_with_furnace":5,"minecraft:interact_with_cartography_table":1,"minecraft:play_one_minute":409383,"minecraft:interact_with_grindstone":5,"minecraft:interact_with_stonecutter":3,"minecraft:sleep_in_bed":3,"minecraft:time_since_rest":205541,"minecraft:waystone_activated":3,"minecraft:damage_taken":1150,"minecraft:damage_dealt":1301,"minecraft:fly_one_cm":712577,"minecraft:player_kills":1,"minecraft:open_chest":47,"minecraft:crouch_one_cm":8717,"tombstone:undead_killed":10,"tombstone:villager_killed":2,"minecraft:interact_with_smoker":2,"minecraft:fall_one_cm":30981},"minecraft:crafted":{"securitycraft:reinforced_blackstone_slab":6,"mysticalworld:silver_ingot":4,"minecraft:ladder":3,"minecraft:iron_helmet":1,"minecraft:air":0,"tac:workbench":1},"minecraft:killed":{"zombie_extreme:night_hunter":1,"sons_of_sins:bloody_butcher":9,"zombie_extreme:demolisher":1,"minecraft:chicken":1,"zombie_extreme:runner":2,"zombie_extreme:crawler":1,"zombie_extreme:boomer":2,"zombie_extreme:infected":1,"stalwart_dungeons:reinforced_blaze":1,"minecraft:salmon":1,"atum:villager_male":2,"minecraft:squid":1,"zombie_extreme:chainsaw":2,"zombie_extreme:infected_police":1,"zombie_extreme:assasin_black_ops":1,"zombie_extreme:fetus":1,"minecraft:cow":1},"minecraft:used":{"zombie_extreme:barbed_fence":1,"atum:villager_spawn_egg":2,"dungeons_gear:baby_crossbow":2,"dungeons_gear:sugar_rush":2,"dungeons_gear:corrupted_crossbow":1,"zombie_extreme:syringe_stimulator":1,"zombie_extreme:last_hope":4,"ars_nouveau:dominion_wand":2,"minecraft:dried_kelp":2,"immersiveengineering:seed":3,"minecraft:ladder":5,"minecraft:black_carpet":1,"minecraft:chest":67,"securitycraft:scanner_trapdoor":1,"minecraft:stone":51,"securitycraft:reinforced_basalt":1,"securitycraft:security_camera":4,"stalwart_dungeons:reinforced_blaze_spawn_egg":2,"minecraft:torch":24,"securitycraft:reinforced_soul_lantern":13,"minecraft:dirt":2,"iammusicplayer:boombox":1,"toms_storage:ts.inventory_cable":14,"toms_storage:ts.crafting_terminal":2,"securitycraft:keypad_item":3,"securitycraft:reinforced_stone":391,"waystones:portstone":1,"dungeons_gear:shivering_bow":2,"securitycraft:camera_monitor":4,"toms_storage:ts.inventory_cable_connector":16,"minecraft:villager_spawn_egg":1,"toms_storage:ts.level_emitter":1,"minecraft:grass_block":2,"embellishcraft:basalt_cobblestone":1,"zombie_extreme:whiskey":1,"embellishcraft:gneiss":1,"dungeons_gear:harpoon_crossbow":1,"minecraft:oak_sapling":1,"mysticalworld:aubergine_seeds":2,"tombstone:gift":7,"securitycraft:reinforced_stone_button":4,"minecraft:spider_spawn_egg":1,"minecraft:wheat_seeds":2,"mca:male_villager_spawn_egg":8,"tac:workbench":4,"minecraft:diorite":3,"dungeons_gear:chill_gale_knife":11,"securitycraft:door_indestructible_iron_item":2,"iammusicplayer:cassette_deck":1,"minecraft:gray_carpet":4,"toms_storage:ts.inventory_connector":3,"minecraft:oak_planks":377,"minecraft:blackstone":2,"gocurrency:vending":1,"securitycraft:reinforced_iron_trapdoor":1,"dungeons_gear:the_green_menace":1,"zombie_extreme:rotten_apple":1,"minecraft:cookie":1,"minecraft:sand":4,"mca:female_villager_spawn_egg":8,"sons_of_sins:bloody_butcher_spawn_egg":9,"minecraft:sponge":5,"zombie_extreme:katana":2,"securitycraft:reinforced_blackstone":70,"waystones:waystone":2,"securitycraft:reinforced_grass_block":118,"minecraft:iron_pickaxe":113,"securitycraft:bucket_f_water":1,"pamhc2crops:leekitem":1,"minecraft:cobblestone":9,"minecraft:cyan_stained_glass_pane":1,"minecraft:chain":7,"dungeons_gear:slayer_crossbow":2},"minecraft:mined":{"minecraft:diamond_ore":4,"mysticalworld:lead_ore":3,"minecraft:granite":2,"minecraft:grass_block":2,"zombie_extreme:ore_titan":1,"mysticalworld:silver_ore":16,"zombie_extreme:ore_steel":5,"minecraft:black_carpet":4,"mysticalworld:quicksilver_ore":1,"embellishcraft:basalt":2,"minecraft:stone":52,"mekanism:tin_ore":10,"minecraft:cobblestone":6,"minecraft:lapis_ore":6,"pamhc2crops:shadedgarden":1,"minecraft:oak_planks":1,"minecraft:diorite":5,"minecraft:wall_torch":3,"mekanism:fluorite_ore":2,"minecraft:grass":1,"minecraft:coal_ore":1,"mekanism:lead_ore":4,"minecraft:gravel":1,"minecraft:sand":13,"minecraft:gray_carpet":4,"ars_nouveau:arcane_ore":2,"minecraft:oak_leaves":8},"minecraft:picked_up":{"minecraft:black_carpet":1,"minecraft:spider_spawn_egg":1,"zombie_extreme:police_suit_chestplate":1,"ars_nouveau:mana_gem":2,"minecraft:blackstone":1,"minecraft:beef":3,"minecraft:egg":1,"sons_of_sins:bloody_bone":32,"sons_of_sins:butcher_carcass":9,"mekanism:tin_ore":10,"minecraft:torch":13,"minecraft:bowl":1,"tombstone:grave_dust":5,"minecraft:diorite":6,"zombie_extreme:raw_titan":1,"minecraft:rotten_flesh":10,"mysticalworld:aubergine_seeds":3,"zombie_extreme:rotten_apple":5,"minecraft:blaze_rod":2,"mekanism:lead_ore":4,"minecraft:cobblestone":55,"minecraft:leather":1,"mysticalworld:lead_ore":3,"sons_of_sins:bloody_butcher_spawn_egg":1,"mca:book_romance":2,"minecraft:dirt":2,"minecraft:lapis_lazuli":45,"zombie_extreme:raw_steel":5,"pamhc2crops:leekitem":1,"securitycraft:reinforced_stone_button":1,"stalwart_dungeons:blaze_armor_scrap":1,"minecraft:bone":8,"minecraft:gray_carpet":4,"minecraft:wheat_seeds":8,"minecraft:iron_ingot":2,"zombie_extreme:barbed_fence":1,"minecraft:oak_planks":1,"embellishcraft:basalt_cobblestone":2,"mysticalworld:silver_ore":16,"minecraft:gravel":1,"minecraft:sand":13,"securitycraft:reinforced_stone":1,"mysticalworld:quicksilver_ore":1,"minecraft:diamond":5,"securitycraft:reinforced_grass_block":1,"immersiveengineering:seed":4,"securitycraft:reinforced_blackstone":1,"mekanism:fluorite_gem":2,"minecraft:granite":2,"minecraft:oak_sapling":1,"minecraft:coal":1,"minecraft:sunflower":2},"minecraft:dropped":{"minecraft:wheat_seeds":6,"zombie_extreme:rotten_apple":2,"zombie_extreme:barbed_fence":1,"mca:book_romance":2,"minecraft:diorite":2,"minecraft:bone":7,"immersiveengineering:seed":1,"mca:book_rose_gold":1},"minecraft:killed_by":{"zombie_extreme:night_hunter":2,"zombie_extreme:assasin_black_ops":1}},"DataVersion":2586}