{"stats":{"minecraft:crafted":{"minecraft:oak_planks":16,"smallships:oak_rowboat":1,"minecraft:oak_boat":1,"minecraft:iron_chestplate":1,"minecraft:chest":1},"minecraft:killed_by":{"zombie_extreme:fetus":1,"zombie_extreme:assasin_black_ops":1},"minecraft:killed":{"zombie_extreme:crawler":1,"zombie_extreme:fetus":1},"minecraft:dropped":{"minecraft:iron_sword":1,"minecraft:bricks":2,"minecraft:stone_axe":1,"minecraft:glass_bottle":1,"minecraft:rotten_flesh":2,"minecraft:leather":1,"zombie_extreme:rotten_apple":2,"minecraft:bone":2},"minecraft:used":{"minecraft:wheat_seeds":3,"smallships:oak_rowboat":2,"minecraft:stone_shovel":19,"minecraft:stone_pickaxe":30,"ars_nouveau:mana_berry":3,"minecraft:iron_sword":5,"zombie_extreme:rotten_apple":1,"minecraft:torch":1,"minecraft:dirt":74,"minecraft:carrot":3,"minecraft:milk_bucket":1,"minecraft:bread":1,"minecraft:stone_axe":28,"pamhc2crops:leekitem":1,"prefab:item_swift_blade_stone":20,"minecraft:cobblestone":11,"tombstone:gift":2,"minecraft:potato":3},"minecraft:mined":{"minecraft:glass_pane":2,"zombie_extreme:bear_trap":1,"mapperbase:bitumen_ore":16,"ars_nouveau:light_block":2,"ars_nouveau:mana_berry_bush":3,"minecraft:grass_block":8,"zombie_extreme:barbed_fence":2,"mahoutsukai:mahoujin":1,"minecraft:bricks":10,"minecraft:wall_torch":1,"minecraft:hay_block":3,"minecraft:birch_log":6,"zombie_extreme:decomposing_backpack":1,"minecraft:ice":3,"minecraft:pumpkin":1,"minecraft:grass":2,"minecraft:oak_log":13,"minecraft:dirt":2,"minecraft:cobweb":3,"minecraft:oak_leaves":7},"minecraft:custom":{"minecraft:interact_with_furnace":1,"minecraft:mob_kills":2,"minecraft:interact_with_crafting_table":2,"minecraft:open_barrel":25,"minecraft:play_one_minute":69287,"minecraft:time_since_death":59203,"minecraft:sleep_in_bed":1,"minecraft:climb_one_cm":3864,"minecraft:time_since_rest":49681,"minecraft:waystone_activated":1,"minecraft:sprint_one_cm":326400,"minecraft:damage_taken":2014,"minecraft:walk_one_cm":185272,"minecraft:drop":8,"minecraft:damage_dealt":630,"minecraft:fly_one_cm":218324,"minecraft:open_chest":42,"minecraft:crouch_one_cm":3263,"minecraft:deaths":3,"minecraft:sneak_time":907,"minecraft:walk_under_water_one_cm":965,"minecraft:jump":1381,"minecraft:walk_on_water_one_cm":9435,"minecraft:fall_one_cm":45023},"minecraft:picked_up":{"minecraft:birch_log":12,"minecraft:wheat":27,"smallships:oak_rowboat":1,"minecraft:leather_chestplate":1,"zombie_extreme:fireaxe":1,"minecraft:leather":1,"minecraft:filled_map":2,"minecraft:oak_log":22,"mca:book_romance":1,"minecraft:dirt":10,"minecraft:string":4,"minecraft:paper":3,"zombie_extreme:chips":3,"mysticalworld:raw_squid":1,"minecraft:apple":3,"mapperbase:raw_bitumen":69,"minecraft:bucket":1,"zombie_extreme:barbed_fence":2,"minecraft:glass_bottle":1,"zombie_extreme:cloth":1,"minecraft:iron_sword":3,"minecraft:book":1,"minecraft:milk_bucket":1,"minecraft:pumpkin":1,"minecraft:torch":21,"mysticalworld:silkworm_egg":1,"minecraft:cookie":2,"minecraft:ink_sac":1,"minecraft:honey_bottle":6,"minecraft:rotten_flesh":5,"minecraft:stone_axe":2,"minecraft:hay_block":6,"prefab:item_swift_blade_stone":1,"zombie_extreme:rotten_apple":2,"minecraft:oak_sapling":13,"zombie_extreme:butcher_knife":1,"minecraft:bricks":2,"minecraft:coal":15,"ars_nouveau:mana_berry":2}},"DataVersion":2586}