{"stats":{"minecraft:dropped":{"mysticalworld:aubergine_seeds":1,"immersiveengineering:seed":1,"minecraft:stick":2},"minecraft:used":{"minecraft:item_frame":1,"minecraft:experience_bottle":1},"minecraft:picked_up":{"minecraft:book":7,"minecraft:wheat":64,"minecraft:item_frame":3,"minecraft:experience_bottle":1,"minecraft:chicken":1,"minecraft:cooked_porkchop":2,"minecraft:apple":2,"minecraft:salmon":1,"immersiveengineering:seed":1,"minecraft:leather":4,"minecraft:lead":1,"mysticalworld:aubergine_seeds":1,"minecraft:iron_ingot":4,"minecraft:porkchop":2,"immersiveengineering:workbench":1,"minecraft:gold_ingot":1,"minecraft:emerald":1,"minecraft:leather_horse_armor":1,"minecraft:map":1},"minecraft:mined":{"immersiveengineering:workbench":1},"minecraft:custom":{"minecraft:open_chest":18,"minecraft:time_since_rest":19077,"minecraft:waystone_activated":1,"minecraft:play_one_minute":19077,"minecraft:crouch_one_cm":164,"minecraft:sprint_one_cm":83385,"minecraft:damage_taken":50,"minecraft:walk_one_cm":67032,"minecraft:sneak_time":36,"minecraft:interact_with_anvil":1,"minecraft:drop":3,"minecraft:jump":364,"minecraft:time_since_death":19077,"minecraft:walk_on_water_one_cm":46,"minecraft:fall_one_cm":8678,"minecraft:fly_one_cm":66726,"minecraft:open_barrel":2}},"DataVersion":2586}