{"stats":{"minecraft:mined":{"minecraft:glass_pane":2,"minecraft:andesite":2,"minecraft:grass":1,"minecraft:acacia_log":3,"minecraft:coal_ore":28,"minecraft:sand":2,"minecraft:glass":2,"minecraft:stone":65,"minecraft:sugar_cane":5,"immersiveengineering:workbench":1},"minecraft:dropped":{"minecraft:grass":2,"mysticalworld:aubergine_seeds":1,"immersiveengineering:stick_treated":3,"minecraft:leather_horse_armor":1,"minecraft:glass_bottle":1,"zombie_extreme:butcher_knife":1,"dungeons_gear:exploding_crossbow":2,"immersiveengineering:seed":1,"minecraft:salmon":4,"minecraft:lily_of_the_valley":1,"minecraft:stick":2},"minecraft:custom":{"minecraft:time_since_rest":8277,"minecraft:waystone_activated":3,"minecraft:interact_with_furnace":4,"minecraft:sprint_one_cm":407165,"minecraft:damage_taken":795,"minecraft:walk_one_cm":255830,"minecraft:interact_with_anvil":1,"minecraft:drop":13,"minecraft:interact_with_crafting_table":6,"minecraft:fly_one_cm":346374,"minecraft:open_barrel":4,"minecraft:open_chest":131,"minecraft:play_one_minute":77208,"minecraft:crouch_one_cm":221,"minecraft:sneak_time":190,"minecraft:jump":1730,"minecraft:interact_with_brewingstand":3,"minecraft:sleep_in_bed":1,"minecraft:leave_game":1,"minecraft:time_since_death":77208,"minecraft:walk_on_water_one_cm":653,"minecraft:interact_with_smoker":1,"minecraft:climb_one_cm":6501,"minecraft:fall_one_cm":52683},"minecraft:picked_up":{"minecraft:book":9,"minecraft:wheat":64,"minecraft:cooked_porkchop":2,"minecraft:chicken":1,"minecraft:salmon":3,"minecraft:leather":4,"minecraft:acacia_log":3,"minecraft:lead":1,"minecraft:enchanted_book":3,"minecraft:porkchop":2,"apotheosis:null_book":1,"minecraft:lily_of_the_valley":1,"dungeons_gear:exploding_crossbow":4,"minecraft:cornflower":1,"minecraft:map":1,"minecraft:item_frame":3,"minecraft:experience_bottle":1,"minecraft:apple":2,"immersiveengineering:seed":1,"mysticalworld:aubergine_seeds":2,"minecraft:iron_ingot":7,"immersiveengineering:workbench":1,"minecraft:gold_ingot":3,"minecraft:emerald":2,"minecraft:leather_horse_armor":1,"minecraft:sugar_cane":63,"minecraft:coal":28,"minecraft:cobblestone":64},"minecraft:crafted":{"minecraft:blue_dye":1,"minecraft:crafting_table":1,"minecraft:chest":1,"minecraft:furnace":3,"minecraft:clock":2,"minecraft:acacia_planks":12},"minecraft:used":{"zombie_extreme:fireaxe":7,"minecraft:iron_pickaxe":95,"minecraft:chest":1,"minecraft:item_frame":1,"minecraft:potion":2,"minecraft:crafting_table":1,"minecraft:furnace":1,"minecraft:experience_bottle":1}},"DataVersion":2586}