{"stats":{"minecraft:used":{"minecraft:cooked_mutton":1,"minecraft:bread":3,"minecraft:experience_bottle":2},"minecraft:mined":{"minecraft:grass":3,"minecraft:hay_block":35,"minecraft:glass_pane":2,"minecraft:tall_grass":1,"minecraft:yellow_bed":1,"minecraft:fern":1},"minecraft:custom":{"minecraft:time_since_rest":990,"minecraft:open_chest":7,"minecraft:waystone_activated":1,"minecraft:play_one_minute":19145,"minecraft:sprint_one_cm":84920,"minecraft:damage_taken":270,"minecraft:walk_one_cm":140082,"minecraft:sneak_time":3,"minecraft:walk_under_water_one_cm":638,"minecraft:jump":377,"minecraft:leave_game":1,"minecraft:walk_on_water_one_cm":292,"minecraft:time_since_death":19145,"minecraft:sleep_in_bed":1,"minecraft:climb_one_cm":48,"minecraft:fall_one_cm":9070,"minecraft:fly_one_cm":63467},"minecraft:picked_up":{"minecraft:book":2,"minecraft:cooked_mutton":1,"minecraft:item_frame":1,"minecraft:experience_bottle":2,"minecraft:writable_book":1,"mysticalworld:aubergine_seeds":1,"minecraft:hay_block":34,"minecraft:enchanted_book":2,"minecraft:iron_ingot":2,"minecraft:porkchop":1,"minecraft:gold_ingot":2,"minecraft:yellow_bed":1}},"DataVersion":2586}