{"stats":{"minecraft:custom":{"minecraft:mob_kills":20,"minecraft:interact_with_crafting_table":21,"minecraft:open_barrel":106,"minecraft:time_since_death":235266,"minecraft:climb_one_cm":11058,"minecraft:sprint_one_cm":1056528,"minecraft:walk_one_cm":647292,"minecraft:drop":23,"minecraft:talked_to_villager":15,"minecraft:deaths":3,"minecraft:sneak_time":2618,"minecraft:walk_under_water_one_cm":2791,"minecraft:jump":4451,"minecraft:walk_on_water_one_cm":22782,"minecraft:interact_with_furnace":9,"minecraft:traded_with_villager":8,"minecraft:interact_with_cartography_table":1,"minecraft:play_one_minute":245350,"minecraft:interact_with_stonecutter":2,"minecraft:sleep_in_bed":2,"minecraft:time_since_rest":83982,"minecraft:waystone_activated":4,"minecraft:damage_taken":4097,"minecraft:damage_dealt":1930,"minecraft:fly_one_cm":753521,"minecraft:open_chest":81,"minecraft:crouch_one_cm":7997,"minecraft:fall_one_cm":139806,"minecraft:inspect_dispenser":1},"minecraft:crafted":{"minecraft:oak_planks":32,"ars_nouveau:archwood_planks":4,"minecraft:furnace":3,"minecraft:stone":54,"ars_nouveau:novice_spell_book":1,"minecraft:iron_axe":1,"minecraft:chest":1,"dungeons_gear:enchanted_grass":1,"minecraft:sea_lantern":4,"minecraft:emerald":2,"minecraft:crafting_table":4,"smallships:oak_rowboat":1,"minecraft:iron_sword":1,"minecraft:clock":3,"prefab:block_compressed_stone":6,"minecraft:birch_planks":16,"minecraft:glowstone":4,"minecraft:air":0,"minecraft:oak_boat":1,"prefab:item_bundle_of_timber":9,"minecraft:iron_chestplate":1,"minecraft:stick":8,"minecraft:iron_pickaxe":1,"sereneseasons:calendar":1,"minecraft:iron_shovel":1,"minecraft:gold_ingot":12,"minecraft:white_bed":3,"prefab:item_moderate_house":1,"minecraft:torch":8,"prefab:item_start_house":3},"minecraft:killed":{"ars_nouveau:sylph":2,"mysticalworld:sprout":2,"zombie_extreme:crawler":1,"minecraft:salmon":2,"minecraft:sheep":12,"zombie_extreme:fetus":1},"minecraft:used":{"minecraft:writable_book":2,"minecraft:stone_shovel":119,"immersiveengineering:seed":1,"ars_nouveau:mana_berry":9,"minecraft:iron_sword":46,"minecraft:torch":7,"minecraft:dirt":149,"minecraft:carrot":6,"pamhc2crops:garlicitem":1,"minecraft:milk_bucket":1,"minecraft:birch_sapling":1,"minecraft:item_frame":1,"prefab:item_swift_blade_stone":20,"minecraft:hay_block":3,"mysticalworld:aubergine_seeds":2,"tombstone:gift":2,"minecraft:potato":6,"minecraft:wheat_seeds":4,"smallships:oak_rowboat":2,"minecraft:stone_pickaxe":115,"zombie_extreme:rotten_apple":1,"minecraft:white_wool":2,"minecraft:crafting_table":1,"minecraft:bread":1,"pamhc2crops:radishitem":1,"minecraft:stone_axe":108,"pamhc2crops:leekitem":2,"minecraft:cobblestone":11},"minecraft:mined":{"embellishcraft:jade":1,"mapperbase:bitumen_ore":16,"minecraft:grass_block":59,"zombie_extreme:iron_table":1,"minecraft:hay_block":24,"zombie_extreme:decomposing_backpack":1,"minecraft:pumpkin":2,"minecraft:stone":52,"minecraft:white_wool":2,"tconstruct:copper_ore":8,"minecraft:redstone_block":1,"minecraft:glass_pane":2,"ars_nouveau:green_archwood_log":1,"pamhc2crops:windygarden":1,"ars_nouveau:light_block":3,"ars_nouveau:mana_berry_bush":6,"zombie_extreme:bear_trap":1,"zombie_extreme:barbed_fence":2,"minecraft:glass":4,"mahoutsukai:mahoujin":1,"pamhc2crops:shadedgarden":1,"minecraft:bricks":10,"minecraft:wall_torch":2,"minecraft:birch_sapling":1,"minecraft:birch_log":22,"minecraft:ice":3,"minecraft:lilac":2,"minecraft:birch_leaves":1,"minecraft:grass_path":17,"mysticalworld:charred_log":38,"minecraft:grass":7,"minecraft:coal_ore":14,"minecraft:oak_log":34,"minecraft:dirt":26,"minecraft:cobweb":3,"minecraft:oak_leaves":12},"minecraft:picked_up":{"minecraft:crafting_table":1,"minecraft:wheat":27,"minecraft:redstone_block":1,"pamhc2crops:cucumberitem":1,"minecraft:enchanted_book":3,"minecraft:string":4,"zombie_extreme:chips":3,"minecraft:item_frame":2,"mysticalworld:raw_squid":1,"minecraft:beetroot":2,"mapperbase:raw_bitumen":69,"minecraft:bucket":1,"minecraft:birch_sapling":4,"pamhc2crops:garlicitem":1,"minecraft:stick":5,"minecraft:torch":22,"ars_nouveau:purple_archwood_sapling":1,"mysticalworld:aubergine":1,"mysticalworld:silkworm_egg":6,"minecraft:cookie":2,"minecraft:carrot":6,"embellishcraft:jade_cobblestone":1,"ars_nouveau:green_archwood_log":1,"minecraft:rotten_flesh":5,"minecraft:honey_bottle":6,"mysticalworld:aubergine_seeds":2,"minecraft:hay_block":26,"prefab:item_swift_blade_stone":1,"zombie_extreme:rotten_apple":2,"pamhc2trees:gooseberryitem":12,"zombie_extreme:butcher_knife":1,"minecraft:mutton":19,"minecraft:white_wool":14,"minecraft:cobblestone":52,"minecraft:birch_log":28,"minecraft:leather_chestplate":1,"smallships:oak_rowboat":1,"zombie_extreme:fireaxe":1,"minecraft:lilac":2,"minecraft:salmon":2,"minecraft:brown_wool":1,"minecraft:leather":1,"minecraft:potato":5,"minecraft:filled_map":2,"minecraft:oak_log":43,"pamhc2trees:lemonitem":12,"mca:book_romance":1,"minecraft:dirt":106,"minecraft:paper":3,"pamhc2crops:leekitem":1,"minecraft:apple":3,"minecraft:wheat_seeds":3,"pamhc2crops:turnipitem":1,"zombie_extreme:barbed_fence":2,"zombie_extreme:cloth":1,"minecraft:glass_bottle":1,"minecraft:acacia_sapling":2,"minecraft:iron_sword":3,"immersiveengineering:nugget_nickel":1,"minecraft:book":1,"minecraft:sheep_spawn_egg":1,"minecraft:milk_bucket":1,"tconstruct:copper_ore":8,"minecraft:pumpkin":2,"minecraft:ink_sac":1,"pamhc2trees:peachitem":12,"pamhc2crops:radishitem":1,"immersiveengineering:seed":1,"minecraft:diamond":1,"minecraft:stone_axe":2,"minecraft:writable_book":1,"minecraft:emerald":2,"minecraft:bread":2,"minecraft:oak_sapling":13,"minecraft:black_wool":1,"minecraft:bricks":2,"minecraft:coal":29,"mysticalworld:charred_log":37,"ars_nouveau:mana_berry":8},"minecraft:dropped":{"minecraft:enchanted_book":2,"minecraft:bread":2,"minecraft:iron_sword":1,"minecraft:lapis_lazuli":10,"minecraft:glass_bottle":1,"minecraft:leather":1,"immersiveengineering:nugget_nickel":1,"minecraft:item_frame":1,"zombie_extreme:rotten_apple":2,"minecraft:emerald":2,"minecraft:rose_bush":2,"minecraft:bone":2,"minecraft:bricks":2,"minecraft:stone_axe":1,"minecraft:birch_sapling":1,"minecraft:beetroot":2,"minecraft:rotten_flesh":2,"minecraft:filled_map":1,"minecraft:acacia_sapling":5},"minecraft:killed_by":{"zombie_extreme:fetus":1,"zombie_extreme:assasin_black_ops":1}},"DataVersion":2586}