{"stats":{"minecraft:crafted":{"minecraft:oak_planks":16,"minecraft:emerald":2,"ars_nouveau:archwood_planks":4,"minecraft:crafting_table":1,"smallships:oak_rowboat":1,"minecraft:air":0,"minecraft:oak_boat":1,"minecraft:iron_chestplate":1,"sereneseasons:calendar":1,"minecraft:chest":1,"minecraft:sea_lantern":4},"minecraft:killed_by":{"zombie_extreme:fetus":1,"zombie_extreme:assasin_black_ops":1},"minecraft:killed":{"zombie_extreme:crawler":1,"minecraft:salmon":2,"ars_nouveau:sylph":1,"mysticalworld:sprout":2,"zombie_extreme:fetus":1},"minecraft:dropped":{"minecraft:iron_sword":1,"minecraft:bricks":2,"minecraft:stone_axe":1,"minecraft:glass_bottle":1,"minecraft:beetroot":2,"minecraft:rotten_flesh":2,"minecraft:leather":1,"zombie_extreme:rotten_apple":2,"minecraft:emerald":2,"minecraft:filled_map":1,"minecraft:rose_bush":2,"minecraft:acacia_sapling":1,"minecraft:bone":2},"minecraft:used":{"minecraft:wheat_seeds":3,"smallships:oak_rowboat":2,"minecraft:stone_shovel":19,"minecraft:stone_pickaxe":47,"ars_nouveau:mana_berry":3,"minecraft:iron_sword":14,"zombie_extreme:rotten_apple":1,"minecraft:torch":1,"minecraft:dirt":79,"minecraft:crafting_table":1,"minecraft:carrot":3,"minecraft:milk_bucket":1,"minecraft:bread":1,"minecraft:stone_axe":28,"pamhc2crops:leekitem":1,"prefab:item_swift_blade_stone":20,"minecraft:cobblestone":11,"minecraft:hay_block":3,"tombstone:gift":2,"minecraft:potato":3},"minecraft:custom":{"minecraft:interact_with_furnace":1,"minecraft:mob_kills":7,"minecraft:traded_with_villager":3,"minecraft:interact_with_crafting_table":3,"minecraft:open_barrel":31,"minecraft:play_one_minute":123287,"minecraft:time_since_death":113203,"minecraft:sleep_in_bed":1,"minecraft:climb_one_cm":5957,"minecraft:time_since_rest":103681,"minecraft:waystone_activated":2,"minecraft:sprint_one_cm":592704,"minecraft:damage_taken":3001,"minecraft:walk_one_cm":312700,"minecraft:drop":14,"minecraft:damage_dealt":910,"minecraft:fly_one_cm":487479,"minecraft:open_chest":56,"minecraft:crouch_one_cm":3728,"minecraft:deaths":3,"minecraft:sneak_time":1225,"minecraft:walk_under_water_one_cm":1639,"minecraft:jump":2568,"minecraft:walk_on_water_one_cm":14388,"minecraft:fall_one_cm":83912,"minecraft:inspect_dispenser":1},"minecraft:picked_up":{"minecraft:birch_log":12,"minecraft:crafting_table":1,"minecraft:wheat":27,"smallships:oak_rowboat":1,"minecraft:leather_chestplate":1,"zombie_extreme:fireaxe":1,"minecraft:redstone_block":1,"minecraft:salmon":2,"minecraft:leather":1,"minecraft:filled_map":2,"pamhc2trees:lemonitem":12,"minecraft:oak_log":22,"mca:book_romance":1,"minecraft:dirt":15,"minecraft:string":4,"minecraft:paper":3,"zombie_extreme:chips":3,"mysticalworld:raw_squid":1,"minecraft:beetroot":2,"minecraft:apple":3,"mapperbase:raw_bitumen":69,"minecraft:bucket":1,"zombie_extreme:barbed_fence":2,"minecraft:glass_bottle":1,"zombie_extreme:cloth":1,"minecraft:acacia_sapling":2,"minecraft:iron_sword":3,"minecraft:book":1,"minecraft:milk_bucket":1,"tconstruct:copper_ore":8,"minecraft:pumpkin":2,"minecraft:torch":21,"mysticalworld:aubergine":1,"mysticalworld:silkworm_egg":1,"minecraft:cookie":2,"minecraft:ink_sac":1,"ars_nouveau:green_archwood_log":1,"minecraft:honey_bottle":6,"minecraft:rotten_flesh":5,"minecraft:stone_axe":2,"minecraft:hay_block":20,"prefab:item_swift_blade_stone":1,"zombie_extreme:rotten_apple":2,"pamhc2trees:gooseberryitem":12,"minecraft:emerald":2,"minecraft:oak_sapling":13,"zombie_extreme:butcher_knife":1,"minecraft:mutton":1,"minecraft:white_wool":2,"minecraft:bricks":2,"minecraft:coal":15,"ars_nouveau:mana_berry":2},"minecraft:mined":{"tconstruct:copper_ore":8,"minecraft:redstone_block":1,"ars_nouveau:green_archwood_log":1,"minecraft:glass_pane":2,"zombie_extreme:bear_trap":1,"mapperbase:bitumen_ore":16,"ars_nouveau:light_block":3,"ars_nouveau:mana_berry_bush":3,"minecraft:grass_block":10,"zombie_extreme:iron_table":1,"zombie_extreme:barbed_fence":2,"minecraft:glass":2,"mahoutsukai:mahoujin":1,"minecraft:bricks":10,"minecraft:wall_torch":1,"minecraft:hay_block":18,"minecraft:birch_log":6,"zombie_extreme:decomposing_backpack":1,"minecraft:ice":3,"minecraft:pumpkin":2,"minecraft:grass":2,"minecraft:oak_log":13,"minecraft:dirt":5,"minecraft:cobweb":3,"minecraft:oak_leaves":7}},"DataVersion":2586}