{"stats":{"minecraft:mined":{"minecraft:glass_pane":2,"minecraft:sand":2,"minecraft:glass":2,"minecraft:sugar_cane":5,"immersiveengineering:workbench":1},"minecraft:dropped":{"minecraft:grass":2,"mysticalworld:aubergine_seeds":1,"immersiveengineering:stick_treated":3,"minecraft:leather_horse_armor":1,"immersiveengineering:seed":1,"minecraft:salmon":4,"minecraft:lily_of_the_valley":1,"minecraft:stick":2},"minecraft:custom":{"minecraft:time_since_rest":65208,"minecraft:waystone_activated":3,"minecraft:sprint_one_cm":369654,"minecraft:damage_taken":775,"minecraft:walk_one_cm":222502,"minecraft:interact_with_anvil":1,"minecraft:drop":9,"minecraft:fly_one_cm":296525,"minecraft:open_barrel":4,"minecraft:open_chest":115,"minecraft:play_one_minute":65208,"minecraft:crouch_one_cm":164,"minecraft:sneak_time":54,"minecraft:jump":1508,"minecraft:interact_with_brewingstand":3,"minecraft:leave_game":1,"minecraft:time_since_death":65208,"minecraft:walk_on_water_one_cm":653,"minecraft:climb_one_cm":6501,"minecraft:fall_one_cm":45265},"minecraft:picked_up":{"minecraft:book":9,"minecraft:wheat":64,"minecraft:cooked_porkchop":2,"minecraft:chicken":1,"minecraft:salmon":3,"minecraft:leather":4,"minecraft:lead":1,"minecraft:porkchop":2,"apotheosis:null_book":1,"minecraft:lily_of_the_valley":1,"minecraft:cornflower":1,"minecraft:map":1,"minecraft:item_frame":3,"minecraft:experience_bottle":1,"minecraft:apple":2,"immersiveengineering:seed":1,"mysticalworld:aubergine_seeds":1,"minecraft:iron_ingot":5,"immersiveengineering:workbench":1,"minecraft:gold_ingot":2,"minecraft:emerald":2,"minecraft:leather_horse_armor":1,"minecraft:sugar_cane":63},"minecraft:crafted":{"minecraft:blue_dye":1},"minecraft:used":{"zombie_extreme:fireaxe":7,"minecraft:item_frame":1,"minecraft:potion":1,"minecraft:experience_bottle":1}},"DataVersion":2586}