{"stats":{"minecraft:mined":{"minecraft:acacia_leaves":1,"minecraft:glass_pane":2,"minecraft:acacia_log":60,"minecraft:glass":2,"minecraft:sugar_cane":5,"minecraft:andesite":2,"minecraft:grass":1,"minecraft:coal_ore":28,"minecraft:oak_log":4,"minecraft:sand":2,"minecraft:cracked_stone_bricks":2,"minecraft:stone":65,"minecraft:oak_leaves":1,"immersiveengineering:workbench":1},"minecraft:dropped":{"mysticalworld:aubergine_seeds":2,"immersiveengineering:stick_treated":3,"minecraft:glass_bottle":1,"dungeons_gear:exploding_crossbow":2,"minecraft:salmon":4,"minecraft:lily_of_the_valley":1,"minecraft:stick":6,"minecraft:grass":2,"minecraft:blue_dye":1,"minecraft:leather_horse_armor":1,"zombie_extreme:butcher_knife":1,"immersiveengineering:seed":1,"minecraft:acacia_planks":3},"minecraft:custom":{"minecraft:interact_with_furnace":11,"minecraft:interact_with_anvil":1,"minecraft:interact_with_crafting_table":18,"minecraft:open_barrel":4,"minecraft:play_one_minute":103551,"minecraft:leave_game":1,"minecraft:time_since_death":103551,"minecraft:sleep_in_bed":1,"minecraft:climb_one_cm":6501,"minecraft:time_since_rest":34620,"minecraft:waystone_activated":4,"minecraft:sprint_one_cm":475305,"minecraft:damage_taken":855,"minecraft:walk_one_cm":282851,"minecraft:drop":18,"minecraft:fly_one_cm":445789,"minecraft:open_chest":138,"minecraft:crouch_one_cm":221,"minecraft:sneak_time":190,"minecraft:jump":2200,"minecraft:interact_with_brewingstand":3,"minecraft:walk_on_water_one_cm":653,"minecraft:interact_with_smoker":1,"minecraft:fall_one_cm":63163},"minecraft:picked_up":{"minecraft:wheat":64,"minecraft:chicken":1,"minecraft:salmon":3,"minecraft:leather":4,"minecraft:lead":1,"minecraft:enchanted_book":3,"minecraft:oak_log":4,"dungeons_gear:exploding_crossbow":4,"minecraft:map":1,"minecraft:cornflower":1,"minecraft:item_frame":3,"minecraft:experience_bottle":1,"minecraft:acacia_planks":3,"minecraft:apple":2,"minecraft:iron_ingot":7,"immersiveengineering:workbench":1,"minecraft:sugar_cane":63,"minecraft:book":9,"minecraft:stick":4,"minecraft:cooked_porkchop":2,"minecraft:acacia_log":58,"apotheosis:null_book":1,"minecraft:porkchop":2,"minecraft:lily_of_the_valley":1,"immersiveengineering:seed":1,"mysticalworld:aubergine_seeds":3,"minecraft:emerald":2,"minecraft:gold_ingot":3,"minecraft:leather_horse_armor":1,"minecraft:coal":28,"minecraft:white_wool":21,"minecraft:cobblestone":64},"minecraft:crafted":{"minecraft:crafting_table":3,"minecraft:furnace":3,"minecraft:clock":2,"minecraft:stone":40,"prefab:block_compressed_stone":4,"minecraft:air":0,"minecraft:blue_dye":1,"prefab:item_bundle_of_timber":6,"minecraft:chest":1,"minecraft:white_bed":3,"prefab:item_moderate_house":1,"minecraft:acacia_planks":32,"minecraft:shears":1,"prefab:item_start_house":2},"minecraft:used":{"zombie_extreme:fireaxe":70,"minecraft:chest":1,"minecraft:crafting_table":1,"minecraft:iron_pickaxe":97,"minecraft:item_frame":1,"minecraft:potion":2,"minecraft:furnace":1,"minecraft:experience_bottle":1}},"DataVersion":2586}