{"stats":{"minecraft:killed_by":{"zombie_extreme:assasin_black_ops":1},"minecraft:killed":{"zombie_extreme:crawler":1},"minecraft:used":{"pamhc2crops:leekitem":1,"prefab:item_swift_blade_stone":4,"minecraft:bread":1,"tombstone:gift":2,"zombie_extreme:rotten_apple":1},"minecraft:picked_up":{"minecraft:rotten_flesh":1,"zombie_extreme:rotten_apple":2,"mysticalworld:silkworm_egg":1},"minecraft:mined":{"minecraft:grass":1},"minecraft:custom":{"minecraft:open_barrel":7,"minecraft:time_since_rest":3200,"minecraft:waystone_activated":1,"minecraft:play_one_minute":9287,"minecraft:crouch_one_cm":14,"minecraft:sprint_one_cm":53091,"minecraft:walk_one_cm":23416,"minecraft:damage_taken":487,"minecraft:deaths":2,"minecraft:sneak_time":11,"minecraft:mob_kills":1,"minecraft:jump":179,"minecraft:damage_dealt":101,"minecraft:time_since_death":4636,"minecraft:walk_on_water_one_cm":1030,"minecraft:fly_one_cm":33580,"minecraft:fall_one_cm":2629}},"DataVersion":2586}