{"stats":{"minecraft:killed_by":{"zombie_extreme:fetus":1,"zombie_extreme:assasin_black_ops":1},"minecraft:killed":{"zombie_extreme:crawler":1,"zombie_extreme:fetus":1},"minecraft:used":{"minecraft:wheat_seeds":3,"minecraft:bread":1,"minecraft:stone_shovel":19,"ars_nouveau:mana_berry":3,"zombie_extreme:rotten_apple":1,"minecraft:stone_axe":27,"pamhc2crops:leekitem":1,"prefab:item_swift_blade_stone":20,"minecraft:dirt":74,"minecraft:cobblestone":3,"minecraft:carrot":3,"tombstone:gift":2,"minecraft:potato":3},"minecraft:mined":{"minecraft:birch_log":6,"ars_nouveau:light_block":2,"ars_nouveau:mana_berry_bush":3,"minecraft:grass":2,"minecraft:grass_block":8,"minecraft:oak_log":13,"minecraft:dirt":2,"minecraft:oak_leaves":7},"minecraft:custom":{"minecraft:time_since_rest":13681,"minecraft:waystone_activated":1,"minecraft:sprint_one_cm":163895,"minecraft:damage_taken":994,"minecraft:walk_one_cm":97148,"minecraft:mob_kills":2,"minecraft:damage_dealt":630,"minecraft:fly_one_cm":122410,"minecraft:open_barrel":20,"minecraft:open_chest":5,"minecraft:crouch_one_cm":2767,"minecraft:play_one_minute":33287,"minecraft:deaths":3,"minecraft:sneak_time":484,"minecraft:walk_under_water_one_cm":469,"minecraft:jump":720,"minecraft:walk_on_water_one_cm":5330,"minecraft:time_since_death":23203,"minecraft:sleep_in_bed":1,"minecraft:fall_one_cm":19987},"minecraft:picked_up":{"minecraft:birch_log":6,"minecraft:wheat":27,"mysticalworld:silkworm_egg":1,"minecraft:oak_log":13,"minecraft:ink_sac":1,"minecraft:dirt":10,"mysticalworld:raw_squid":1,"minecraft:rotten_flesh":4,"zombie_extreme:rotten_apple":2,"ars_nouveau:mana_berry":2}},"DataVersion":2586}