{"stats":{"minecraft:mined":{"minecraft:glass_pane":2,"minecraft:sand":2,"minecraft:glass":2,"immersiveengineering:workbench":1},"minecraft:dropped":{"minecraft:grass":2,"mysticalworld:aubergine_seeds":1,"immersiveengineering:stick_treated":3,"minecraft:leather_horse_armor":1,"immersiveengineering:seed":1,"minecraft:salmon":4,"minecraft:lily_of_the_valley":1,"minecraft:stick":2},"minecraft:custom":{"minecraft:time_since_rest":41208,"minecraft:waystone_activated":3,"minecraft:sprint_one_cm":224171,"minecraft:damage_taken":595,"minecraft:walk_one_cm":141614,"minecraft:interact_with_anvil":1,"minecraft:drop":9,"minecraft:fly_one_cm":205737,"minecraft:open_barrel":4,"minecraft:open_chest":65,"minecraft:play_one_minute":41208,"minecraft:crouch_one_cm":164,"minecraft:sneak_time":41,"minecraft:jump":987,"minecraft:interact_with_brewingstand":3,"minecraft:leave_game":1,"minecraft:time_since_death":41208,"minecraft:walk_on_water_one_cm":46,"minecraft:climb_one_cm":2449,"minecraft:fall_one_cm":29984},"minecraft:picked_up":{"minecraft:book":7,"minecraft:wheat":64,"minecraft:cooked_porkchop":2,"minecraft:chicken":1,"minecraft:salmon":3,"minecraft:leather":4,"minecraft:lead":1,"minecraft:porkchop":2,"apotheosis:null_book":1,"minecraft:lily_of_the_valley":1,"minecraft:cornflower":1,"minecraft:map":1,"minecraft:item_frame":3,"minecraft:experience_bottle":1,"minecraft:apple":2,"immersiveengineering:seed":1,"mysticalworld:aubergine_seeds":1,"minecraft:iron_ingot":4,"immersiveengineering:workbench":1,"minecraft:gold_ingot":1,"minecraft:emerald":1,"minecraft:leather_horse_armor":1},"minecraft:crafted":{"minecraft:blue_dye":1},"minecraft:used":{"zombie_extreme:fireaxe":1,"minecraft:item_frame":1,"minecraft:experience_bottle":1}},"DataVersion":2586}