{"stat.leaveGame":14,"stat.useItem.harvestcraft.amaranthitem":11,"stat.entityKilledBy.techguns.ZombieMiner":1,"stat.craftItem.minecraft.iron_axe":1,"stat.pickup.tombstone.familiar_stone":3,"stat.mineBlock.ic2.rubber_wood":7,"stat.entityKilledBy.techguns.ZombieFarmer":1,"stat.pickup.tconstruct.slimesling":2,"stat.pickup.minecraft.rotten_flesh":3,"stat.pickup.harvestcraft.wintersquashitem":6,"stat.entityKilledBy.techguns.ZombieSoldier":2,"stat.craftItem.minecraft.stone_sword":2,"stat.pickup.techguns.ak47":4,"stat.killEntity.techguns.ZombieFarmer":45,"stat.useItem.minecraft.iron_pickaxe":211,"stat.trappedChestTriggered":174,"stat.pickup.harvestcraft.onionitem":6,"stat.mineBlock.chisel.marble2":3,"stat.mineBlock.minecraft.hopper":6,"stat.pickup.techguns.basicore":7,"stat.furnaceInteraction":18,"stat.pickup.harvestcraft.cornitem":5,"stat.mineBlock.harvestcraft.windygarden":36,"stat.pickup.techguns.t1_scout_chestplate":35,"stat.pickup.tombstone.magic_scroll":1,"stat.mineBlock.ic2.leaves":1,"stat.useItem.minecraft.hopper":5,"stat.deaths":4,"stat.playOneMinute":170201,"stat.craftItem.minecraft.item_frame":3,"stat.craftItem.minecraft.iron_pickaxe":1,"stat.drop.minecraft.chest":1,"stat.drop.minecraft.iron_ingot":12,"stat.pickup.chisel.marble2":3,"stat.mineBlock.minecraft.tallgrass":17,"stat.chestOpened":77,"stat.pickup.botania.mushroom":2,"stat.useItem.minecraft.stone":33,"stat.pickup.harvestcraft.chilipepperitem":4,"stat.drop.minecraft.iron_pickaxe":1,"stat.mineBlock.botania.mushroom":1,"stat.craftItem.minecraft.iron_nugget":18,"stat.fallOneCm":16039,"stat.drop.minecraft.stone":1,"stat.pickup.minecraft.carrot":5,"stat.crouchOneCm":729,"stat.mineBlock.minecraft.chest":1,"stat.craftItem.minecraft.iron_ingot":31,"stat.craftItem.minecraft.chest":1,"stat.craftingTableInteraction":16,"stat.pickup.techguns.revolver":7,"stat.mineBlock.ic2.resource":12,"stat.useItem.chisel.marble2":2,"stat.killEntity.techguns.ZombieMiner":1,"stat.pickup.minecraft.dye":12,"stat.craftItem.techguns.glider":1,"stat.pickup.minecraft.wheat_seeds":8,"stat.pickup.techguns.t1_miner_chestplate":1,"stat.mineBlock.minecraft.gravel":26,"stat.useItem.minecraft.stone_pickaxe":9,"stat.useItem.minecraft.stone_sword":221,"stat.craftItem.minecraft.iron_leggings":1,"stat.mineBlock.minecraft.dirt":8,"stat.drop.techguns.t1_scout_chestplate":1,"stat.useItem.minecraft.torch":17,"stat.useItem.minecraft.bread":7,"stat.mineBlock.techguns.basicore":7,"stat.useItem.minecraft.cobblestone":3,"stat.craftItem.minecraft.crafting_table":1,"stat.useItem.minecraft.gravel":12,"stat.mineBlock.minecraft.double_plant":3,"stat.pickup.minecraft.log":9,"stat.pickup.minecraft.iron_pickaxe":2,"stat.pickup.minecraft.hopper":6,"stat.pickup.minecraft.sapling":1,"stat.pickup.minecraft.apple":10,"stat.pickup.harvestcraft.parsnipitem":4,"stat.craftItem.minecraft.planks":54,"stat.mineBlock.minecraft.log":9,"stat.useItem.harvestcraft.elderberryitem":5,"stat.pickup.tconstruct.slime_boots":1,"stat.sneakTime":466,"stat.pickup.minecraft.wool":3,"stat.pickup.ic2.sapling":1,"stat.pickup.minecraft.stone_slab":1,"stat.pickup.minecraft.chest":1,"stat.pickup.minecraft.flint":6,"stat.pickup.techguns.sawedoff":8,"stat.swimOneCm":29198,"stat.climbOneCm":12881,"stat.pickup.harvestcraft.artichokeitem":5,"stat.drop.minecraft.cobblestone":8,"stat.killEntity.techguns.ZombieSoldier":2,"stat.pickup.techguns.boltaction":9,"stat.useItem.minecraft.stone_slab2":22,"stat.pickup.minecraft.bow":1,"stat.pickup.minecraft.stone_hoe":1,"stat.craftItem.minecraft.iron_boots":1,"stat.craftItem.minecraft.stone_pickaxe":1,"stat.pickup.minecraft.cobblestone":130,"stat.flyOneCm":784447,"stat.craftItem.ic2.ingot":6,"stat.useItem.minecraft.cooked_beef":2,"stat.pickup.minecraft.redstone":22,"stat.mineBlock.minecraft.iron_ore":7,"stat.timeSinceDeath":118727,"stat.pickup.minecraft.mutton":4,"stat.killEntity.techguns.SkeletonSoldier":1,"stat.useItem.minecraft.potato":9,"stat.useItem.harvestcraft.cornitem":4,"stat.mineBlock.minecraft.coal_ore":2,"stat.pickup.techguns.t1_combat_helmet":1,"stat.pickup.tombstone.crafting_ingredient":4,"stat.pickup.techguns.t1_scout_helmet":15,"stat.useItem.harvestcraft.cucumberitem":5,"stat.sprintOneCm":196878,"stat.craftItem.minecraft.stick":22,"stat.pickup.ic2.resource":12,"stat.pickup.techguns.t1_miner_leggings":1,"stat.pickup.harvestcraft.barleyitem":5,"stat.useItem.minecraft.carrot":7,"stat.pickup.minecraft.spawn_egg":37,"stat.pickup.harvestcraft.mustardseedsitem":9,"stat.drop":25,"stat.pickup.harvestcraft.flaxitem":4,"stat.killEntity.Sheep":4,"stat.pickup.techguns.t1_scout_boots":43,"stat.killEntity.Zombie":2,"stat.diveOneCm":11410,"stat.pickup.minecraft.wheat":33,"stat.pickup.tconstruct.tooltables":1,"stat.pickup.techguns.t1_scout_leggings":47,"stat.pickup.minecraft.gravel":44,"stat.useItem.minecraft.apple":10,"stat.jump":1516,"stat.pickup.minecraft.coal":5,"stat.pickup.minecraft.iron_ingot":424,"stat.pickup.minecraft.gunpowder":241,"stat.pickup.harvestcraft.peanutitem":2,"stat.pickup.minecraft.dirt":11,"stat.craftItem.minecraft.iron_helmet":1,"stat.pickup.harvestcraft.bellpepperitem":6,"stat.pickup.minecraft.iron_ore":7,"stat.mineBlock.minecraft.lapis_ore":2,"stat.mineBlock.tconstruct.tooltables":1,"stat.damageTaken":1617,"stat.pickup.minecraft.leather":18,"stat.mineBlock.minecraft.torch":17,"stat.pickup.harvestcraft.pawpawitem":1,"stat.drop.tconstruct.slimesling":1,"stat.pickup.ic2.rubber_wood":7,"stat.pickup.minecraft.bed":1,"tombstone:undead_killed":52,"stat.pickup.minecraft.potato":7,"stat.damageDealt":5756,"stat.sleepInBed":8,"stat.pickup.harvestcraft.lettuceitem":8,"stat.killEntity.Cow":2,"stat.pickup.harvestcraft.elderberryitem":6,"stat.craftItem.minecraft.iron_sword":1,"stat.pickup.techguns.itemshared":2227,"stat.walkOneCm":420785,"stat.pickup.techguns.t1_miner_boots":1,"stat.useItem.harvestcraft.pawpawitem":1,"stat.pickup.techguns.thompson":5,"stat.useItem.tombstone.gift":1,"stat.pickup.minecraft.stone":37,"stat.craftItem.minecraft.iron_chestplate":1,"stat.killEntity.Skeleton":1,"stat.pickup.harvestcraft.amaranthitem":12,"stat.craftItem.techguns.itemshared":49,"stat.pickup.harvestcraft.cucumberitem":6,"stat.pickup.harvestcraft.strawberryitem":5,"stat.pickup.minecraft.bread":10,"stat.pickup.techguns.pistol":6,"stat.mobKills":61,"stat.mineBlock.minecraft.leaves":13,"stat.pickup.minecraft.torch":27,"stat.mineBlock.minecraft.redstone_ore":5,"stat.mineBlock.minecraft.stone":167}