{"stat.leaveGame":16,"stat.useItem.harvestcraft.amaranthitem":11,"stat.entityKilledBy.techguns.ZombieMiner":1,"stat.craftItem.minecraft.iron_axe":1,"stat.pickup.tombstone.familiar_stone":3,"stat.mineBlock.ic2.rubber_wood":7,"stat.entityKilledBy.techguns.ZombieFarmer":1,"stat.pickup.minecraft.porkchop":3,"stat.pickup.tconstruct.slimesling":2,"stat.pickup.minecraft.rotten_flesh":4,"stat.pickup.minecraft.sand":21,"stat.pickup.harvestcraft.wintersquashitem":8,"stat.entityKilledBy.techguns.ZombieSoldier":2,"stat.craftItem.minecraft.stone_sword":2,"stat.mineBlock.minecraft.sand":21,"stat.pickup.techguns.ak47":5,"stat.killEntity.techguns.ZombieFarmer":45,"stat.useItem.minecraft.iron_pickaxe":404,"stat.trappedChestTriggered":184,"stat.pickup.harvestcraft.onionitem":6,"stat.mineBlock.chisel.marble2":4,"stat.mineBlock.minecraft.hopper":6,"stat.pickup.techguns.basicore":9,"stat.furnaceInteraction":21,"stat.pickup.harvestcraft.cornitem":7,"stat.mineBlock.harvestcraft.windygarden":45,"stat.pickup.techguns.t1_scout_chestplate":35,"stat.pickup.tombstone.magic_scroll":1,"stat.mineBlock.ic2.leaves":1,"stat.useItem.minecraft.hopper":5,"stat.deaths":4,"stat.playOneMinute":205632,"stat.craftItem.minecraft.item_frame":3,"stat.craftItem.minecraft.iron_pickaxe":1,"stat.drop.minecraft.chest":1,"stat.drop.minecraft.iron_ingot":12,"stat.pickup.chisel.marble2":4,"stat.mineBlock.minecraft.tallgrass":18,"stat.chestOpened":82,"stat.pickup.botania.mushroom":2,"stat.useItem.minecraft.stone":33,"stat.pickup.minecraft.arrow":2,"stat.pickup.harvestcraft.chilipepperitem":4,"stat.drop.minecraft.iron_pickaxe":1,"stat.mineBlock.botania.mushroom":1,"stat.craftItem.minecraft.iron_nugget":126,"stat.fallOneCm":16039,"stat.drop.minecraft.stone":1,"stat.pickup.minecraft.carrot":7,"stat.crouchOneCm":729,"stat.mineBlock.minecraft.chest":1,"stat.craftItem.minecraft.iron_ingot":35,"stat.craftItem.minecraft.chest":1,"stat.useItem.harvestcraft.bellpepperitem":1,"stat.craftingTableInteraction":23,"stat.pickup.techguns.revolver":7,"stat.mineBlock.ic2.resource":20,"stat.useItem.chisel.marble2":2,"stat.killEntity.techguns.ZombieMiner":1,"stat.pickup.minecraft.dye":12,"stat.craftItem.techguns.glider":1,"stat.useItem.harvestcraft.lettuceitem":1,"stat.pickup.minecraft.wheat_seeds":8,"stat.pickup.techguns.t1_miner_chestplate":1,"stat.mineBlock.minecraft.gravel":27,"stat.useItem.minecraft.stone_pickaxe":9,"stat.useItem.minecraft.stone_sword":221,"stat.craftItem.minecraft.iron_leggings":1,"stat.mineBlock.minecraft.dirt":8,"stat.drop.techguns.t1_scout_chestplate":1,"stat.useItem.minecraft.torch":17,"stat.useItem.minecraft.bread":7,"stat.mineBlock.techguns.basicore":9,"stat.useItem.minecraft.cobblestone":3,"stat.craftItem.minecraft.crafting_table":1,"stat.useItem.minecraft.gravel":12,"stat.mineBlock.minecraft.double_plant":3,"stat.pickup.minecraft.log":9,"stat.pickup.minecraft.iron_pickaxe":2,"stat.pickup.minecraft.hopper":6,"stat.pickup.minecraft.sapling":1,"stat.pickup.minecraft.apple":10,"stat.pickup.harvestcraft.parsnipitem":6,"stat.craftItem.minecraft.planks":54,"stat.useItem.minecraft.iron_sword":11,"stat.useItem.harvestcraft.artichokeitem":2,"stat.mineBlock.minecraft.log":9,"stat.useItem.harvestcraft.elderberryitem":6,"stat.pickup.tconstruct.slime_boots":1,"stat.pickup.minecraft.red_flower":2,"stat.sneakTime":525,"stat.pickup.minecraft.wool":9,"stat.pickup.ic2.sapling":1,"stat.pickup.minecraft.stone_slab":1,"stat.pickup.minecraft.chest":1,"stat.pickup.minecraft.bone":2,"stat.pickup.minecraft.flint":6,"stat.pickup.techguns.sawedoff":8,"stat.craftItem.minecraft.wool":2,"stat.swimOneCm":31091,"stat.climbOneCm":24877,"stat.pickup.harvestcraft.artichokeitem":7,"stat.drop.minecraft.cobblestone":8,"stat.killEntity.techguns.ZombieSoldier":4,"stat.useItem.harvestcraft.strawberryitem":1,"stat.pickup.techguns.boltaction":9,"stat.useItem.minecraft.stone_slab2":25,"stat.pickup.minecraft.bow":1,"stat.useItem.harvestcraft.wintersquashitem":2,"stat.pickup.minecraft.stone_hoe":1,"stat.craftItem.minecraft.iron_boots":1,"stat.craftItem.minecraft.stone_pickaxe":1,"stat.pickup.minecraft.cobblestone":278,"stat.flyOneCm":843632,"stat.craftItem.ic2.ingot":6,"stat.useItem.minecraft.cooked_beef":2,"stat.pickup.minecraft.redstone":22,"stat.mineBlock.minecraft.iron_ore":7,"stat.timeSinceDeath":154158,"stat.useItem.harvestcraft.peanutitem":1,"stat.pickup.minecraft.mutton":12,"stat.killEntity.techguns.SkeletonSoldier":1,"stat.useItem.minecraft.potato":9,"stat.useItem.harvestcraft.cornitem":6,"stat.mineBlock.minecraft.coal_ore":2,"stat.pickup.techguns.t1_combat_helmet":1,"stat.pickup.tombstone.crafting_ingredient":4,"stat.pickup.techguns.t1_scout_helmet":17,"stat.useItem.harvestcraft.cucumberitem":6,"stat.sprintOneCm":232709,"stat.craftItem.minecraft.stick":22,"stat.pickup.ic2.resource":20,"stat.pickup.techguns.t1_miner_leggings":1,"stat.pickup.harvestcraft.barleyitem":7,"stat.useItem.minecraft.carrot":7,"stat.pickup.minecraft.spawn_egg":37,"stat.pickup.harvestcraft.mustardseedsitem":9,"stat.drop":25,"stat.pickup.harvestcraft.flaxitem":4,"stat.killEntity.Sheep":10,"stat.pickup.techguns.t1_scout_boots":44,"stat.killEntity.Zombie":2,"stat.craftItem.minecraft.dye":2,"stat.diveOneCm":14771,"stat.pickup.minecraft.wheat":34,"stat.pickup.tconstruct.tooltables":1,"stat.pickup.techguns.t1_scout_leggings":48,"stat.pickup.minecraft.gravel":45,"stat.useItem.minecraft.apple":10,"stat.pickup.techguns.t1_combat_chestplate":1,"stat.craftItem.travelersbackpack.backpack_tank":2,"stat.jump":1745,"stat.pickup.minecraft.coal":5,"stat.pickup.minecraft.iron_ingot":424,"stat.pickup.minecraft.gunpowder":241,"stat.pickup.harvestcraft.peanutitem":4,"stat.pickup.minecraft.dirt":11,"stat.craftItem.minecraft.iron_helmet":1,"stat.pickup.harvestcraft.bellpepperitem":7,"stat.pickup.minecraft.iron_ore":7,"stat.mineBlock.minecraft.lapis_ore":2,"stat.mineBlock.tconstruct.tooltables":1,"stat.damageTaken":1661,"stat.pickup.minecraft.leather":18,"stat.mineBlock.minecraft.torch":18,"stat.mineBlock.minecraft.red_flower":2,"stat.pickup.harvestcraft.pawpawitem":1,"stat.drop.tconstruct.slimesling":1,"stat.pickup.ic2.rubber_wood":7,"stat.pickup.minecraft.bed":1,"tombstone:undead_killed":54,"stat.pickup.minecraft.potato":10,"stat.damageDealt":5990,"stat.craftItem.minecraft.glass":21,"stat.sleepInBed":9,"stat.pickup.harvestcraft.lettuceitem":9,"stat.killEntity.Cow":2,"stat.killEntity.Pig":1,"stat.pickup.harvestcraft.elderberryitem":7,"stat.craftItem.minecraft.iron_sword":1,"stat.pickup.techguns.itemshared":2277,"stat.walkOneCm":474812,"stat.pickup.techguns.t1_miner_boots":1,"stat.useItem.harvestcraft.pawpawitem":1,"stat.pickup.techguns.thompson":5,"stat.useItem.tombstone.gift":2,"stat.pickup.minecraft.stone":67,"stat.craftItem.minecraft.iron_chestplate":1,"stat.killEntity.Skeleton":1,"stat.craftItem.travelersbackpack.sleeping_bag_bottom":1,"stat.pickup.harvestcraft.amaranthitem":13,"stat.craftItem.techguns.itemshared":55,"stat.useItem.harvestcraft.parsnipitem":2,"stat.pickup.harvestcraft.cucumberitem":7,"stat.pickup.harvestcraft.strawberryitem":6,"stat.pickup.minecraft.bread":10,"stat.pickup.techguns.pistol":8,"stat.mobKills":70,"stat.mineBlock.minecraft.leaves":13,"stat.pickup.minecraft.torch":28,"stat.mineBlock.minecraft.redstone_ore":5,"stat.mineBlock.minecraft.stone":345}