{"stat.chestOpened":2,"stat.pickup.techguns.itemshared":2,"stat.walkOneCm":80857,"stat.pickup.botania.mushroom":1,"stat.leaveGame":7,"stat.pickup.techguns.basicore":3,"stat.mineBlock.techguns.basicore":3,"stat.furnaceInteraction":1,"stat.entityKilledBy.techguns.ZombieMiner":1,"stat.pickup.minecraft.log":5,"stat.drop.minecraft.iron_pickaxe":1,"stat.jump":377,"stat.swimOneCm":6917,"stat.pickup.minecraft.coal":3,"stat.fallOneCm":7341,"stat.pickup.minecraft.iron_ingot":1,"stat.climbOneCm":6360,"stat.pickup.minecraft.iron_pickaxe":2,"stat.killEntity.techguns.ZombieSoldier":1,"stat.pickup.minecraft.sapling":1,"stat.pickup.tconstruct.slimesling":1,"stat.sprintOneCm":43129,"stat.useItem.minecraft.stone_slab2":4,"stat.craftingTableInteraction":2,"stat.pickup.ic2.resource":9,"stat.mineBlock.ic2.resource":9,"stat.craftItem.minecraft.planks":18,"stat.pickup.techguns.t1_miner_leggings":1,"stat.damageTaken":650,"stat.mineBlock.minecraft.torch":5,"stat.mobKills":3,"stat.pickup.minecraft.cobblestone":37,"stat.mineBlock.minecraft.log":5,"stat.entityKilledBy.techguns.ZombieSoldier":1,"stat.craftItem.minecraft.stone_sword":1,"stat.flyOneCm":42879,"stat.deaths":2,"tombstone:undead_killed":1,"stat.drop":13,"stat.mineBlock.minecraft.leaves":4,"stat.playOneMinute":29577,"stat.pickup.techguns.t1_miner_chestplate":1,"stat.pickup.minecraft.torch":4,"stat.pickup.tconstruct.slime_boots":1,"stat.mineBlock.minecraft.redstone_ore":1,"stat.useItem.minecraft.stone_sword":31,"stat.sneakTime":34,"stat.damageDealt":804,"stat.pickup.minecraft.redstone":4,"stat.sleepInBed":1,"stat.timeSinceDeath":14842,"stat.drop.minecraft.iron_ingot":12,"stat.useItem.minecraft.iron_pickaxe":69,"stat.mineBlock.minecraft.stone":56,"stat.diveOneCm":2668}