{"stat.walkOneCm":16598,"stat.craftItem.minecraft.planks":18,"stat.leaveGame":5,"stat.damageTaken":146,"stat.furnaceInteraction":1,"stat.mineBlock.minecraft.torch":4,"stat.mobKills":2,"stat.mineBlock.minecraft.log":5,"stat.pickup.minecraft.log":5,"stat.craftItem.minecraft.stone_sword":1,"stat.flyOneCm":11011,"tombstone:undead_killed":1,"stat.drop":12,"stat.jump":87,"stat.mineBlock.minecraft.leaves":3,"stat.swimOneCm":1755,"stat.playOneMinute":11874,"stat.fallOneCm":1718,"stat.pickup.minecraft.iron_ingot":1,"stat.pickup.minecraft.torch":4,"stat.pickup.minecraft.iron_pickaxe":1,"stat.useItem.minecraft.stone_sword":10,"stat.killEntity.techguns.ZombieSoldier":1,"stat.damageDealt":348,"stat.timeSinceDeath":11874,"stat.drop.minecraft.iron_ingot":12,"stat.pickup.minecraft.sapling":1,"stat.sprintOneCm":14272,"stat.useItem.minecraft.stone_slab2":4,"stat.diveOneCm":2348,"stat.craftingTableInteraction":2}