{"stat.leaveGame":9,"stat.pickup.minecraft.flint":6,"stat.entityKilledBy.techguns.ZombieMiner":1,"stat.pickup.tombstone.familiar_stone":1,"stat.swimOneCm":13788,"stat.entityKilledBy.techguns.ZombieFarmer":1,"stat.climbOneCm":7308,"stat.pickup.harvestcraft.artichokeitem":5,"stat.drop.minecraft.cobblestone":8,"stat.killEntity.techguns.ZombieSoldier":1,"stat.pickup.tconstruct.slimesling":1,"stat.useItem.minecraft.stone_slab2":9,"stat.pickup.harvestcraft.wintersquashitem":6,"stat.pickup.minecraft.cobblestone":130,"stat.entityKilledBy.techguns.ZombieSoldier":2,"stat.craftItem.minecraft.stone_sword":1,"stat.flyOneCm":194567,"stat.craftItem.ic2.ingot":6,"stat.pickup.minecraft.redstone":22,"stat.mineBlock.minecraft.iron_ore":7,"stat.timeSinceDeath":31287,"stat.useItem.minecraft.iron_pickaxe":211,"stat.pickup.minecraft.mutton":4,"stat.killEntity.techguns.SkeletonSoldier":1,"stat.pickup.harvestcraft.onionitem":6,"stat.mineBlock.chisel.marble2":3,"stat.pickup.techguns.basicore":7,"stat.furnaceInteraction":16,"stat.pickup.harvestcraft.cornitem":5,"stat.mineBlock.minecraft.coal_ore":2,"stat.pickup.techguns.t1_combat_helmet":1,"stat.mineBlock.harvestcraft.windygarden":36,"stat.sprintOneCm":101854,"stat.pickup.ic2.resource":12,"stat.pickup.techguns.t1_miner_leggings":1,"stat.pickup.harvestcraft.barleyitem":5,"stat.mineBlock.ic2.leaves":1,"stat.pickup.harvestcraft.mustardseedsitem":9,"stat.deaths":4,"stat.drop":22,"stat.pickup.harvestcraft.flaxitem":4,"stat.playOneMinute":82761,"stat.killEntity.Sheep":4,"stat.drop.minecraft.iron_ingot":12,"stat.pickup.chisel.marble2":3,"stat.mineBlock.minecraft.tallgrass":17,"stat.diveOneCm":5886,"stat.pickup.minecraft.wheat":4,"stat.chestOpened":21,"stat.pickup.tconstruct.tooltables":1,"stat.pickup.botania.mushroom":2,"stat.useItem.minecraft.stone":32,"stat.pickup.minecraft.gravel":44,"stat.pickup.harvestcraft.chilipepperitem":4,"stat.drop.minecraft.iron_pickaxe":1,"stat.mineBlock.botania.mushroom":1,"stat.jump":990,"stat.pickup.minecraft.coal":5,"stat.fallOneCm":13011,"stat.pickup.minecraft.iron_ingot":2,"stat.drop.minecraft.stone":1,"stat.pickup.minecraft.carrot":5,"stat.pickup.minecraft.gunpowder":1,"stat.crouchOneCm":152,"stat.pickup.harvestcraft.peanutitem":2,"stat.craftItem.minecraft.iron_ingot":7,"stat.pickup.minecraft.dirt":4,"stat.pickup.harvestcraft.bellpepperitem":6,"stat.craftingTableInteraction":3,"stat.pickup.minecraft.iron_ore":7,"stat.mineBlock.minecraft.lapis_ore":2,"stat.mineBlock.ic2.resource":12,"stat.mineBlock.tconstruct.tooltables":1,"stat.useItem.chisel.marble2":2,"stat.damageTaken":1136,"stat.pickup.minecraft.leather":3,"stat.mineBlock.minecraft.torch":17,"stat.killEntity.techguns.ZombieMiner":1,"stat.pickup.harvestcraft.pawpawitem":1,"stat.pickup.minecraft.dye":12,"stat.pickup.minecraft.bed":1,"tombstone:undead_killed":3,"stat.pickup.minecraft.wheat_seeds":1,"stat.pickup.minecraft.potato":7,"stat.pickup.techguns.t1_miner_chestplate":1,"stat.mineBlock.minecraft.gravel":26,"stat.useItem.minecraft.stone_sword":115,"stat.damageDealt":1516,"stat.sleepInBed":3,"stat.pickup.harvestcraft.lettuceitem":8,"stat.killEntity.Cow":2,"stat.mineBlock.minecraft.dirt":4,"stat.pickup.harvestcraft.elderberryitem":6,"stat.pickup.techguns.itemshared":2,"stat.walkOneCm":207318,"stat.useItem.minecraft.torch":17,"stat.useItem.minecraft.bread":2,"stat.mineBlock.techguns.basicore":7,"stat.useItem.minecraft.gravel":12,"stat.useItem.harvestcraft.pawpawitem":1,"stat.mineBlock.minecraft.double_plant":3,"stat.pickup.minecraft.log":5,"stat.pickup.minecraft.iron_pickaxe":2,"stat.useItem.tombstone.gift":1,"stat.pickup.minecraft.stone":35,"stat.pickup.minecraft.sapling":1,"stat.pickup.harvestcraft.parsnipitem":4,"stat.pickup.harvestcraft.amaranthitem":11,"stat.craftItem.techguns.itemshared":6,"stat.craftItem.minecraft.planks":18,"stat.pickup.harvestcraft.cucumberitem":6,"stat.pickup.harvestcraft.strawberryitem":5,"stat.mobKills":11,"stat.mineBlock.minecraft.log":5,"stat.mineBlock.minecraft.leaves":13,"stat.pickup.tconstruct.slime_boots":1,"stat.pickup.minecraft.torch":27,"stat.mineBlock.minecraft.redstone_ore":5,"stat.sneakTime":222,"stat.pickup.minecraft.wool":3,"stat.mineBlock.minecraft.stone":164}