{"stat.pickup.minecraft.wooden_slab":3,"stat.leaveGame":27,"stat.pickup.harvestcraft.huckleberryitem":3,"stat.pickup.minecraft.jungle_fence":5,"stat.pickup.tconstruct.edible":22,"stat.pickup.tombstone.familiar_stone":2,"stat.entityKilledBy.techguns.ZombieFarmer":1,"stat.mineBlock.harvestcraft.beehive":1,"stat.mineBlock.chisel.factory":92,"stat.mineBlock.techguns.ladder0":8,"stat.pickup.harvestcraft.seaweeditem":2,"stat.pickup.minecraft.rotten_flesh":25,"stat.craftItem.minecraft.noteblock":1,"stat.pickup.minecraft.bucket":1,"stat.killEntity.Enderman":1,"stat.entityKilledBy.techguns.ZombieSoldier":2,"stat.mineBlock.techguns.concrete":3,"stat.pickup.harvestcraft.radishitem":12,"stat.pickup.minecraft.brown_mushroom":6,"stat.killEntity.Witch":1,"stat.pickup.harvestcraft.scallionitem":13,"stat.useItem.minecraft.iron_pickaxe":923,"stat.craftItem.minecraft.wooden_pickaxe":2,"stat.pickup.harvestcraft.rhubarbitem":20,"stat.craftItem.minecraft.bed":1,"stat.useItem.harvestcraft.asparagusitem":2,"stat.useItem.harvestcraft.peasitem":3,"stat.pickup.harvestcraft.onionitem":7,"stat.mineBlock.chisel.marble2":14,"stat.pickup.techguns.basicore":10,"stat.furnaceInteraction":52,"stat.pickup.harvestcraft.cherryitem":8,"stat.mineBlock.botania.flower":3,"stat.pickup.harvestcraft.cornitem":12,"stat.pickup.minecraft.beef":93,"stat.pickup.harvestcraft.brusselsproutitem":1,"stat.pickup.techguns.ladder0":8,"stat.useItem.minecraft.wheat_seeds":2,"stat.useItem.harvestcraft.tomatilloitem":2,"stat.mineBlock.ic2.leaves":1,"stat.useItem.minecraft.beef":4,"stat.deaths":89,"stat.pickup.minecraft.egg":4,"stat.useItem.harvestcraft.okraitem":1,"stat.pickup.techguns.t1_miner_helmet":3,"stat.craftItem.minecraft.iron_pickaxe":6,"stat.mineBlock.harvestcraft.pamchestnut":1,"stat.drop.minecraft.torch":17,"stat.pickup.chisel.marble2":29,"stat.mineBlock.minecraft.tallgrass":52,"stat.craftItem.minecraft.cooked_mutton":1,"stat.chestOpened":138,"stat.useItem.minecraft.stone":57,"stat.useItem.minecraft.jungle_fence":1,"stat.pickup.minecraft.iron_sword":1,"stat.pickup.minecraft.arrow":17,"stat.pickup.harvestcraft.waterchestnutitem":5,"stat.pickup.harvestcraft.chilipepperitem":4,"stat.craftItem.minecraft.coal":4,"stat.mineBlock.botania.mushroom":1,"stat.pickup.chisel.basalt2":3,"stat.pickup.minecraft.carrot":63,"stat.crouchOneCm":8743,"stat.mineBlock.minecraft.chest":2,"stat.craftItem.minecraft.iron_ingot":20,"stat.pickup.harvestcraft.walnutitem":2,"stat.craftingTableInteraction":77,"stat.pickup.minecraft.jungle_door":1,"stat.pickup.minecraft.wooden_pickaxe":1,"stat.mineBlock.techguns.bunkerdoor":2,"stat.craftItem.minecraft.wooden_sword":3,"stat.pickup.minecraft.dye":30,"stat.pickup.minecraft.planks":59,"stat.useItem.harvestcraft.lettuceitem":2,"stat.pickup.chisel.limestone2":21,"stat.pickup.minecraft.wheat_seeds":33,"stat.pickup.chisel.cobblestone":3,"stat.pickup.techguns.t1_miner_chestplate":1,"stat.useItem.harvestcraft.rutabagaitem":1,"stat.craftItem.tconstruct.slime_congealed":1,"stat.mineBlock.minecraft.glass":1,"stat.craftItem.botania.cacophonium":1,"stat.mineBlock.minecraft.dirt":213,"stat.drop.techguns.t1_scout_chestplate":1,"stat.useItem.minecraft.bread":8,"stat.pickup.harvestcraft.maplesyrupitem":6,"stat.useItem.minecraft.cobblestone":283,"stat.mineBlock.minecraft.double_plant":8,"stat.pickup.prefab.item_moderate_house":3,"stat.pickup.harvestcraft.peasitem":5,"stat.useItem.harvestcraft.sweetpotatoitem":2,"stat.craftItem.minecraft.gold_ingot":9,"stat.useItem.harvestcraft.riceitem":3,"stat.useItem.harvestcraft.cabbageitem":3,"stat.pickup.minecraft.apple":30,"stat.useItem.harvestcraft.caulifloweritem":1,"stat.craftItem.minecraft.bucket":2,"stat.pickup.minecraft.carrot_on_a_stick":1,"stat.craftItem.minecraft.planks":220,"stat.useItem.minecraft.iron_sword":26,"stat.entityKilledBy.Wolf":4,"stat.useItem.harvestcraft.raspberryitem":2,"stat.mineBlock.minecraft.log":98,"stat.pickup.minecraft.red_flower":4,"stat.pickup.minecraft.wool":18,"stat.pickup.minecraft.trapped_chest":3,"stat.craftItem.tconstruct.slime":1,"stat.pickup.ic2.ingot":8,"stat.useItem.minecraft.iron_axe":90,"stat.mineBlock.minecraft.cobblestone":66,"stat.mineBlock.minecraft.pumpkin":1,"stat.useItem.techguns.basicore":1,"stat.mineBlock.minecraft.yellow_flower":2,"stat.craftItem.tombstone.grave_key":3,"stat.pickup.minecraft.flower_pot":1,"stat.craftItem.minecraft.wool":2,"stat.pickup.harvestcraft.mixingbowlitem":1,"stat.drop.minecraft.saddle":1,"stat.pickup.minecraft.enchanted_book":2,"stat.killEntity.techguns.ZombieSoldier":12,"stat.pickup.techguns.boltaction":11,"stat.useItem.harvestcraft.tomatoitem":11,"stat.useItem.minecraft.stone_slab2":77,"stat.pickup.minecraft.stone_hoe":2,"stat.mineBlock.chisel.cobblestone":3,"stat.craftItem.minecraft.furnace":3,"stat.mineBlock.techguns.slimy":1,"stat.pickup.harvestcraft.broccoliitem":3,"stat.craftItem.minecraft.iron_boots":1,"stat.craftItem.minecraft.cooked_beef":17,"stat.pickup.harvestcraft.jicamaitem":5,"stat.drop.harvestcraft.leekitem":4,"stat.flyOneCm":3720443,"stat.pickup.harvestcraft.cranberryitem":1,"stat.useItem.harvestcraft.jicamaitem":5,"stat.timeSinceDeath":21399,"stat.pickup.harvestcraft.whitemushroomitem":13,"stat.pickup.travelersbackpack.travelers_backpack":13,"stat.pickup.harvestcraft.beanitem":16,"stat.pickup.harvestcraft.riceitem":3,"stat.useItem.minecraft.potato":13,"stat.drop.techguns.t1_scout_leggings":1,"stat.useItem.harvestcraft.blueberryitem":1,"stat.killEntity.Wolf":2,"stat.mineBlock.minecraft.coal_ore":65,"stat.killEntity.Creeper":3,"stat.pickup.minecraft.wooden_sword":1,"stat.pickup.minecraft.string":10,"stat.pickup.harvestcraft.asparagusitem":2,"stat.pickup.tombstone.crafting_ingredient":13,"stat.pickup.techguns.t1_scout_helmet":24,"stat.entityKilledBy.Skeleton":2,"stat.sprintOneCm":2207207,"stat.pickup.ic2.resource":8,"stat.useItem.harvestcraft.cottonitem":2,"stat.useItem.tombstone.magic_scroll":7,"stat.pickup.harvestcraft.quinoaitem":3,"stat.useItem.harvestcraft.waterchestnutitem":5,"stat.pickup.minecraft.spawn_egg":31,"stat.pickup.minecraft.sugar":6,"stat.pickup.harvestcraft.mustardseedsitem":4,"stat.pickup.harvestcraft.flaxitem":7,"stat.useItem.minecraft.wooden_sword":157,"stat.useItem.harvestcraft.zucchiniitem":6,"stat.pickup.techguns.t1_scout_boots":61,"stat.killEntity.Zombie":10,"stat.craftItem.minecraft.dye":3,"stat.pickup.minecraft.snowball":7,"stat.mineBlock.minecraft.gold_ore":9,"stat.diveOneCm":231616,"stat.craftItem.minecraft.slime_ball":8,"stat.pickup.minecraft.wheat":32,"stat.pickup.tconstruct.tooltables":4,"stat.craftItem.minecraft.cooked_porkchop":16,"stat.pickup.harvestcraft.ryeitem":1,"stat.useItem.minecraft.rotten_flesh":2,"stat.jump":15763,"stat.pickup.minecraft.coal":104,"stat.pickup.minecraft.iron_ingot":3357,"stat.pickup.minecraft.gunpowder":3157,"stat.pickup.harvestcraft.milletitem":4,"stat.craftItem.minecraft.torch":52,"stat.pickup.minecraft.dirt":342,"stat.pickup.harvestcraft.chestnutitem":2,"stat.pickup.minecraft.gold_ore":14,"stat.mineBlock.minecraft.lapis_ore":2,"stat.pickup.chisel.technical":114,"tombstone:sneak_grave":1,"stat.mineBlock.minecraft.glass_pane":15,"stat.damageTaken":34074,"stat.mineBlock.minecraft.red_flower":4,"stat.mineBlock.minecraft.torch":10,"stat.killEntity.tconstruct.blueslime":16,"stat.useItem.harvestcraft.radishitem":2,"stat.useItem.minecraft.carrot_on_a_stick":27,"stat.drop.tconstruct.slimesling":1,"stat.pickup.ic2.rubber_wood":5,"stat.pickup.techguns.concrete":3,"stat.pickup.minecraft.bed":3,"stat.pickup.minecraft.acacia_fence":1,"stat.pickup.minecraft.potato":15,"stat.entityKilledBy.Zombie":2,"stat.mineBlock.techguns.lamp0":2,"stat.pickup.harvestcraft.lettuceitem":17,"stat.pickup.harvestcraft.oatsitem":3,"stat.useItem.harvestcraft.onionitem":2,"stat.pickup.techguns.itemshared":12308,"stat.pickup.harvestcraft.greengrapeitem":4,"stat.pickup.chisel.factory":86,"stat.pickup.techguns.thompson":11,"stat.pickup.harvestcraft.celeryitem":3,"stat.useItem.tombstone.gift":3,"stat.pickup.harvestcraft.spiceleafitem":13,"stat.useItem.harvestcraft.scallionitem":2,"stat.craftItem.minecraft.iron_chestplate":1,"stat.pickup.minecraft.ender_pearl":2,"stat.pickup.minecraft.ladder":3,"stat.craftItem.travelersbackpack.sleeping_bag_bottom":1,"stat.pickup.harvestcraft.queenbeeitem":1,"stat.pickup.harvestcraft.cucumberitem":8,"stat.pickup.harvestcraft.strawberryitem":6,"stat.useItem.harvestcraft.celeryitem":3,"stat.pickup.minecraft.dark_oak_stairs":1,"stat.mineBlock.minecraft.glowstone":1,"stat.mobKills":233,"stat.useItem.minecraft.boat":1,"stat.pickup.minecraft.diamond":3,"stat.pickup.minecraft.beetroot_seeds":22,"stat.pickup.harvestcraft.raspberryitem":2,"stat.pickup.minecraft.torch":62,"stat.pickup.harvestcraft.beetitem":2,"stat.useItem.harvestcraft.mulberryitem":3,"stat.pickup.tconstruct.book":1,"stat.useItem.harvestcraft.huckleberryitem":3,"stat.useItem.harvestcraft.rhubarbitem":11,"stat.pigOneCm":158823,"stat.entityKilledBy.techguns.ZombieMiner":4,"stat.craftItem.minecraft.iron_axe":1,"stat.mineBlock.ic2.rubber_wood":5,"stat.drop.techguns.pistol":1,"stat.useItem.minecraft.mutton":13,"stat.useItem.minecraft.planks":45,"stat.pickup.minecraft.glowstone_dust":3,"stat.pickup.minecraft.porkchop":106,"stat.pickup.tconstruct.slimesling":2,"stat.useItem.minecraft.water_bucket":21,"stat.pickup.minecraft.sand":32,"stat.pickup.techguns.item_bunkerdoor":2,"stat.useItem.harvestcraft.walnutitem":2,"stat.pickup.harvestcraft.sweetpotatoitem":13,"stat.pickup.harvestcraft.wintersquashitem":8,"stat.craftItem.minecraft.stone_sword":1,"stat.useItem.minecraft.ender_pearl":6,"stat.mineBlock.minecraft.sand":33,"stat.pickup.techguns.ak47":11,"stat.killEntity.techguns.ZombieFarmer":13,"stat.hopperInspected":5,"stat.mineBlock.tconstruct.slime_grass_tall":1,"stat.trappedChestTriggered":254,"stat.useItem.harvestcraft.leekitem":2,"stat.pickup.techguns.lamp0":12,"stat.pickup.harvestcraft.turnipitem":20,"stat.mineBlock.harvestcraft.windygarden":37,"stat.pickup.techguns.t1_scout_chestplate":51,"stat.mineBlock.chisel.technical":117,"stat.craftItem.travelersbackpack.travelers_backpack":2,"stat.pickup.tombstone.magic_scroll":4,"stat.useItem.harvestcraft.blackberryitem":7,"stat.pickup.tconstruct.slime_dirt":1,"stat.pickup.minecraft.saddle":2,"stat.mineBlock.minecraft.oak_stairs":2,"stat.playOneMinute":800190,"stat.pickup.minecraft.iron_bars":5,"stat.pickup.harvestcraft.cottonitem":3,"stat.pickup.harvestcraft.kaleitem":1,"stat.pickup.minecraft.pumpkin":1,"stat.pickup.harvestcraft.tomatoitem":24,"stat.pickup.harvestcraft.tomatilloitem":2,"stat.craftItem.harvestcraft.mixingbowlitem":1,"stat.drop.harvestcraft.juteitem":3,"stat.pickup.minecraft.brick_stairs":2,"stat.fallOneCm":680712,"stat.drop.minecraft.dye":16,"stat.useItem.minecraft.trapped_chest":2,"stat.useItem.harvestcraft.chilipepperitem":1,"stat.pickup.harvestcraft.caulifloweritem":1,"stat.entityKilledBy.techguns.Bandit":6,"stat.pickup.minecraft.red_mushroom":1,"stat.pickup.techguns.revolver":7,"stat.mineBlock.ic2.resource":8,"stat.killEntity.techguns.Bandit":13,"stat.killEntity.techguns.ZombieMiner":14,"stat.mineBlock.harvestcraft.pamcherry":4,"stat.killEntity.Llama":15,"stat.useItem.techguns.concrete":2,"stat.useItem.ic2.rubber_wood":4,"stat.mineBlock.minecraft.gravel":5,"stat.useItem.minecraft.stone_pickaxe":252,"stat.craftItem.minecraft.iron_leggings":1,"stat.useItem.minecraft.stone_sword":38,"stat.useItem.harvestcraft.cherryitem":8,"stat.useItem.minecraft.torch":28,"stat.useItem.harvestcraft.spiceleafitem":1,"stat.useItem.minecraft.log":30,"stat.pickup.minecraft.crafting_table":1,"stat.mineBlock.techguns.basicore":11,"stat.craftItem.minecraft.crafting_table":5,"stat.craftItem.minecraft.boat":1,"stat.pickup.minecraft.log":116,"stat.mineBlock.harvestcraft.pammaple":3,"stat.pickup.minecraft.sapling":35,"stat.pickup.minecraft.beetroot":15,"stat.pickup.harvestcraft.parsnipitem":4,"stat.pickup.harvestcraft.rutabagaitem":1,"stat.useItem.harvestcraft.greengrapeitem":2,"stat.craftItem.minecraft.sugar":3,"stat.pickup.harvestcraft.juteitem":14,"stat.pickup.tconstruct.slime_boots":2,"stat.useItem.minecraft.beetroot_seeds":12,"stat.pickup.harvestcraft.pearitem":10,"stat.sneakTime":4107,"stat.pickup.harvestcraft.tealeafitem":9,"stat.pickup.minecraft.stone_slab":1,"stat.pickup.minecraft.yellow_flower":2,"stat.useItem.minecraft.beetroot":10,"stat.pickup.minecraft.chest":4,"stat.pickup.minecraft.bone":31,"stat.horseOneCm":13968,"stat.useItem.harvestcraft.garlicitem":5,"stat.pickup.techguns.sawedoff":8,"stat.craftItem.botania.petal":2,"stat.useItem.harvestcraft.tealeafitem":2,"stat.mineBlock.minecraft.acacia_fence":1,"stat.craftItem.tconstruct.slimesling":2,"stat.swimOneCm":183156,"stat.climbOneCm":39784,"stat.pickup.harvestcraft.artichokeitem":2,"stat.drop.minecraft.brown_mushroom":1,"stat.pickup.harvestcraft.okraitem":2,"stat.useItem.minecraft.dirt":65,"stat.pickup.minecraft.enchanting_table":1,"stat.craftItem.minecraft.stone_pickaxe":2,"stat.pickup.minecraft.cobblestone":941,"stat.mineBlock.minecraft.carpet":1,"stat.useItem.harvestcraft.juteitem":7,"stat.mineBlock.chisel.limestone2":14,"stat.useItem.harvestcraft.whitemushroomitem":1,"stat.useItem.minecraft.cooked_beef":11,"stat.pickup.harvestcraft.leekitem":16,"stat.pickup.minecraft.redstone":53,"stat.mineBlock.minecraft.iron_ore":41,"stat.pickup.techguns.slimy":1,"stat.pickup.minecraft.mutton":26,"stat.pickup.minecraft.mossy_cobblestone":6,"stat.killEntity.techguns.SkeletonSoldier":6,"stat.useItem.minecraft.cooked_porkchop":5,"stat.pickup.minecraft.carpet":2,"stat.pickup.techguns.t1_combat_helmet":1,"stat.entityKilledBy.techguns.PsychoSteve":2,"stat.pickup.harvestcraft.mulberryitem":3,"stat.craftItem.minecraft.stick":52,"stat.mineBlock.harvestcraft.pamwalnut":1,"stat.pickup.harvestcraft.barleyitem":5,"stat.pickup.techguns.t1_miner_leggings":2,"stat.mineBlock.minecraft.crafting_table":1,"stat.entityKilledBy.tconstruct.blueslime":1,"stat.useItem.minecraft.diamond_pickaxe":1,"stat.useItem.minecraft.wheat":7,"stat.useItem.harvestcraft.turnipitem":9,"stat.drop.techguns.t1_scout_boots":1,"stat.pickup.botania.flower":5,"stat.mineBlock.minecraft.planks":5,"stat.drop":50,"stat.killEntity.Sheep":14,"stat.craftItem.minecraft.diamond_pickaxe":1,"stat.pickup.harvestcraft.garlicitem":11,"stat.pickup.techguns.t1_scout_leggings":60,"stat.drop.harvestcraft.whitemushroomitem":3,"stat.pickup.minecraft.gravel":12,"stat.useItem.minecraft.porkchop":52,"stat.mineBlock.tconstruct.slime_dirt":1,"stat.pickup.harvestcraft.blackberryitem":18,"stat.craftItem.travelersbackpack.backpack_tank":2,"stat.useItem.harvestcraft.kaleitem":1,"stat.mineBlock.harvestcraft.shadedgarden":77,"stat.pickup.harvestcraft.peanutitem":6,"stat.pickup.harvestcraft.bellpepperitem":10,"stat.useItem.harvestcraft.cranberryitem":1,"stat.mineBlock.harvestcraft.frostgarden":10,"stat.pickup.minecraft.iron_ore":43,"stat.pickup.tconstruct.slime_congealed":16,"stat.boatOneCm":42710,"stat.mineBlock.minecraft.iron_bars":6,"stat.entityKilledBy.techguns.SkeletonSoldier":4,"stat.useItem.harvestcraft.brusselsproutitem":1,"stat.mineBlock.tconstruct.tooltables":4,"stat.pickup.minecraft.leather":109,"stat.useItem.minecraft.wooden_pickaxe":73,"stat.pickup.harvestcraft.blueberryitem":1,"stat.useItem.harvestcraft.beetitem":2,"stat.pickup.minecraft.reeds":15,"tombstone:undead_killed":59,"stat.useItem.tombstone.grave_key":2,"stat.pickup.minecraft.oak_stairs":2,"stat.damageDealt":6336,"stat.craftItem.minecraft.glass":20,"stat.sleepInBed":26,"stat.killEntity.Cow":52,"stat.mineBlock.harvestcraft.pamspiderweb":1,"stat.killEntity.Pig":52,"stat.pickup.harvestcraft.elderberryitem":11,"stat.craftItem.minecraft.iron_sword":1,"stat.walkOneCm":1157660,"stat.pickup.minecraft.stick":12,"stat.pickup.techguns.t1_miner_boots":3,"stat.pickup.harvestcraft.cabbageitem":4,"stat.mineBlock.minecraft.trapped_chest":3,"stat.mineBlock.chisel.basalt2":3,"stat.pickup.minecraft.stone":135,"stat.mineBlock.minecraft.wool":1,"stat.pickup.harvestcraft.zucchiniitem":20,"stat.killEntity.Skeleton":4,"stat.pickup.harvestcraft.amaranthitem":6,"stat.killEntity.Chicken":1,"stat.killEntity.Spider":1,"stat.pickup.minecraft.bread":22,"stat.pickup.techguns.pistol":10,"stat.pickup.minecraft.water_bucket":1,"stat.mineBlock.minecraft.leaves":83,"stat.useItem.harvestcraft.broccoliitem":3,"stat.mineBlock.minecraft.redstone_ore":7,"stat.mineBlock.harvestcraft.soggygarden":13,"stat.mineBlock.minecraft.stone":665}