{"stat.pickup.tconstruct.book":1,"stat.useItem.harvestcraft.huckleberryitem":3,"stat.pickup.minecraft.wooden_slab":3,"stat.useItem.harvestcraft.rhubarbitem":8,"stat.leaveGame":17,"stat.entityKilledBy.techguns.ZombieMiner":3,"stat.pickup.harvestcraft.huckleberryitem":3,"stat.pickup.minecraft.jungle_fence":5,"stat.pickup.tconstruct.edible":20,"stat.pickup.tombstone.familiar_stone":2,"stat.mineBlock.ic2.rubber_wood":5,"stat.useItem.minecraft.mutton":13,"stat.entityKilledBy.techguns.ZombieFarmer":1,"stat.mineBlock.harvestcraft.beehive":1,"stat.useItem.minecraft.planks":26,"stat.pickup.minecraft.porkchop":45,"stat.pickup.harvestcraft.seaweeditem":2,"stat.useItem.minecraft.water_bucket":1,"stat.pickup.minecraft.rotten_flesh":14,"stat.useItem.harvestcraft.walnutitem":2,"stat.pickup.harvestcraft.sweetpotatoitem":5,"stat.pickup.harvestcraft.wintersquashitem":6,"stat.entityKilledBy.techguns.ZombieSoldier":1,"stat.pickup.harvestcraft.radishitem":6,"stat.useItem.minecraft.ender_pearl":4,"stat.killEntity.Witch":1,"stat.pickup.techguns.ak47":9,"stat.pickup.harvestcraft.scallionitem":5,"stat.killEntity.techguns.ZombieFarmer":8,"stat.hopperInspected":5,"stat.useItem.minecraft.iron_pickaxe":55,"stat.pickup.harvestcraft.rhubarbitem":8,"stat.craftItem.minecraft.bed":1,"stat.useItem.harvestcraft.asparagusitem":2,"stat.trappedChestTriggered":201,"stat.useItem.harvestcraft.peasitem":3,"stat.pickup.harvestcraft.onionitem":2,"stat.mineBlock.chisel.marble2":2,"stat.pickup.techguns.basicore":5,"stat.furnaceInteraction":13,"stat.pickup.harvestcraft.cherryitem":8,"stat.mineBlock.botania.flower":2,"stat.pickup.harvestcraft.cornitem":11,"stat.useItem.harvestcraft.leekitem":1,"stat.pickup.harvestcraft.turnipitem":10,"stat.pickup.minecraft.beef":2,"stat.pickup.harvestcraft.brusselsproutitem":1,"stat.mineBlock.harvestcraft.windygarden":21,"stat.pickup.techguns.t1_scout_chestplate":42,"stat.pickup.tombstone.magic_scroll":4,"stat.useItem.harvestcraft.blackberryitem":4,"stat.mineBlock.ic2.leaves":1,"stat.pickup.minecraft.saddle":1,"stat.useItem.minecraft.beef":2,"stat.mineBlock.minecraft.oak_stairs":2,"stat.deaths":72,"stat.pickup.minecraft.egg":1,"stat.playOneMinute":390331,"stat.useItem.harvestcraft.okraitem":1,"stat.pickup.techguns.t1_miner_helmet":2,"stat.craftItem.minecraft.iron_pickaxe":1,"stat.pickup.chisel.marble2":17,"stat.mineBlock.minecraft.tallgrass":34,"stat.pickup.harvestcraft.cottonitem":3,"stat.chestOpened":30,"stat.pickup.harvestcraft.kaleitem":1,"stat.pickup.harvestcraft.tomatoitem":12,"stat.useItem.minecraft.jungle_fence":1,"stat.pickup.minecraft.iron_sword":1,"stat.pickup.minecraft.arrow":6,"stat.pickup.harvestcraft.tomatilloitem":2,"stat.pickup.harvestcraft.waterchestnutitem":5,"stat.drop.harvestcraft.juteitem":3,"stat.pickup.harvestcraft.chilipepperitem":1,"stat.pickup.minecraft.brick_stairs":2,"stat.fallOneCm":408842,"stat.pickup.minecraft.carrot":16,"stat.useItem.minecraft.trapped_chest":2,"stat.crouchOneCm":5961,"stat.useItem.harvestcraft.chilipepperitem":1,"stat.mineBlock.minecraft.chest":1,"stat.pickup.harvestcraft.caulifloweritem":1,"stat.entityKilledBy.techguns.Bandit":5,"stat.craftItem.minecraft.iron_ingot":20,"stat.pickup.harvestcraft.walnutitem":2,"stat.craftingTableInteraction":35,"stat.pickup.techguns.revolver":6,"stat.pickup.minecraft.jungle_door":1,"stat.mineBlock.ic2.resource":5,"stat.killEntity.techguns.Bandit":7,"stat.killEntity.techguns.ZombieMiner":3,"stat.mineBlock.harvestcraft.pamcherry":4,"stat.craftItem.minecraft.wooden_sword":3,"stat.pickup.minecraft.planks":56,"stat.useItem.harvestcraft.lettuceitem":2,"stat.killEntity.Llama":15,"stat.pickup.chisel.limestone2":15,"stat.pickup.minecraft.wheat_seeds":21,"stat.pickup.techguns.t1_miner_chestplate":1,"stat.useItem.harvestcraft.rutabagaitem":1,"stat.useItem.ic2.rubber_wood":4,"stat.useItem.minecraft.stone_pickaxe":206,"stat.craftItem.tconstruct.slime_congealed":1,"stat.mineBlock.minecraft.glass":1,"stat.craftItem.minecraft.iron_leggings":1,"stat.useItem.harvestcraft.cherryitem":8,"stat.mineBlock.minecraft.dirt":161,"stat.useItem.minecraft.bread":8,"stat.useItem.minecraft.torch":2,"stat.useItem.minecraft.log":2,"stat.pickup.minecraft.crafting_table":1,"stat.useItem.minecraft.cobblestone":79,"stat.mineBlock.techguns.basicore":5,"stat.craftItem.minecraft.crafting_table":4,"stat.mineBlock.minecraft.double_plant":5,"stat.pickup.prefab.item_moderate_house":1,"stat.craftItem.minecraft.boat":1,"stat.pickup.harvestcraft.peasitem":5,"stat.pickup.minecraft.log":40,"stat.useItem.harvestcraft.sweetpotatoitem":1,"stat.useItem.harvestcraft.cabbageitem":3,"stat.pickup.minecraft.sapling":6,"stat.pickup.minecraft.apple":13,"stat.pickup.minecraft.beetroot":15,"stat.pickup.harvestcraft.parsnipitem":1,"stat.useItem.harvestcraft.caulifloweritem":1,"stat.craftItem.minecraft.bucket":1,"stat.craftItem.minecraft.planks":136,"stat.useItem.minecraft.iron_sword":26,"stat.entityKilledBy.Wolf":4,"stat.pickup.harvestcraft.rutabagaitem":1,"stat.useItem.harvestcraft.raspberryitem":2,"stat.useItem.harvestcraft.greengrapeitem":2,"stat.mineBlock.minecraft.log":21,"stat.pickup.harvestcraft.juteitem":6,"stat.pickup.minecraft.red_flower":2,"stat.useItem.minecraft.beetroot_seeds":12,"stat.sneakTime":2536,"stat.pickup.harvestcraft.tealeafitem":3,"stat.pickup.minecraft.wool":9,"stat.pickup.minecraft.trapped_chest":3,"stat.useItem.minecraft.beetroot":10,"stat.pickup.minecraft.chest":2,"stat.craftItem.tconstruct.slime":1,"stat.pickup.ic2.ingot":8,"stat.pickup.minecraft.bone":20,"stat.useItem.harvestcraft.garlicitem":2,"stat.mineBlock.minecraft.cobblestone":2,"stat.useItem.techguns.basicore":1,"stat.pickup.techguns.sawedoff":6,"stat.craftItem.tombstone.grave_key":1,"stat.craftItem.botania.petal":2,"stat.pickup.minecraft.flower_pot":1,"stat.craftItem.tconstruct.slimesling":1,"stat.swimOneCm":66473,"stat.drop.minecraft.saddle":1,"stat.climbOneCm":16025,"stat.pickup.harvestcraft.artichokeitem":2,"stat.killEntity.techguns.ZombieSoldier":7,"stat.pickup.techguns.boltaction":10,"stat.pickup.harvestcraft.okraitem":2,"stat.useItem.harvestcraft.tomatoitem":11,"stat.useItem.minecraft.dirt":52,"stat.useItem.minecraft.stone_slab2":33,"stat.pickup.minecraft.stone_hoe":2,"stat.craftItem.minecraft.furnace":2,"stat.pickup.harvestcraft.broccoliitem":3,"stat.craftItem.minecraft.iron_boots":1,"stat.craftItem.minecraft.stone_pickaxe":2,"stat.pickup.minecraft.cobblestone":476,"stat.mineBlock.minecraft.carpet":1,"stat.pickup.harvestcraft.jicamaitem":5,"stat.drop.harvestcraft.leekitem":4,"stat.useItem.harvestcraft.juteitem":3,"stat.mineBlock.chisel.limestone2":8,"stat.flyOneCm":1465155,"stat.pickup.harvestcraft.cranberryitem":1,"stat.useItem.harvestcraft.whitemushroomitem":1,"stat.useItem.harvestcraft.jicamaitem":5,"stat.pickup.harvestcraft.leekitem":9,"stat.pickup.minecraft.redstone":14,"stat.mineBlock.minecraft.iron_ore":25,"stat.timeSinceDeath":33054,"stat.pickup.minecraft.mutton":17,"stat.pickup.minecraft.mossy_cobblestone":6,"stat.killEntity.techguns.SkeletonSoldier":4,"stat.pickup.harvestcraft.whitemushroomitem":5,"stat.pickup.travelersbackpack.travelers_backpack":5,"stat.pickup.harvestcraft.beanitem":6,"stat.pickup.harvestcraft.riceitem":3,"stat.useItem.minecraft.potato":12,"stat.useItem.harvestcraft.blueberryitem":1,"stat.killEntity.Wolf":2,"stat.pickup.minecraft.carpet":2,"stat.mineBlock.minecraft.coal_ore":43,"stat.killEntity.Creeper":1,"stat.pickup.techguns.t1_combat_helmet":1,"stat.pickup.minecraft.wooden_sword":1,"stat.pickup.minecraft.string":8,"stat.entityKilledBy.techguns.PsychoSteve":1,"stat.pickup.harvestcraft.asparagusitem":2,"stat.pickup.tombstone.crafting_ingredient":10,"stat.pickup.techguns.t1_scout_helmet":20,"stat.entityKilledBy.Skeleton":1,"stat.pickup.harvestcraft.mulberryitem":3,"stat.sprintOneCm":1025266,"stat.craftItem.minecraft.stick":16,"stat.pickup.ic2.resource":5,"stat.useItem.tombstone.magic_scroll":7,"stat.mineBlock.harvestcraft.pamwalnut":1,"stat.pickup.harvestcraft.barleyitem":3,"stat.mineBlock.minecraft.crafting_table":1,"stat.pickup.harvestcraft.quinoaitem":3,"stat.useItem.harvestcraft.turnipitem":9,"stat.useItem.harvestcraft.waterchestnutitem":5,"stat.pickup.botania.flower":4,"stat.pickup.minecraft.spawn_egg":16,"stat.pickup.harvestcraft.mustardseedsitem":3,"stat.mineBlock.minecraft.planks":2,"stat.drop":11,"stat.pickup.harvestcraft.flaxitem":2,"stat.useItem.minecraft.wooden_sword":157,"stat.killEntity.Sheep":7,"stat.useItem.harvestcraft.zucchiniitem":6,"stat.pickup.techguns.t1_scout_boots":51,"stat.killEntity.Zombie":5,"stat.diveOneCm":60318,"stat.pickup.harvestcraft.garlicitem":3,"stat.pickup.minecraft.wheat":21,"stat.pickup.tconstruct.tooltables":4,"stat.pickup.techguns.t1_scout_leggings":46,"stat.drop.harvestcraft.whitemushroomitem":3,"stat.pickup.minecraft.gravel":7,"stat.pickup.harvestcraft.ryeitem":1,"stat.useItem.minecraft.porkchop":32,"stat.useItem.minecraft.rotten_flesh":2,"stat.pickup.harvestcraft.blackberryitem":7,"stat.jump":8065,"stat.pickup.minecraft.coal":81,"stat.pickup.minecraft.iron_ingot":3301,"stat.useItem.harvestcraft.kaleitem":1,"stat.pickup.minecraft.gunpowder":2957,"stat.pickup.harvestcraft.milletitem":3,"stat.mineBlock.harvestcraft.shadedgarden":32,"stat.pickup.harvestcraft.peanutitem":5,"stat.craftItem.minecraft.torch":20,"stat.pickup.minecraft.dirt":285,"stat.pickup.harvestcraft.bellpepperitem":7,"stat.useItem.harvestcraft.cranberryitem":1,"stat.mineBlock.harvestcraft.frostgarden":10,"stat.pickup.minecraft.iron_ore":27,"stat.boatOneCm":42710,"stat.pickup.minecraft.gold_ore":5,"stat.entityKilledBy.techguns.SkeletonSoldier":3,"stat.mineBlock.tconstruct.tooltables":4,"tombstone:sneak_grave":1,"stat.damageTaken":24555,"stat.pickup.minecraft.leather":25,"stat.mineBlock.minecraft.red_flower":2,"stat.mineBlock.minecraft.torch":1,"stat.killEntity.tconstruct.blueslime":16,"stat.useItem.harvestcraft.radishitem":2,"stat.pickup.harvestcraft.blueberryitem":1,"stat.useItem.harvestcraft.beetitem":2,"stat.pickup.ic2.rubber_wood":5,"stat.pickup.minecraft.reeds":12,"stat.pickup.minecraft.bed":1,"tombstone:undead_killed":30,"stat.useItem.tombstone.grave_key":2,"stat.pickup.minecraft.potato":14,"stat.pickup.minecraft.oak_stairs":2,"stat.entityKilledBy.Zombie":2,"stat.damageDealt":4197,"stat.sleepInBed":7,"stat.pickup.harvestcraft.lettuceitem":13,"stat.pickup.harvestcraft.oatsitem":3,"stat.killEntity.Cow":2,"stat.killEntity.Pig":21,"stat.pickup.harvestcraft.elderberryitem":8,"stat.craftItem.minecraft.iron_sword":1,"stat.useItem.harvestcraft.onionitem":2,"stat.pickup.techguns.itemshared":11189,"stat.walkOneCm":576077,"stat.pickup.minecraft.stick":11,"stat.pickup.harvestcraft.greengrapeitem":4,"stat.pickup.techguns.t1_miner_boots":3,"stat.pickup.harvestcraft.cabbageitem":4,"stat.mineBlock.minecraft.trapped_chest":3,"stat.pickup.techguns.thompson":9,"stat.pickup.harvestcraft.celeryitem":3,"stat.useItem.tombstone.gift":1,"stat.pickup.harvestcraft.spiceleafitem":5,"stat.pickup.minecraft.stone":47,"stat.useItem.harvestcraft.scallionitem":1,"stat.craftItem.minecraft.iron_chestplate":1,"stat.pickup.harvestcraft.zucchiniitem":9,"stat.pickup.minecraft.ladder":3,"stat.killEntity.Skeleton":3,"stat.pickup.harvestcraft.amaranthitem":2,"stat.killEntity.Chicken":1,"stat.pickup.harvestcraft.queenbeeitem":1,"stat.pickup.harvestcraft.cucumberitem":5,"stat.killEntity.Spider":1,"stat.pickup.harvestcraft.strawberryitem":5,"stat.useItem.harvestcraft.celeryitem":3,"stat.pickup.minecraft.bread":20,"stat.pickup.techguns.pistol":5,"stat.pickup.minecraft.dark_oak_stairs":1,"stat.mobKills":106,"stat.useItem.minecraft.boat":1,"stat.mineBlock.minecraft.leaves":33,"stat.pickup.minecraft.beetroot_seeds":22,"stat.useItem.harvestcraft.broccoliitem":3,"stat.pickup.harvestcraft.raspberryitem":2,"stat.pickup.minecraft.torch":30,"stat.mineBlock.harvestcraft.soggygarden":13,"stat.pickup.harvestcraft.beetitem":2,"stat.mineBlock.minecraft.stone":121,"stat.useItem.harvestcraft.mulberryitem":3}