{"stat.pickup.tconstruct.book":1,"stat.useItem.harvestcraft.huckleberryitem":3,"stat.useItem.harvestcraft.rhubarbitem":6,"stat.leaveGame":12,"stat.entityKilledBy.techguns.ZombieMiner":3,"stat.pickup.harvestcraft.huckleberryitem":3,"stat.pickup.tombstone.familiar_stone":2,"stat.mineBlock.ic2.rubber_wood":5,"stat.useItem.minecraft.mutton":13,"stat.entityKilledBy.techguns.ZombieFarmer":1,"stat.pickup.minecraft.porkchop":12,"stat.pickup.harvestcraft.seaweeditem":2,"stat.pickup.minecraft.rotten_flesh":10,"stat.useItem.harvestcraft.walnutitem":2,"stat.pickup.harvestcraft.sweetpotatoitem":4,"stat.pickup.harvestcraft.wintersquashitem":6,"stat.entityKilledBy.techguns.ZombieSoldier":1,"stat.pickup.harvestcraft.radishitem":5,"stat.killEntity.Witch":1,"stat.pickup.techguns.ak47":2,"stat.pickup.harvestcraft.scallionitem":2,"stat.killEntity.techguns.ZombieFarmer":7,"stat.hopperInspected":4,"stat.useItem.minecraft.iron_pickaxe":55,"stat.pickup.harvestcraft.rhubarbitem":6,"stat.craftItem.minecraft.bed":1,"stat.trappedChestTriggered":108,"stat.useItem.harvestcraft.peasitem":3,"stat.pickup.harvestcraft.onionitem":2,"stat.mineBlock.chisel.marble2":2,"stat.pickup.techguns.basicore":5,"stat.furnaceInteraction":13,"stat.pickup.harvestcraft.cherryitem":2,"stat.mineBlock.botania.flower":2,"stat.pickup.harvestcraft.cornitem":11,"stat.pickup.harvestcraft.turnipitem":9,"stat.pickup.minecraft.beef":2,"stat.mineBlock.harvestcraft.windygarden":21,"stat.pickup.techguns.t1_scout_chestplate":16,"stat.pickup.tombstone.magic_scroll":2,"stat.useItem.harvestcraft.blackberryitem":2,"stat.mineBlock.ic2.leaves":1,"stat.pickup.minecraft.saddle":1,"stat.useItem.minecraft.beef":2,"stat.mineBlock.minecraft.oak_stairs":2,"stat.deaths":65,"stat.pickup.minecraft.egg":1,"stat.playOneMinute":256472,"stat.pickup.techguns.t1_miner_helmet":1,"stat.craftItem.minecraft.iron_pickaxe":1,"stat.pickup.chisel.marble2":17,"stat.mineBlock.minecraft.tallgrass":31,"stat.pickup.harvestcraft.cottonitem":1,"stat.chestOpened":26,"stat.pickup.harvestcraft.tomatoitem":12,"stat.pickup.minecraft.iron_sword":1,"stat.pickup.minecraft.arrow":6,"stat.drop.harvestcraft.juteitem":3,"stat.pickup.harvestcraft.chilipepperitem":1,"stat.fallOneCm":313352,"stat.pickup.minecraft.carrot":4,"stat.useItem.minecraft.trapped_chest":2,"stat.crouchOneCm":4239,"stat.useItem.harvestcraft.chilipepperitem":1,"stat.pickup.harvestcraft.caulifloweritem":1,"stat.entityKilledBy.techguns.Bandit":5,"stat.craftItem.minecraft.iron_ingot":20,"stat.pickup.harvestcraft.walnutitem":2,"stat.craftingTableInteraction":20,"stat.pickup.techguns.revolver":2,"stat.mineBlock.ic2.resource":5,"stat.killEntity.techguns.Bandit":7,"stat.killEntity.techguns.ZombieMiner":1,"stat.mineBlock.harvestcraft.pamcherry":1,"stat.craftItem.minecraft.wooden_sword":3,"stat.pickup.minecraft.planks":15,"stat.useItem.harvestcraft.lettuceitem":2,"stat.killEntity.Llama":4,"stat.pickup.chisel.limestone2":15,"stat.pickup.minecraft.wheat_seeds":21,"stat.useItem.harvestcraft.rutabagaitem":1,"stat.useItem.ic2.rubber_wood":4,"stat.useItem.minecraft.stone_pickaxe":167,"stat.mineBlock.minecraft.glass":1,"stat.useItem.harvestcraft.cherryitem":2,"stat.mineBlock.minecraft.dirt":80,"stat.useItem.minecraft.bread":7,"stat.useItem.minecraft.torch":1,"stat.useItem.minecraft.cobblestone":58,"stat.mineBlock.techguns.basicore":5,"stat.craftItem.minecraft.crafting_table":1,"stat.mineBlock.minecraft.double_plant":4,"stat.pickup.harvestcraft.peasitem":5,"stat.pickup.minecraft.log":15,"stat.useItem.harvestcraft.sweetpotatoitem":1,"stat.useItem.harvestcraft.cabbageitem":3,"stat.pickup.minecraft.sapling":4,"stat.pickup.minecraft.apple":13,"stat.pickup.minecraft.beetroot":10,"stat.pickup.harvestcraft.parsnipitem":1,"stat.useItem.harvestcraft.caulifloweritem":1,"stat.craftItem.minecraft.planks":60,"stat.useItem.minecraft.iron_sword":26,"stat.entityKilledBy.Wolf":4,"stat.pickup.harvestcraft.rutabagaitem":1,"stat.useItem.harvestcraft.raspberryitem":2,"stat.mineBlock.minecraft.log":15,"stat.pickup.harvestcraft.juteitem":5,"stat.pickup.minecraft.red_flower":2,"stat.useItem.minecraft.beetroot_seeds":12,"stat.sneakTime":2046,"stat.pickup.harvestcraft.tealeafitem":3,"stat.pickup.minecraft.wool":9,"stat.pickup.minecraft.trapped_chest":3,"stat.useItem.minecraft.beetroot":10,"stat.pickup.ic2.ingot":8,"stat.pickup.minecraft.bone":20,"stat.useItem.harvestcraft.garlicitem":2,"stat.mineBlock.minecraft.cobblestone":1,"stat.useItem.techguns.basicore":1,"stat.craftItem.botania.petal":2,"stat.swimOneCm":43246,"stat.drop.minecraft.saddle":1,"stat.climbOneCm":3135,"stat.pickup.harvestcraft.artichokeitem":2,"stat.killEntity.techguns.ZombieSoldier":4,"stat.pickup.techguns.boltaction":2,"stat.pickup.harvestcraft.okraitem":1,"stat.useItem.harvestcraft.tomatoitem":11,"stat.useItem.minecraft.dirt":29,"stat.useItem.minecraft.stone_slab2":25,"stat.pickup.minecraft.stone_hoe":2,"stat.craftItem.minecraft.furnace":1,"stat.pickup.harvestcraft.broccoliitem":3,"stat.craftItem.minecraft.stone_pickaxe":2,"stat.pickup.minecraft.cobblestone":456,"stat.drop.harvestcraft.leekitem":4,"stat.useItem.harvestcraft.juteitem":2,"stat.mineBlock.chisel.limestone2":8,"stat.flyOneCm":1110924,"stat.useItem.harvestcraft.whitemushroomitem":1,"stat.pickup.harvestcraft.leekitem":7,"stat.pickup.minecraft.redstone":12,"stat.mineBlock.minecraft.iron_ore":25,"stat.timeSinceDeath":2905,"stat.pickup.minecraft.mutton":17,"stat.killEntity.techguns.SkeletonSoldier":3,"stat.pickup.harvestcraft.whitemushroomitem":4,"stat.pickup.travelersbackpack.travelers_backpack":5,"stat.pickup.harvestcraft.beanitem":5,"stat.killEntity.Wolf":2,"stat.mineBlock.minecraft.coal_ore":43,"stat.killEntity.Creeper":1,"stat.pickup.techguns.t1_combat_helmet":1,"stat.pickup.minecraft.wooden_sword":1,"stat.pickup.minecraft.string":4,"stat.entityKilledBy.techguns.PsychoSteve":1,"stat.pickup.tombstone.crafting_ingredient":6,"stat.pickup.techguns.t1_scout_helmet":9,"stat.sprintOneCm":731479,"stat.craftItem.minecraft.stick":16,"stat.pickup.ic2.resource":5,"stat.useItem.tombstone.magic_scroll":6,"stat.mineBlock.harvestcraft.pamwalnut":1,"stat.pickup.harvestcraft.barleyitem":3,"stat.pickup.harvestcraft.quinoaitem":1,"stat.useItem.harvestcraft.turnipitem":8,"stat.pickup.botania.flower":4,"stat.pickup.minecraft.spawn_egg":13,"stat.pickup.harvestcraft.mustardseedsitem":3,"stat.mineBlock.minecraft.planks":2,"stat.drop":11,"stat.pickup.harvestcraft.flaxitem":2,"stat.useItem.minecraft.wooden_sword":157,"stat.killEntity.Sheep":7,"stat.useItem.harvestcraft.zucchiniitem":4,"stat.pickup.techguns.t1_scout_boots":18,"stat.killEntity.Zombie":4,"stat.diveOneCm":37119,"stat.pickup.harvestcraft.garlicitem":3,"stat.pickup.minecraft.wheat":17,"stat.pickup.tconstruct.tooltables":4,"stat.pickup.techguns.t1_scout_leggings":15,"stat.drop.harvestcraft.whitemushroomitem":3,"stat.pickup.minecraft.gravel":7,"stat.pickup.harvestcraft.ryeitem":1,"stat.useItem.minecraft.porkchop":9,"stat.pickup.harvestcraft.blackberryitem":5,"stat.jump":6098,"stat.pickup.minecraft.coal":59,"stat.pickup.minecraft.iron_ingot":1137,"stat.pickup.minecraft.gunpowder":1039,"stat.pickup.harvestcraft.milletitem":2,"stat.mineBlock.harvestcraft.shadedgarden":29,"stat.pickup.harvestcraft.peanutitem":5,"stat.craftItem.minecraft.torch":20,"stat.pickup.minecraft.dirt":177,"stat.pickup.harvestcraft.bellpepperitem":7,"stat.mineBlock.harvestcraft.frostgarden":10,"stat.pickup.minecraft.iron_ore":27,"stat.pickup.minecraft.gold_ore":5,"stat.entityKilledBy.techguns.SkeletonSoldier":2,"stat.mineBlock.tconstruct.tooltables":4,"tombstone:sneak_grave":1,"stat.damageTaken":20553,"stat.pickup.minecraft.leather":14,"stat.mineBlock.minecraft.red_flower":2,"stat.mineBlock.minecraft.torch":1,"stat.useItem.harvestcraft.radishitem":2,"stat.useItem.harvestcraft.beetitem":2,"stat.pickup.ic2.rubber_wood":5,"stat.pickup.minecraft.reeds":12,"stat.pickup.minecraft.bed":1,"tombstone:undead_killed":22,"stat.pickup.minecraft.potato":2,"stat.pickup.minecraft.oak_stairs":2,"stat.entityKilledBy.Zombie":2,"stat.damageDealt":3847,"stat.sleepInBed":5,"stat.pickup.harvestcraft.lettuceitem":13,"stat.pickup.harvestcraft.oatsitem":3,"stat.killEntity.Cow":2,"stat.killEntity.Pig":5,"stat.pickup.harvestcraft.elderberryitem":8,"stat.craftItem.minecraft.iron_sword":1,"stat.useItem.harvestcraft.onionitem":2,"stat.pickup.techguns.itemshared":3553,"stat.walkOneCm":411316,"stat.pickup.minecraft.stick":11,"stat.pickup.harvestcraft.greengrapeitem":2,"stat.pickup.techguns.t1_miner_boots":3,"stat.pickup.harvestcraft.cabbageitem":3,"stat.mineBlock.minecraft.trapped_chest":3,"stat.pickup.techguns.thompson":4,"stat.pickup.harvestcraft.celeryitem":3,"stat.useItem.tombstone.gift":1,"stat.pickup.harvestcraft.spiceleafitem":3,"stat.pickup.minecraft.stone":47,"stat.pickup.harvestcraft.zucchiniitem":6,"stat.killEntity.Skeleton":3,"stat.pickup.harvestcraft.amaranthitem":2,"stat.killEntity.Chicken":1,"stat.pickup.harvestcraft.cucumberitem":5,"stat.killEntity.Spider":1,"stat.pickup.harvestcraft.strawberryitem":5,"stat.useItem.harvestcraft.celeryitem":3,"stat.pickup.minecraft.bread":19,"stat.pickup.techguns.pistol":2,"stat.pickup.minecraft.dark_oak_stairs":1,"stat.mobKills":54,"stat.mineBlock.minecraft.leaves":29,"stat.pickup.minecraft.beetroot_seeds":22,"stat.useItem.harvestcraft.broccoliitem":3,"stat.pickup.harvestcraft.raspberryitem":2,"stat.pickup.minecraft.torch":19,"stat.mineBlock.harvestcraft.soggygarden":3,"stat.pickup.harvestcraft.beetitem":2,"stat.mineBlock.minecraft.stone":108}