{"stat.pickup.minecraft.wooden_slab":3,"stat.leaveGame":44,"stat.useItem.harvestcraft.amaranthitem":2,"stat.drop.minecraft.gunpowder":2,"stat.pickup.harvestcraft.huckleberryitem":17,"stat.pickup.minecraft.jungle_fence":5,"stat.pickup.tconstruct.edible":22,"stat.pickup.tombstone.familiar_stone":2,"stat.pickup.botania.spawnermover":4,"stat.entityKilledBy.techguns.ZombieFarmer":1,"stat.mineBlock.harvestcraft.beehive":1,"stat.mineBlock.chisel.factory":92,"stat.mineBlock.techguns.ladder0":8,"stat.pickup.harvestcraft.seaweeditem":2,"stat.pickup.minecraft.rotten_flesh":31,"stat.pickup.minecraft.brick_block":4,"stat.killEntity.Donkey":1,"stat.craftItem.minecraft.stone_axe":2,"stat.craftItem.minecraft.noteblock":1,"stat.pickup.minecraft.bucket":2,"stat.killEntity.Enderman":2,"stat.entityKilledBy.techguns.ZombieSoldier":3,"stat.mineBlock.techguns.concrete":3,"stat.pickup.harvestcraft.radishitem":27,"stat.craftItem.minecraft.iron_shovel":3,"stat.pickup.minecraft.brown_mushroom":6,"stat.killEntity.Witch":3,"stat.pickup.harvestcraft.scallionitem":31,"stat.pickup.minecraft.mob_spawner":3,"stat.drop.harvestcraft.radishitem":1,"stat.useItem.minecraft.iron_pickaxe":2033,"stat.craftItem.minecraft.wooden_pickaxe":2,"stat.useItem.minecraft.iron_shovel":648,"stat.pickup.harvestcraft.rhubarbitem":34,"stat.mineBlock.minecraft.brick_block":2,"stat.craftItem.minecraft.bed":1,"stat.useItem.harvestcraft.asparagusitem":2,"stat.craftItem.harvestcraft.skilletitem":1,"stat.useItem.harvestcraft.peasitem":3,"stat.craftItem.minecraft.glass_pane":96,"stat.pickup.harvestcraft.onionitem":10,"stat.mineBlock.chisel.marble2":15,"stat.pickup.minecraft.melon_block":1,"stat.mineBlock.minecraft.vine":1,"stat.pickup.techguns.basicore":10,"stat.furnaceInteraction":97,"stat.pickup.harvestcraft.cherryitem":8,"stat.mineBlock.botania.flower":15,"stat.pickup.harvestcraft.cornitem":16,"stat.killEntity.ZombieVillager":1,"stat.mineBlock.harvestcraft.pambanana":1,"stat.pickup.botania.livingwood":15,"stat.pickup.minecraft.beef":145,"stat.pickup.harvestcraft.brusselsproutitem":1,"stat.useItem.prefab.block_paper_lantern":3,"stat.pickup.techguns.ladder0":8,"stat.craftItem.botania.pool":1,"stat.useItem.minecraft.flint_and_steel":1,"stat.useItem.minecraft.wheat_seeds":2,"stat.pickup.tombstone.scroll_buff":1,"stat.useItem.harvestcraft.tomatilloitem":2,"stat.mineBlock.ic2.leaves":1,"stat.pickup.securitycraft.universal_block_reinforcer_lvl1":3,"stat.useItem.minecraft.dye":1,"stat.useItem.minecraft.beef":4,"stat.deaths":108,"stat.drop.harvestcraft.artichokeitem":7,"stat.pickup.minecraft.egg":5,"stat.useItem.harvestcraft.okraitem":1,"stat.pickup.techguns.t1_miner_helmet":4,"stat.craftItem.minecraft.iron_pickaxe":10,"stat.entityKilledBy.techguns.ZombiePigmanSoldier":4,"stat.mineBlock.harvestcraft.pamchestnut":1,"stat.useItem.chisel.technical":16,"stat.drop.minecraft.torch":17,"stat.pickup.chisel.marble2":30,"stat.mineBlock.minecraft.tallgrass":108,"stat.craftItem.minecraft.cooked_mutton":12,"stat.chestOpened":316,"stat.craftItem.minecraft.sign":3,"stat.useItem.minecraft.stone":64,"stat.useItem.minecraft.jungle_fence":1,"stat.pickup.minecraft.iron_sword":1,"stat.pickup.minecraft.arrow":22,"stat.pickup.harvestcraft.waterchestnutitem":5,"stat.pickup.harvestcraft.chilipepperitem":5,"stat.craftItem.minecraft.coal":4,"stat.mineBlock.botania.mushroom":1,"stat.mineBlock.prefab.block_paper_lantern":7,"stat.pickup.chisel.basalt2":3,"stat.pickup.botania.lexicon":4,"stat.pickup.minecraft.carrot":77,"stat.crouchOneCm":26748,"stat.mineBlock.minecraft.chest":2,"stat.craftItem.minecraft.iron_ingot":20,"stat.pickup.harvestcraft.walnutitem":2,"stat.craftingTableInteraction":117,"stat.pickup.minecraft.jungle_door":1,"stat.pickup.minecraft.wooden_pickaxe":1,"stat.mineBlock.minecraft.log2":1,"stat.mineBlock.techguns.bunkerdoor":2,"stat.useItem.minecraft.reeds":6,"stat.craftItem.minecraft.wooden_sword":3,"stat.pickup.minecraft.dye":102,"stat.pickup.minecraft.planks":158,"stat.useItem.harvestcraft.lettuceitem":2,"stat.pickup.chisel.limestone2":22,"stat.pickup.minecraft.wheat_seeds":88,"stat.pickup.chisel.cobblestone":3,"stat.pickup.techguns.t1_miner_chestplate":2,"stat.useItem.harvestcraft.rutabagaitem":1,"stat.craftItem.tconstruct.slime_congealed":1,"stat.mineBlock.minecraft.glass":21,"stat.craftItem.botania.cacophonium":1,"stat.killEntity.techguns.ZombiePigmanSoldier":1,"stat.mineBlock.minecraft.dirt":792,"stat.drop.techguns.t1_scout_chestplate":1,"stat.useItem.minecraft.bread":8,"stat.pickup.harvestcraft.maplesyrupitem":12,"stat.useItem.minecraft.cobblestone":324,"stat.mineBlock.minecraft.double_plant":9,"stat.pickup.prefab.item_moderate_house":4,"stat.pickup.harvestcraft.peasitem":11,"stat.useItem.harvestcraft.sweetpotatoitem":2,"stat.drop.minecraft.carrot":1,"stat.craftItem.minecraft.gold_ingot":14,"stat.useItem.harvestcraft.riceitem":3,"stat.useItem.harvestcraft.cabbageitem":3,"stat.craftItem.chisel.chisel_iron":1,"stat.pickup.minecraft.apple":44,"stat.useItem.minecraft.glass_pane":89,"stat.useItem.harvestcraft.caulifloweritem":1,"stat.craftItem.minecraft.bucket":3,"stat.pickup.minecraft.carrot_on_a_stick":1,"stat.craftItem.minecraft.planks":456,"stat.useItem.minecraft.iron_sword":26,"stat.entityKilledBy.Wolf":4,"stat.pickup.minecraft.stone_sword":1,"stat.useItem.harvestcraft.raspberryitem":2,"stat.mineBlock.minecraft.log":174,"stat.craftItem.minecraft.log":1,"stat.craftItem.minecraft.paper":3,"stat.pickup.minecraft.red_flower":4,"stat.pickup.minecraft.wool":34,"stat.pickup.minecraft.trapped_chest":3,"stat.craftItem.tconstruct.slime":1,"stat.pickup.ic2.ingot":8,"stat.useItem.minecraft.iron_axe":103,"stat.mineBlock.minecraft.cobblestone":78,"stat.mineBlock.minecraft.pumpkin":1,"stat.pickup.minecraft.stone_pickaxe":2,"stat.useItem.techguns.basicore":1,"stat.pickup.minecraft.flint":1,"stat.mineBlock.minecraft.yellow_flower":2,"stat.craftItem.tombstone.grave_key":4,"stat.pickup.minecraft.flower_pot":1,"stat.craftItem.minecraft.wool":2,"stat.pickup.harvestcraft.mixingbowlitem":1,"stat.drop.minecraft.saddle":1,"stat.pickup.minecraft.enchanted_book":2,"stat.mineBlock.chisel.cobblestone1":5,"stat.mineBlock.harvestcraft.pamsoursop":1,"stat.killEntity.techguns.ZombieSoldier":19,"stat.pickup.techguns.boltaction":15,"stat.useItem.harvestcraft.tomatoitem":11,"stat.useItem.minecraft.stone_slab2":112,"stat.pickup.minecraft.iron_boots":2,"stat.pickup.minecraft.stone_hoe":2,"stat.mineBlock.chisel.cobblestone":3,"stat.craftItem.minecraft.furnace":3,"stat.mineBlock.techguns.slimy":1,"stat.pickup.harvestcraft.broccoliitem":11,"stat.craftItem.minecraft.iron_boots":2,"stat.craftItem.minecraft.cooked_beef":38,"stat.pickup.harvestcraft.jicamaitem":5,"stat.drop.harvestcraft.leekitem":4,"stat.mineBlock.minecraft.clay":2,"stat.flyOneCm":14704478,"stat.pickup.harvestcraft.cranberryitem":1,"stat.pickup.prefab.block_paper_lantern":7,"stat.useItem.harvestcraft.jicamaitem":5,"stat.timeSinceDeath":128980,"stat.mineBlock.botania.livingwood":15,"stat.pickup.harvestcraft.whitemushroomitem":27,"stat.pickup.travelersbackpack.travelers_backpack":21,"stat.pickup.harvestcraft.beanitem":30,"stat.pickup.harvestcraft.riceitem":3,"stat.useItem.minecraft.potato":13,"stat.drop.techguns.t1_scout_leggings":1,"stat.useItem.harvestcraft.blueberryitem":1,"stat.killEntity.Wolf":2,"stat.mineBlock.minecraft.coal_ore":77,"stat.killEntity.Creeper":8,"stat.pickup.minecraft.wooden_sword":1,"stat.pickup.minecraft.string":12,"stat.mineBlock.minecraft.ladder":1,"stat.pickup.harvestcraft.asparagusitem":2,"stat.pickup.tombstone.crafting_ingredient":18,"stat.pickup.techguns.t1_scout_helmet":25,"stat.entityKilledBy.Skeleton":3,"stat.sprintOneCm":3465319,"stat.pickup.ic2.resource":13,"stat.useItem.harvestcraft.cottonitem":2,"stat.useItem.tombstone.magic_scroll":7,"stat.craftItem.techguns.t2_beret":1,"stat.mineBlock.harvestcraft.pamapple":1,"stat.useItem.securitycraft.keypad_item":2,"stat.pickup.harvestcraft.quinoaitem":5,"stat.useItem.harvestcraft.waterchestnutitem":5,"stat.pickup.minecraft.spawn_egg":39,"stat.pickup.minecraft.sugar":6,"stat.pickup.harvestcraft.mustardseedsitem":9,"stat.pickup.harvestcraft.flaxitem":22,"stat.useItem.minecraft.wooden_sword":157,"stat.drop.tombstone.grave_key":1,"stat.useItem.harvestcraft.zucchiniitem":6,"stat.pickup.tombstone.grave_key":1,"stat.useItem.minecraft.ladder":59,"stat.pickup.techguns.t1_scout_boots":73,"stat.killEntity.Zombie":12,"stat.craftItem.minecraft.dye":9,"stat.pickup.minecraft.snowball":7,"stat.mineBlock.minecraft.gold_ore":14,"stat.diveOneCm":285521,"stat.craftItem.minecraft.slime_ball":16,"stat.pickup.minecraft.wheat":42,"stat.pickup.tconstruct.tooltables":4,"stat.craftItem.minecraft.ladder":135,"stat.pickup.minecraft.sign":2,"stat.craftItem.minecraft.cooked_porkchop":16,"stat.pickup.botania.autocraftinghalo":3,"stat.craftItem.botania.altar":1,"stat.pickup.minecraft.obsidian":1,"stat.pickup.harvestcraft.ryeitem":5,"stat.useItem.minecraft.rotten_flesh":2,"stat.jump":26644,"stat.pickup.minecraft.coal":124,"stat.pickup.minecraft.iron_ingot":3403,"stat.pickup.minecraft.gunpowder":3216,"stat.pickup.harvestcraft.milletitem":4,"stat.craftItem.minecraft.torch":68,"stat.pickup.minecraft.dirt":1016,"stat.pickup.harvestcraft.chestnutitem":2,"stat.pickup.techguns.t2_combat_helmet":3,"stat.useItem.minecraft.glass":20,"stat.pickup.minecraft.gold_ore":19,"stat.mineBlock.minecraft.lapis_ore":13,"stat.pickup.chisel.technical":130,"tombstone:sneak_grave":1,"stat.mineBlock.minecraft.glass_pane":16,"stat.brewingstandInteraction":2,"stat.damageTaken":42089,"stat.mineBlock.minecraft.red_flower":4,"stat.mineBlock.minecraft.torch":14,"stat.killEntity.tconstruct.blueslime":16,"stat.mineBlock.minecraft.melon_block":3,"stat.useItem.harvestcraft.radishitem":2,"stat.useItem.minecraft.carrot_on_a_stick":27,"stat.drop.tconstruct.slimesling":5,"stat.pickup.minecraft.log2":1,"stat.pickup.ic2.rubber_wood":10,"stat.pickup.techguns.concrete":3,"stat.pickup.minecraft.bed":5,"stat.pickup.minecraft.acacia_fence":2,"stat.pickup.minecraft.potato":16,"stat.entityKilledBy.Zombie":2,"stat.mineBlock.techguns.lamp0":2,"stat.pickup.harvestcraft.lettuceitem":18,"stat.pickup.harvestcraft.oatsitem":10,"stat.useItem.harvestcraft.onionitem":2,"stat.drop.botania.petal":4,"stat.craftItem.minecraft.stone_slab":6,"stat.pickup.techguns.itemshared":13108,"stat.drop.mob_grinding_utils.xp_tap":1,"stat.pickup.harvestcraft.greengrapeitem":4,"stat.pickup.chisel.factory":171,"stat.pickup.techguns.thompson":11,"stat.pickup.harvestcraft.celeryitem":6,"stat.useItem.tombstone.gift":3,"stat.pickup.harvestcraft.spiceleafitem":28,"stat.useItem.harvestcraft.scallionitem":2,"stat.craftItem.minecraft.iron_chestplate":3,"stat.pickup.minecraft.ender_pearl":3,"stat.pickup.minecraft.ladder":4,"stat.pickup.minecraft.cooked_beef":14,"stat.useItem.minecraft.netherrack":11,"stat.craftItem.travelersbackpack.sleeping_bag_bottom":1,"stat.craftItem.techguns.itemshared":3,"stat.pickup.harvestcraft.queenbeeitem":1,"stat.pickup.harvestcraft.cucumberitem":11,"stat.pickup.harvestcraft.strawberryitem":21,"stat.useItem.harvestcraft.celeryitem":3,"stat.pickup.minecraft.dark_oak_stairs":1,"stat.mineBlock.minecraft.glowstone":4,"stat.mobKills":319,"stat.craftItem.minecraft.shears":1,"stat.useItem.minecraft.boat":1,"stat.craftItem.botania.spreader":2,"stat.pickup.minecraft.diamond":3,"stat.pickup.minecraft.beetroot_seeds":22,"stat.pickup.harvestcraft.raspberryitem":9,"stat.pickup.minecraft.torch":134,"stat.pickup.harvestcraft.beetitem":3,"stat.useItem.harvestcraft.mulberryitem":3,"stat.pickup.botania.livingrock":8,"stat.pickup.tconstruct.book":1,"stat.useItem.harvestcraft.huckleberryitem":4,"stat.useItem.harvestcraft.rhubarbitem":11,"stat.pigOneCm":158823,"stat.entityKilledBy.techguns.ZombieMiner":4,"stat.craftItem.minecraft.iron_axe":2,"stat.mineBlock.ic2.rubber_wood":10,"stat.drop.techguns.pistol":1,"stat.useItem.minecraft.mutton":13,"stat.useItem.minecraft.planks":48,"stat.pickup.minecraft.glowstone_dust":3,"stat.pickup.minecraft.porkchop":119,"stat.pickup.tconstruct.slimesling":8,"stat.useItem.minecraft.water_bucket":23,"stat.pickup.minecraft.sand":130,"stat.pickup.techguns.item_bunkerdoor":2,"stat.useItem.harvestcraft.walnutitem":2,"stat.pickup.harvestcraft.sweetpotatoitem":35,"stat.pickup.harvestcraft.wintersquashitem":9,"stat.pickup.techguns.t2_beret":2,"stat.pickup.chisel.cobblestone1":5,"stat.craftItem.minecraft.stone_sword":1,"stat.useItem.minecraft.ender_pearl":6,"stat.mineBlock.minecraft.sand":133,"stat.pickup.techguns.ak47":11,"stat.killEntity.techguns.ZombieFarmer":18,"stat.hopperInspected":5,"stat.mineBlock.tconstruct.slime_grass_tall":1,"stat.trappedChestTriggered":313,"stat.useItem.harvestcraft.leekitem":2,"stat.pickup.techguns.lamp0":12,"stat.pickup.harvestcraft.spinachitem":7,"stat.pickup.harvestcraft.turnipitem":36,"stat.useItem.minecraft.redstone":1,"stat.mineBlock.harvestcraft.windygarden":46,"stat.pickup.techguns.t1_scout_chestplate":62,"stat.mineBlock.chisel.technical":117,"stat.craftItem.travelersbackpack.travelers_backpack":2,"stat.pickup.minecraft.iron_chestplate":2,"stat.pickup.tombstone.magic_scroll":6,"stat.useItem.harvestcraft.blackberryitem":8,"stat.pickup.tconstruct.slime_dirt":1,"stat.pickup.minecraft.saddle":2,"stat.pickup.botania.craftinghalo":3,"stat.mineBlock.minecraft.oak_stairs":2,"stat.playOneMinute":1379393,"stat.pickup.minecraft.iron_bars":5,"stat.pickup.minecraft.netherrack":206,"stat.pickup.harvestcraft.cottonitem":9,"stat.mineBlock.botania.specialflower":1,"stat.pickup.harvestcraft.kaleitem":1,"stat.pickup.minecraft.pumpkin":1,"stat.pickup.harvestcraft.tomatoitem":44,"stat.mineBlock.minecraft.netherrack":499,"stat.pickup.harvestcraft.tomatilloitem":2,"stat.craftItem.harvestcraft.mixingbowlitem":1,"stat.drop.harvestcraft.juteitem":3,"stat.pickup.minecraft.brick_stairs":2,"stat.fallOneCm":824184,"stat.drop.minecraft.stone":4,"stat.drop.minecraft.dye":16,"stat.useItem.minecraft.trapped_chest":2,"stat.useItem.harvestcraft.chilipepperitem":1,"stat.pickup.harvestcraft.caulifloweritem":11,"stat.entityKilledBy.techguns.Bandit":6,"stat.pickup.minecraft.red_mushroom":1,"stat.pickup.minecraft.melon":15,"stat.mineBlock.botania.livingrock":8,"stat.pickup.techguns.revolver":9,"stat.mineBlock.ic2.resource":14,"stat.killEntity.techguns.Bandit":14,"stat.craftItem.minecraft.wooden_button":2,"stat.killEntity.techguns.ZombieMiner":25,"stat.mineBlock.harvestcraft.pamcherry":4,"stat.craftItem.techguns.glider":1,"stat.killEntity.Llama":15,"stat.pickup.minecraft.iron_leggings":2,"stat.useItem.techguns.concrete":2,"stat.useItem.ic2.rubber_wood":4,"stat.mineBlock.minecraft.gravel":8,"stat.pickup.prefab.item_start_house":2,"stat.useItem.minecraft.stone_pickaxe":297,"stat.craftItem.minecraft.iron_leggings":4,"stat.useItem.minecraft.stone_sword":38,"stat.useItem.minecraft.wool":1,"stat.useItem.harvestcraft.cherryitem":8,"stat.pickup.botania.specialflower":3,"stat.useItem.minecraft.torch":59,"stat.useItem.harvestcraft.spiceleafitem":1,"stat.useItem.minecraft.log":43,"stat.pickup.minecraft.crafting_table":1,"stat.mineBlock.techguns.basicore":11,"stat.craftItem.minecraft.crafting_table":5,"stat.craftItem.minecraft.boat":1,"stat.pickup.minecraft.log":192,"stat.mineBlock.harvestcraft.pammaple":6,"stat.pickup.minecraft.sapling":65,"stat.pickup.minecraft.beetroot":15,"stat.pickup.harvestcraft.parsnipitem":14,"stat.pickup.harvestcraft.rutabagaitem":7,"stat.useItem.harvestcraft.greengrapeitem":2,"stat.craftItem.minecraft.sugar":3,"stat.pickup.harvestcraft.juteitem":33,"stat.pickup.tconstruct.slime_boots":5,"stat.useItem.minecraft.beetroot_seeds":12,"stat.pickup.harvestcraft.pearitem":10,"stat.sneakTime":27054,"stat.pickup.harvestcraft.tealeafitem":25,"stat.pickup.minecraft.stone_slab":1,"stat.pickup.minecraft.yellow_flower":2,"stat.useItem.minecraft.beetroot":10,"stat.pickup.minecraft.chest":4,"stat.pickup.minecraft.bone":45,"stat.pickup.minecraft.redstone_torch":1,"stat.horseOneCm":13968,"stat.useItem.harvestcraft.garlicitem":5,"stat.pickup.techguns.sawedoff":13,"stat.craftItem.botania.petal":20,"stat.useItem.harvestcraft.tealeafitem":2,"stat.mineBlock.minecraft.acacia_fence":2,"stat.craftItem.tconstruct.slimesling":3,"stat.swimOneCm":343041,"stat.climbOneCm":219637,"stat.pickup.harvestcraft.artichokeitem":10,"stat.useItem.harvestcraft.strawberryitem":2,"stat.drop.minecraft.brown_mushroom":1,"stat.pickup.harvestcraft.okraitem":2,"stat.useItem.minecraft.dirt":257,"stat.pickup.minecraft.enchanting_table":1,"stat.craftItem.minecraft.stone_pickaxe":2,"stat.pickup.minecraft.cobblestone":1447,"stat.mineBlock.minecraft.carpet":13,"stat.useItem.harvestcraft.juteitem":7,"stat.mineBlock.chisel.limestone2":17,"stat.drop.minecraft.wheat_seeds":6,"stat.useItem.harvestcraft.whitemushroomitem":1,"stat.useItem.minecraft.cooked_beef":11,"stat.pickup.harvestcraft.leekitem":33,"stat.pickup.minecraft.redstone":102,"stat.mineBlock.minecraft.iron_ore":50,"stat.pickup.techguns.slimy":1,"stat.pickup.securitycraft.keypad_item":3,"stat.useItem.minecraft.sign":1,"stat.pickup.minecraft.mutton":50,"stat.pickup.minecraft.mossy_cobblestone":6,"stat.pickup.harvestcraft.soursopitem":2,"stat.killEntity.techguns.SkeletonSoldier":9,"stat.useItem.minecraft.cooked_porkchop":5,"stat.pickup.minecraft.iron_shovel":1,"stat.pickup.minecraft.carpet":7,"stat.pickup.techguns.t1_combat_helmet":1,"stat.pickup.techguns.glider":2,"stat.entityKilledBy.techguns.PsychoSteve":2,"stat.craftItem.tconstruct.slime_boots":1,"stat.craftItem.minecraft.stone_slab2":0,"stat.pickup.harvestcraft.mulberryitem":3,"stat.pickup.botania.petal":7,"stat.craftItem.botania.manaresource":1,"stat.craftItem.minecraft.stick":416,"stat.mineBlock.harvestcraft.pamwalnut":1,"stat.craftItem.minecraft.stone":33,"stat.pickup.harvestcraft.barleyitem":17,"stat.pickup.techguns.t1_miner_leggings":3,"stat.mineBlock.minecraft.crafting_table":1,"stat.entityKilledBy.tconstruct.blueslime":1,"stat.useItem.minecraft.diamond_pickaxe":1,"stat.useItem.minecraft.carrot":4,"stat.useItem.minecraft.wheat":7,"stat.useItem.harvestcraft.turnipitem":9,"stat.drop.techguns.t1_scout_boots":1,"stat.pickup.botania.flower":19,"stat.mineBlock.minecraft.planks":5,"stat.drop":80,"stat.killEntity.Sheep":27,"stat.craftItem.minecraft.diamond_pickaxe":1,"stat.craftItem.securitycraft.universal_block_remover":1,"stat.pickup.harvestcraft.garlicitem":19,"stat.pickup.techguns.t1_scout_leggings":64,"stat.mineBlock.botania.doubleflower2":1,"stat.mineBlock.botania.doubleflower1":1,"stat.drop.harvestcraft.whitemushroomitem":3,"stat.pickup.minecraft.gravel":15,"stat.useItem.minecraft.apple":2,"stat.useItem.minecraft.porkchop":52,"stat.mineBlock.tconstruct.slime_dirt":1,"stat.pickup.harvestcraft.kohlrabiitem":5,"stat.pickup.harvestcraft.blackberryitem":36,"stat.pickup.minecraft.brick":2,"stat.craftItem.travelersbackpack.backpack_tank":2,"stat.pickup.botania.thirdeye":1,"stat.useItem.harvestcraft.kaleitem":1,"stat.useItem.minecraft.stone_axe":113,"stat.mineBlock.harvestcraft.shadedgarden":137,"stat.pickup.harvestcraft.peanutitem":7,"stat.pickup.minecraft.spider_eye":2,"stat.craftItem.minecraft.iron_helmet":1,"stat.pickup.harvestcraft.bellpepperitem":14,"stat.useItem.harvestcraft.cranberryitem":1,"stat.mineBlock.harvestcraft.frostgarden":37,"stat.pickup.minecraft.iron_ore":52,"stat.pickup.tconstruct.slime_congealed":26,"stat.boatOneCm":42710,"stat.mineBlock.minecraft.iron_bars":6,"stat.entityKilledBy.techguns.SkeletonSoldier":5,"stat.craftItem.minecraft.flint_and_steel":1,"stat.useItem.harvestcraft.brusselsproutitem":1,"stat.mineBlock.tconstruct.tooltables":4,"stat.pickup.minecraft.leather":129,"stat.useItem.minecraft.wooden_pickaxe":73,"stat.pickup.harvestcraft.blueberryitem":1,"stat.useItem.harvestcraft.beetitem":2,"stat.pickup.minecraft.reeds":26,"stat.killEntity.CaveSpider":1,"tombstone:undead_killed":92,"stat.useItem.tombstone.grave_key":2,"stat.pickup.minecraft.oak_stairs":2,"stat.damageDealt":6563,"stat.craftItem.minecraft.glass":84,"stat.sleepInBed":61,"stat.killEntity.Cow":73,"stat.mineBlock.harvestcraft.pamspiderweb":1,"stat.killEntity.Pig":57,"stat.pickup.harvestcraft.elderberryitem":14,"stat.craftItem.minecraft.iron_sword":1,"stat.walkOneCm":1923274,"stat.pickup.minecraft.stick":30,"stat.pickup.techguns.t1_miner_boots":4,"stat.pickup.harvestcraft.cabbageitem":9,"stat.pickup.minecraft.clay_ball":8,"stat.mineBlock.minecraft.trapped_chest":3,"stat.mineBlock.chisel.basalt2":3,"stat.craftItem.botania.flowerbag":1,"stat.pickup.minecraft.stone":327,"stat.craftItem.prefab.block_paper_lantern":3,"stat.mineBlock.minecraft.wool":1,"stat.pickup.harvestcraft.zucchiniitem":34,"stat.pickup.minecraft.gold_ingot":2,"stat.killEntity.Skeleton":7,"stat.pickup.harvestcraft.amaranthitem":20,"stat.killEntity.Chicken":2,"stat.mineBlock.minecraft.redstone_torch":1,"stat.killEntity.Spider":2,"stat.pickup.minecraft.bread":27,"stat.mineBlock.minecraft.quartz_ore":2,"stat.pickup.techguns.pistol":11,"stat.pickup.harvestcraft.plumitem":6,"stat.craftItem.mob_grinding_utils.xp_tap":1,"stat.pickup.minecraft.water_bucket":2,"stat.mineBlock.minecraft.leaves":132,"stat.useItem.harvestcraft.broccoliitem":3,"stat.useItem.chisel.cobblestone1":128,"stat.mineBlock.minecraft.redstone_ore":8,"stat.useItem.chisel.factory":1,"stat.mineBlock.harvestcraft.soggygarden":13,"stat.craftItem.minecraft.brick":8,"stat.mineBlock.minecraft.stone":1224}