{"stat.pickup.minecraft.wooden_slab":3,"stat.leaveGame":20,"stat.pickup.harvestcraft.huckleberryitem":3,"stat.pickup.minecraft.jungle_fence":5,"stat.pickup.tconstruct.edible":22,"stat.pickup.tombstone.familiar_stone":2,"stat.entityKilledBy.techguns.ZombieFarmer":1,"stat.mineBlock.harvestcraft.beehive":1,"stat.pickup.harvestcraft.seaweeditem":2,"stat.pickup.minecraft.rotten_flesh":18,"stat.craftItem.minecraft.noteblock":1,"stat.entityKilledBy.techguns.ZombieSoldier":1,"stat.mineBlock.techguns.concrete":3,"stat.pickup.harvestcraft.radishitem":6,"stat.killEntity.Witch":1,"stat.pickup.harvestcraft.scallionitem":7,"stat.useItem.minecraft.iron_pickaxe":211,"stat.craftItem.minecraft.wooden_pickaxe":1,"stat.pickup.harvestcraft.rhubarbitem":11,"stat.craftItem.minecraft.bed":1,"stat.useItem.harvestcraft.asparagusitem":2,"stat.useItem.harvestcraft.peasitem":3,"stat.pickup.harvestcraft.onionitem":2,"stat.mineBlock.chisel.marble2":8,"stat.pickup.techguns.basicore":7,"stat.furnaceInteraction":39,"stat.pickup.harvestcraft.cherryitem":8,"stat.mineBlock.botania.flower":3,"stat.pickup.harvestcraft.cornitem":11,"stat.pickup.minecraft.beef":30,"stat.pickup.harvestcraft.brusselsproutitem":1,"stat.mineBlock.ic2.leaves":1,"stat.useItem.minecraft.beef":2,"stat.deaths":74,"stat.pickup.minecraft.egg":1,"stat.useItem.harvestcraft.okraitem":1,"stat.pickup.techguns.t1_miner_helmet":2,"stat.craftItem.minecraft.iron_pickaxe":3,"stat.pickup.chisel.marble2":23,"stat.mineBlock.minecraft.tallgrass":34,"stat.chestOpened":53,"stat.useItem.minecraft.stone":9,"stat.useItem.minecraft.jungle_fence":1,"stat.pickup.minecraft.iron_sword":1,"stat.pickup.minecraft.arrow":7,"stat.pickup.harvestcraft.waterchestnutitem":5,"stat.pickup.harvestcraft.chilipepperitem":1,"stat.craftItem.minecraft.coal":4,"stat.mineBlock.botania.mushroom":1,"stat.pickup.minecraft.carrot":16,"stat.crouchOneCm":7433,"stat.mineBlock.minecraft.chest":2,"stat.craftItem.minecraft.iron_ingot":20,"stat.pickup.harvestcraft.walnutitem":2,"stat.craftingTableInteraction":59,"stat.pickup.minecraft.jungle_door":1,"stat.craftItem.minecraft.wooden_sword":3,"stat.pickup.minecraft.planks":57,"stat.useItem.harvestcraft.lettuceitem":2,"stat.pickup.chisel.limestone2":21,"stat.pickup.minecraft.wheat_seeds":21,"stat.pickup.chisel.cobblestone":3,"stat.pickup.techguns.t1_miner_chestplate":1,"stat.useItem.harvestcraft.rutabagaitem":1,"stat.craftItem.tconstruct.slime_congealed":1,"stat.mineBlock.minecraft.glass":1,"stat.craftItem.botania.cacophonium":1,"stat.mineBlock.minecraft.dirt":172,"stat.useItem.minecraft.bread":8,"stat.useItem.minecraft.cobblestone":177,"stat.mineBlock.minecraft.double_plant":7,"stat.pickup.prefab.item_moderate_house":1,"stat.pickup.harvestcraft.peasitem":5,"stat.useItem.harvestcraft.sweetpotatoitem":2,"stat.craftItem.minecraft.gold_ingot":9,"stat.useItem.harvestcraft.riceitem":3,"stat.useItem.harvestcraft.cabbageitem":3,"stat.pickup.minecraft.apple":19,"stat.useItem.harvestcraft.caulifloweritem":1,"stat.craftItem.minecraft.bucket":1,"stat.craftItem.minecraft.planks":156,"stat.useItem.minecraft.iron_sword":26,"stat.entityKilledBy.Wolf":4,"stat.useItem.harvestcraft.raspberryitem":2,"stat.mineBlock.minecraft.log":30,"stat.pickup.minecraft.red_flower":4,"stat.pickup.minecraft.wool":14,"stat.pickup.minecraft.trapped_chest":3,"stat.craftItem.tconstruct.slime":1,"stat.pickup.ic2.ingot":8,"stat.mineBlock.minecraft.cobblestone":39,"stat.useItem.techguns.basicore":1,"stat.mineBlock.minecraft.yellow_flower":1,"stat.craftItem.tombstone.grave_key":1,"stat.pickup.minecraft.flower_pot":1,"stat.craftItem.minecraft.wool":2,"stat.pickup.harvestcraft.mixingbowlitem":1,"stat.drop.minecraft.saddle":1,"stat.pickup.minecraft.enchanted_book":1,"stat.killEntity.techguns.ZombieSoldier":9,"stat.pickup.techguns.boltaction":10,"stat.useItem.harvestcraft.tomatoitem":11,"stat.useItem.minecraft.stone_slab2":49,"stat.pickup.minecraft.stone_hoe":2,"stat.mineBlock.chisel.cobblestone":3,"stat.craftItem.minecraft.furnace":3,"stat.pickup.harvestcraft.broccoliitem":3,"stat.craftItem.minecraft.iron_boots":1,"stat.craftItem.minecraft.cooked_beef":12,"stat.pickup.harvestcraft.jicamaitem":5,"stat.drop.harvestcraft.leekitem":4,"stat.flyOneCm":1709157,"stat.pickup.harvestcraft.cranberryitem":1,"stat.useItem.harvestcraft.jicamaitem":5,"stat.timeSinceDeath":19088,"stat.pickup.harvestcraft.whitemushroomitem":6,"stat.pickup.travelersbackpack.travelers_backpack":5,"stat.pickup.harvestcraft.beanitem":8,"stat.pickup.harvestcraft.riceitem":3,"stat.useItem.minecraft.potato":13,"stat.useItem.harvestcraft.blueberryitem":1,"stat.killEntity.Wolf":2,"stat.mineBlock.minecraft.coal_ore":58,"stat.killEntity.Creeper":1,"stat.pickup.minecraft.wooden_sword":1,"stat.pickup.minecraft.string":8,"stat.pickup.harvestcraft.asparagusitem":2,"stat.pickup.tombstone.crafting_ingredient":10,"stat.pickup.techguns.t1_scout_helmet":20,"stat.entityKilledBy.Skeleton":2,"stat.sprintOneCm":1274706,"stat.pickup.ic2.resource":7,"stat.useItem.tombstone.magic_scroll":7,"stat.pickup.harvestcraft.quinoaitem":3,"stat.useItem.harvestcraft.waterchestnutitem":5,"stat.pickup.minecraft.spawn_egg":18,"stat.pickup.minecraft.sugar":6,"stat.pickup.harvestcraft.mustardseedsitem":3,"stat.pickup.harvestcraft.flaxitem":2,"stat.useItem.minecraft.wooden_sword":157,"stat.useItem.harvestcraft.zucchiniitem":6,"stat.pickup.techguns.t1_scout_boots":53,"stat.killEntity.Zombie":6,"stat.craftItem.minecraft.dye":3,"stat.mineBlock.minecraft.gold_ore":9,"stat.diveOneCm":68765,"stat.pickup.minecraft.wheat":21,"stat.pickup.tconstruct.tooltables":4,"stat.craftItem.minecraft.cooked_porkchop":5,"stat.pickup.harvestcraft.ryeitem":1,"stat.useItem.minecraft.rotten_flesh":2,"stat.jump":9376,"stat.pickup.minecraft.coal":95,"stat.pickup.minecraft.iron_ingot":3301,"stat.pickup.minecraft.gunpowder":2963,"stat.pickup.harvestcraft.milletitem":4,"stat.craftItem.minecraft.torch":48,"stat.pickup.minecraft.dirt":296,"stat.pickup.minecraft.gold_ore":14,"tombstone:sneak_grave":1,"stat.damageTaken":26139,"stat.mineBlock.minecraft.red_flower":4,"stat.mineBlock.minecraft.torch":8,"stat.killEntity.tconstruct.blueslime":16,"stat.useItem.harvestcraft.radishitem":2,"stat.pickup.ic2.rubber_wood":5,"stat.pickup.techguns.concrete":3,"stat.pickup.minecraft.bed":1,"stat.pickup.minecraft.potato":15,"stat.entityKilledBy.Zombie":2,"stat.mineBlock.techguns.lamp0":1,"stat.pickup.harvestcraft.lettuceitem":13,"stat.pickup.harvestcraft.oatsitem":3,"stat.useItem.harvestcraft.onionitem":2,"stat.pickup.techguns.itemshared":11196,"stat.pickup.harvestcraft.greengrapeitem":4,"stat.pickup.techguns.thompson":9,"stat.pickup.harvestcraft.celeryitem":3,"stat.useItem.tombstone.gift":2,"stat.pickup.harvestcraft.spiceleafitem":6,"stat.useItem.harvestcraft.scallionitem":2,"stat.craftItem.minecraft.iron_chestplate":1,"stat.pickup.minecraft.ladder":3,"stat.craftItem.travelersbackpack.sleeping_bag_bottom":1,"stat.pickup.harvestcraft.queenbeeitem":1,"stat.pickup.harvestcraft.cucumberitem":5,"stat.pickup.harvestcraft.strawberryitem":5,"stat.useItem.harvestcraft.celeryitem":3,"stat.pickup.minecraft.dark_oak_stairs":1,"stat.mobKills":142,"stat.useItem.minecraft.boat":1,"stat.pickup.minecraft.beetroot_seeds":22,"stat.pickup.harvestcraft.raspberryitem":2,"stat.pickup.minecraft.torch":38,"stat.pickup.harvestcraft.beetitem":2,"stat.useItem.harvestcraft.mulberryitem":3,"stat.pickup.tconstruct.book":1,"stat.useItem.harvestcraft.huckleberryitem":3,"stat.useItem.harvestcraft.rhubarbitem":9,"stat.entityKilledBy.techguns.ZombieMiner":3,"stat.mineBlock.ic2.rubber_wood":5,"stat.useItem.minecraft.mutton":13,"stat.useItem.minecraft.planks":26,"stat.pickup.minecraft.porkchop":62,"stat.useItem.minecraft.water_bucket":5,"stat.pickup.minecraft.sand":30,"stat.useItem.harvestcraft.walnutitem":2,"stat.pickup.harvestcraft.sweetpotatoitem":7,"stat.pickup.harvestcraft.wintersquashitem":6,"stat.useItem.minecraft.ender_pearl":6,"stat.mineBlock.minecraft.sand":31,"stat.pickup.techguns.ak47":9,"stat.killEntity.techguns.ZombieFarmer":10,"stat.hopperInspected":5,"stat.trappedChestTriggered":205,"stat.useItem.harvestcraft.leekitem":2,"stat.pickup.techguns.lamp0":1,"stat.pickup.harvestcraft.turnipitem":13,"stat.mineBlock.harvestcraft.windygarden":21,"stat.pickup.techguns.t1_scout_chestplate":42,"stat.craftItem.travelersbackpack.travelers_backpack":1,"stat.pickup.tombstone.magic_scroll":4,"stat.useItem.harvestcraft.blackberryitem":7,"stat.pickup.minecraft.saddle":1,"stat.mineBlock.minecraft.oak_stairs":2,"stat.playOneMinute":491972,"stat.pickup.harvestcraft.cottonitem":3,"stat.pickup.harvestcraft.kaleitem":1,"stat.pickup.harvestcraft.tomatoitem":15,"stat.pickup.harvestcraft.tomatilloitem":2,"stat.craftItem.harvestcraft.mixingbowlitem":1,"stat.drop.harvestcraft.juteitem":3,"stat.pickup.minecraft.brick_stairs":2,"stat.fallOneCm":451895,"stat.useItem.minecraft.trapped_chest":2,"stat.useItem.harvestcraft.chilipepperitem":1,"stat.pickup.harvestcraft.caulifloweritem":1,"stat.entityKilledBy.techguns.Bandit":5,"stat.pickup.techguns.revolver":6,"stat.mineBlock.ic2.resource":7,"stat.killEntity.techguns.Bandit":7,"stat.killEntity.techguns.ZombieMiner":5,"stat.mineBlock.harvestcraft.pamcherry":4,"stat.killEntity.Llama":15,"stat.useItem.techguns.concrete":2,"stat.useItem.ic2.rubber_wood":4,"stat.useItem.minecraft.stone_pickaxe":206,"stat.craftItem.minecraft.iron_leggings":1,"stat.useItem.harvestcraft.cherryitem":8,"stat.useItem.minecraft.torch":22,"stat.useItem.harvestcraft.spiceleafitem":1,"stat.useItem.minecraft.log":2,"stat.pickup.minecraft.crafting_table":1,"stat.mineBlock.techguns.basicore":7,"stat.craftItem.minecraft.crafting_table":5,"stat.craftItem.minecraft.boat":1,"stat.pickup.minecraft.log":49,"stat.pickup.minecraft.sapling":12,"stat.pickup.minecraft.beetroot":15,"stat.pickup.harvestcraft.parsnipitem":1,"stat.pickup.harvestcraft.rutabagaitem":1,"stat.useItem.harvestcraft.greengrapeitem":2,"stat.craftItem.minecraft.sugar":3,"stat.pickup.harvestcraft.juteitem":9,"stat.useItem.minecraft.beetroot_seeds":12,"stat.sneakTime":3038,"stat.pickup.harvestcraft.tealeafitem":6,"stat.pickup.minecraft.yellow_flower":1,"stat.useItem.minecraft.beetroot":10,"stat.pickup.minecraft.chest":4,"stat.pickup.minecraft.bone":20,"stat.useItem.harvestcraft.garlicitem":4,"stat.pickup.techguns.sawedoff":6,"stat.craftItem.botania.petal":2,"stat.craftItem.tconstruct.slimesling":1,"stat.swimOneCm":91121,"stat.climbOneCm":16025,"stat.pickup.harvestcraft.artichokeitem":2,"stat.pickup.harvestcraft.okraitem":2,"stat.useItem.minecraft.dirt":58,"stat.craftItem.minecraft.stone_pickaxe":2,"stat.pickup.minecraft.cobblestone":599,"stat.mineBlock.minecraft.carpet":1,"stat.useItem.harvestcraft.juteitem":4,"stat.mineBlock.chisel.limestone2":14,"stat.useItem.harvestcraft.whitemushroomitem":1,"stat.useItem.minecraft.cooked_beef":11,"stat.pickup.harvestcraft.leekitem":10,"stat.pickup.minecraft.redstone":18,"stat.mineBlock.minecraft.iron_ore":33,"stat.pickup.minecraft.mutton":22,"stat.pickup.minecraft.mossy_cobblestone":6,"stat.killEntity.techguns.SkeletonSoldier":5,"stat.useItem.minecraft.cooked_porkchop":5,"stat.pickup.minecraft.carpet":2,"stat.pickup.techguns.t1_combat_helmet":1,"stat.entityKilledBy.techguns.PsychoSteve":1,"stat.pickup.harvestcraft.mulberryitem":3,"stat.craftItem.minecraft.stick":32,"stat.mineBlock.harvestcraft.pamwalnut":1,"stat.pickup.harvestcraft.barleyitem":3,"stat.pickup.techguns.t1_miner_leggings":1,"stat.mineBlock.minecraft.crafting_table":1,"stat.entityKilledBy.tconstruct.blueslime":1,"stat.useItem.minecraft.wheat":4,"stat.useItem.harvestcraft.turnipitem":9,"stat.pickup.botania.flower":5,"stat.mineBlock.minecraft.planks":3,"stat.drop":11,"stat.killEntity.Sheep":11,"stat.pickup.harvestcraft.garlicitem":6,"stat.pickup.techguns.t1_scout_leggings":46,"stat.drop.harvestcraft.whitemushroomitem":3,"stat.pickup.minecraft.gravel":7,"stat.useItem.minecraft.porkchop":52,"stat.pickup.harvestcraft.blackberryitem":11,"stat.craftItem.travelersbackpack.backpack_tank":2,"stat.useItem.harvestcraft.kaleitem":1,"stat.mineBlock.harvestcraft.shadedgarden":44,"stat.pickup.harvestcraft.peanutitem":5,"stat.pickup.harvestcraft.bellpepperitem":7,"stat.useItem.harvestcraft.cranberryitem":1,"stat.mineBlock.harvestcraft.frostgarden":10,"stat.pickup.minecraft.iron_ore":35,"stat.boatOneCm":42710,"stat.entityKilledBy.techguns.SkeletonSoldier":3,"stat.mineBlock.tconstruct.tooltables":4,"stat.pickup.minecraft.leather":63,"stat.useItem.minecraft.wooden_pickaxe":59,"stat.pickup.harvestcraft.blueberryitem":1,"stat.useItem.harvestcraft.beetitem":2,"stat.pickup.minecraft.reeds":15,"tombstone:undead_killed":39,"stat.useItem.tombstone.grave_key":2,"stat.pickup.minecraft.oak_stairs":2,"stat.damageDealt":4304,"stat.craftItem.minecraft.glass":20,"stat.sleepInBed":8,"stat.killEntity.Cow":17,"stat.killEntity.Pig":29,"stat.pickup.harvestcraft.elderberryitem":8,"stat.craftItem.minecraft.iron_sword":1,"stat.walkOneCm":739782,"stat.pickup.minecraft.stick":11,"stat.pickup.techguns.t1_miner_boots":3,"stat.pickup.harvestcraft.cabbageitem":4,"stat.mineBlock.minecraft.trapped_chest":3,"stat.pickup.minecraft.stone":59,"stat.mineBlock.minecraft.wool":1,"stat.pickup.harvestcraft.zucchiniitem":10,"stat.killEntity.Skeleton":4,"stat.pickup.harvestcraft.amaranthitem":2,"stat.killEntity.Chicken":1,"stat.killEntity.Spider":1,"stat.pickup.minecraft.bread":20,"stat.pickup.techguns.pistol":5,"stat.mineBlock.minecraft.leaves":39,"stat.useItem.harvestcraft.broccoliitem":3,"stat.mineBlock.minecraft.redstone_ore":1,"stat.mineBlock.harvestcraft.soggygarden":13,"stat.mineBlock.minecraft.stone":233}