{"stat.chestOpened":2,"stat.pickup.tconstruct.book":1,"stat.pickup.ic2.ingot":8,"stat.pickup.minecraft.bone":4,"stat.pickup.harvestcraft.tomatoitem":11,"stat.useItem.harvestcraft.rhubarbitem":6,"stat.useItem.harvestcraft.garlicitem":2,"stat.drop.harvestcraft.whitemushroomitem":3,"stat.leaveGame":6,"stat.pickup.tombstone.familiar_stone":1,"stat.mineBlock.ic2.rubber_wood":5,"stat.drop.harvestcraft.juteitem":3,"stat.pickup.harvestcraft.blackberryitem":4,"stat.useItem.minecraft.mutton":5,"stat.swimOneCm":14838,"stat.jump":1639,"stat.pickup.minecraft.coal":1,"stat.fallOneCm":61741,"stat.climbOneCm":1536,"stat.pickup.minecraft.iron_ingot":5,"stat.pickup.harvestcraft.artichokeitem":2,"stat.pickup.minecraft.gunpowder":2,"stat.pickup.minecraft.porkchop":3,"stat.pickup.harvestcraft.milletitem":2,"stat.crouchOneCm":3643,"stat.mineBlock.harvestcraft.shadedgarden":26,"stat.pickup.harvestcraft.peanutitem":3,"stat.craftItem.minecraft.iron_ingot":1,"stat.useItem.harvestcraft.tomatoitem":10,"stat.pickup.minecraft.dirt":22,"stat.useItem.minecraft.dirt":5,"stat.pickup.harvestcraft.walnutitem":2,"stat.useItem.minecraft.stone_slab2":4,"stat.pickup.harvestcraft.bellpepperitem":5,"stat.pickup.harvestcraft.seaweeditem":1,"stat.craftingTableInteraction":5,"stat.pickup.minecraft.rotten_flesh":1,"tombstone:sneak_grave":1,"stat.useItem.harvestcraft.walnutitem":2,"stat.damageTaken":3744,"stat.pickup.harvestcraft.sweetpotatoitem":3,"stat.pickup.minecraft.leather":1,"stat.mineBlock.harvestcraft.pamcherry":1,"stat.pickup.harvestcraft.wintersquashitem":6,"stat.useItem.harvestcraft.radishitem":2,"stat.craftItem.minecraft.wooden_sword":2,"stat.pickup.ic2.rubber_wood":5,"stat.drop.harvestcraft.leekitem":4,"stat.pickup.minecraft.planks":12,"stat.pickup.minecraft.reeds":12,"stat.entityKilledBy.techguns.ZombieSoldier":1,"stat.flyOneCm":281090,"stat.pickup.harvestcraft.radishitem":5,"tombstone:undead_killed":1,"stat.pickup.minecraft.wheat_seeds":8,"stat.useItem.ic2.rubber_wood":4,"stat.useItem.harvestcraft.whitemushroomitem":1,"stat.pickup.harvestcraft.scallionitem":2,"stat.killEntity.techguns.ZombieFarmer":1,"stat.damageDealt":1355,"stat.pickup.harvestcraft.leekitem":6,"stat.pickup.minecraft.redstone":6,"stat.sleepInBed":1,"stat.timeSinceDeath":651,"stat.pickup.harvestcraft.lettuceitem":9,"stat.useItem.harvestcraft.cherryitem":2,"stat.mineBlock.minecraft.dirt":10,"stat.pickup.minecraft.mutton":6,"stat.pickup.harvestcraft.elderberryitem":6,"stat.pickup.harvestcraft.rhubarbitem":6,"stat.pickup.techguns.itemshared":4,"stat.walkOneCm":74057,"stat.useItem.minecraft.bread":2,"stat.pickup.harvestcraft.whitemushroomitem":4,"stat.pickup.harvestcraft.beanitem":3,"stat.pickup.minecraft.stick":6,"stat.pickup.techguns.t1_miner_boots":3,"stat.furnaceInteraction":2,"stat.pickup.harvestcraft.cherryitem":2,"stat.killEntity.Wolf":2,"stat.mineBlock.minecraft.double_plant":4,"stat.mineBlock.botania.flower":2,"stat.pickup.harvestcraft.cornitem":9,"stat.pickup.minecraft.wooden_sword":1,"stat.pickup.minecraft.log":5,"stat.pickup.harvestcraft.turnipitem":9,"stat.entityKilledBy.techguns.PsychoSteve":1,"stat.useItem.tombstone.gift":1,"stat.pickup.tombstone.crafting_ingredient":1,"stat.pickup.harvestcraft.spiceleafitem":3,"stat.mineBlock.harvestcraft.windygarden":13,"stat.pickup.harvestcraft.zucchiniitem":6,"stat.pickup.minecraft.sapling":2,"stat.sprintOneCm":186200,"stat.pickup.minecraft.apple":4,"stat.craftItem.minecraft.stick":8,"stat.useItem.harvestcraft.blackberryitem":2,"stat.mineBlock.harvestcraft.pamwalnut":1,"stat.pickup.harvestcraft.parsnipitem":1,"stat.pickup.harvestcraft.amaranthitem":2,"stat.craftItem.minecraft.planks":20,"stat.entityKilledBy.Wolf":4,"stat.pickup.harvestcraft.barleyitem":1,"stat.pickup.harvestcraft.cucumberitem":4,"stat.pickup.harvestcraft.strawberryitem":4,"stat.pickup.minecraft.bread":5,"stat.mineBlock.ic2.leaves":1,"stat.useItem.harvestcraft.turnipitem":8,"stat.mobKills":5,"stat.pickup.minecraft.saddle":1,"stat.mineBlock.minecraft.log":5,"stat.pickup.botania.flower":4,"stat.pickup.harvestcraft.mustardseedsitem":1,"stat.deaths":12,"stat.drop":10,"stat.mineBlock.minecraft.leaves":12,"stat.pickup.harvestcraft.flaxitem":2,"stat.playOneMinute":57033,"stat.pickup.harvestcraft.juteitem":3,"stat.useItem.minecraft.wooden_sword":91,"stat.killEntity.Sheep":2,"stat.useItem.harvestcraft.zucchiniitem":4,"stat.sneakTime":1378,"stat.pickup.harvestcraft.tealeafitem":2,"stat.pickup.minecraft.wool":6,"stat.mineBlock.harvestcraft.soggygarden":3,"stat.mineBlock.minecraft.tallgrass":10,"stat.diveOneCm":10942,"stat.pickup.harvestcraft.garlicitem":3,"stat.pickup.minecraft.wheat":2}