{"stat.pickup.tconstruct.book":1,"stat.pickup.ic2.ingot":8,"stat.pickup.minecraft.bone":4,"stat.useItem.harvestcraft.rhubarbitem":6,"stat.useItem.harvestcraft.garlicitem":2,"stat.leaveGame":7,"stat.useItem.techguns.basicore":1,"stat.entityKilledBy.techguns.ZombieMiner":2,"stat.craftItem.botania.petal":2,"stat.pickup.tombstone.familiar_stone":2,"stat.mineBlock.ic2.rubber_wood":5,"stat.useItem.minecraft.mutton":10,"stat.swimOneCm":22424,"stat.entityKilledBy.techguns.ZombieFarmer":1,"stat.climbOneCm":1968,"stat.pickup.harvestcraft.artichokeitem":2,"stat.pickup.minecraft.porkchop":8,"stat.pickup.harvestcraft.okraitem":1,"stat.useItem.harvestcraft.tomatoitem":10,"stat.useItem.minecraft.dirt":8,"stat.useItem.minecraft.stone_slab2":11,"stat.pickup.harvestcraft.seaweeditem":2,"stat.pickup.minecraft.rotten_flesh":7,"stat.craftItem.minecraft.furnace":1,"stat.useItem.harvestcraft.walnutitem":2,"stat.pickup.harvestcraft.sweetpotatoitem":4,"stat.craftItem.minecraft.stone_pickaxe":1,"stat.pickup.harvestcraft.wintersquashitem":6,"stat.pickup.minecraft.cobblestone":186,"stat.drop.harvestcraft.leekitem":4,"stat.useItem.harvestcraft.juteitem":2,"stat.entityKilledBy.techguns.ZombieSoldier":1,"stat.mineBlock.chisel.limestone2":7,"stat.flyOneCm":610118,"stat.pickup.harvestcraft.radishitem":5,"stat.useItem.harvestcraft.whitemushroomitem":1,"stat.pickup.harvestcraft.scallionitem":2,"stat.killEntity.techguns.ZombieFarmer":1,"stat.pickup.harvestcraft.leekitem":7,"stat.pickup.minecraft.redstone":6,"stat.mineBlock.minecraft.iron_ore":19,"stat.timeSinceDeath":4614,"stat.useItem.minecraft.iron_pickaxe":55,"stat.pickup.minecraft.mutton":14,"stat.pickup.harvestcraft.rhubarbitem":6,"stat.craftItem.minecraft.bed":1,"stat.pickup.harvestcraft.whitemushroomitem":4,"stat.pickup.harvestcraft.beanitem":5,"stat.pickup.harvestcraft.onionitem":2,"stat.mineBlock.chisel.marble2":1,"stat.pickup.techguns.basicore":5,"stat.furnaceInteraction":9,"stat.pickup.harvestcraft.cherryitem":2,"stat.killEntity.Wolf":2,"stat.mineBlock.botania.flower":2,"stat.pickup.harvestcraft.cornitem":11,"stat.mineBlock.minecraft.coal_ore":41,"stat.pickup.minecraft.wooden_sword":1,"stat.pickup.harvestcraft.turnipitem":9,"stat.entityKilledBy.techguns.PsychoSteve":1,"stat.pickup.tombstone.crafting_ingredient":3,"stat.mineBlock.harvestcraft.windygarden":21,"stat.sprintOneCm":363745,"stat.craftItem.minecraft.stick":12,"stat.useItem.harvestcraft.blackberryitem":2,"stat.mineBlock.harvestcraft.pamwalnut":1,"stat.pickup.harvestcraft.barleyitem":3,"stat.mineBlock.ic2.leaves":1,"stat.useItem.harvestcraft.turnipitem":8,"stat.pickup.minecraft.saddle":1,"stat.pickup.botania.flower":4,"stat.mineBlock.minecraft.oak_stairs":2,"stat.pickup.minecraft.spawn_egg":2,"stat.pickup.harvestcraft.mustardseedsitem":3,"stat.deaths":34,"stat.mineBlock.minecraft.planks":2,"stat.drop":10,"stat.pickup.harvestcraft.flaxitem":2,"stat.playOneMinute":117628,"stat.useItem.minecraft.wooden_sword":138,"stat.killEntity.Sheep":5,"stat.pickup.techguns.t1_miner_helmet":1,"stat.useItem.harvestcraft.zucchiniitem":4,"stat.craftItem.minecraft.iron_pickaxe":1,"stat.killEntity.Zombie":2,"stat.pickup.chisel.marble2":13,"stat.mineBlock.minecraft.tallgrass":24,"stat.diveOneCm":17825,"stat.pickup.harvestcraft.garlicitem":3,"stat.pickup.minecraft.wheat":17,"stat.chestOpened":13,"stat.pickup.harvestcraft.tomatoitem":12,"stat.drop.harvestcraft.whitemushroomitem":3,"stat.pickup.minecraft.gravel":7,"stat.useItem.minecraft.porkchop":5,"stat.drop.harvestcraft.juteitem":3,"stat.pickup.harvestcraft.chilipepperitem":1,"stat.pickup.harvestcraft.blackberryitem":5,"stat.jump":3406,"stat.pickup.minecraft.coal":52,"stat.fallOneCm":136072,"stat.pickup.minecraft.iron_ingot":7,"stat.pickup.minecraft.carrot":4,"stat.pickup.minecraft.gunpowder":6,"stat.pickup.harvestcraft.milletitem":2,"stat.crouchOneCm":4139,"stat.useItem.harvestcraft.chilipepperitem":1,"stat.mineBlock.harvestcraft.shadedgarden":29,"stat.pickup.harvestcraft.peanutitem":5,"stat.craftItem.minecraft.iron_ingot":9,"stat.craftItem.minecraft.torch":8,"stat.pickup.minecraft.dirt":111,"stat.pickup.harvestcraft.walnutitem":2,"stat.pickup.harvestcraft.bellpepperitem":7,"stat.mineBlock.harvestcraft.frostgarden":1,"stat.craftingTableInteraction":14,"stat.pickup.minecraft.iron_ore":20,"tombstone:sneak_grave":1,"stat.damageTaken":10491,"stat.pickup.minecraft.leather":4,"stat.mineBlock.minecraft.red_flower":1,"stat.mineBlock.harvestcraft.pamcherry":1,"stat.useItem.harvestcraft.radishitem":2,"stat.craftItem.minecraft.wooden_sword":3,"stat.pickup.ic2.rubber_wood":5,"stat.pickup.minecraft.planks":15,"stat.pickup.minecraft.reeds":12,"stat.pickup.chisel.limestone2":15,"tombstone:undead_killed":3,"stat.pickup.minecraft.wheat_seeds":21,"stat.pickup.minecraft.potato":2,"stat.pickup.minecraft.oak_stairs":2,"stat.entityKilledBy.Zombie":2,"stat.useItem.ic2.rubber_wood":4,"stat.useItem.minecraft.stone_pickaxe":92,"stat.mineBlock.minecraft.glass":1,"stat.damageDealt":2606,"stat.sleepInBed":3,"stat.pickup.harvestcraft.lettuceitem":11,"stat.useItem.harvestcraft.cherryitem":2,"stat.mineBlock.minecraft.dirt":36,"stat.killEntity.Pig":3,"stat.pickup.harvestcraft.elderberryitem":8,"stat.craftItem.minecraft.iron_sword":1,"stat.useItem.harvestcraft.onionitem":2,"stat.pickup.techguns.itemshared":7,"stat.walkOneCm":147875,"stat.useItem.minecraft.bread":2,"stat.pickup.minecraft.stick":6,"stat.pickup.harvestcraft.greengrapeitem":2,"stat.pickup.techguns.t1_miner_boots":3,"stat.useItem.minecraft.cobblestone":56,"stat.mineBlock.techguns.basicore":5,"stat.mineBlock.minecraft.double_plant":4,"stat.pickup.minecraft.log":11,"stat.useItem.harvestcraft.sweetpotatoitem":1,"stat.useItem.tombstone.gift":1,"stat.pickup.harvestcraft.spiceleafitem":3,"stat.pickup.minecraft.stone":22,"stat.pickup.harvestcraft.zucchiniitem":6,"stat.pickup.minecraft.sapling":4,"stat.pickup.minecraft.apple":10,"stat.pickup.minecraft.beetroot":10,"stat.pickup.harvestcraft.parsnipitem":1,"stat.pickup.harvestcraft.amaranthitem":2,"stat.craftItem.minecraft.planks":44,"stat.useItem.minecraft.iron_sword":21,"stat.entityKilledBy.Wolf":4,"stat.pickup.harvestcraft.cucumberitem":5,"stat.pickup.harvestcraft.strawberryitem":5,"stat.pickup.minecraft.bread":13,"stat.pickup.minecraft.dark_oak_stairs":1,"stat.mobKills":13,"stat.mineBlock.minecraft.log":11,"stat.mineBlock.minecraft.leaves":23,"stat.pickup.minecraft.beetroot_seeds":22,"stat.pickup.harvestcraft.juteitem":5,"stat.pickup.minecraft.torch":2,"stat.pickup.minecraft.red_flower":1,"stat.useItem.minecraft.beetroot_seeds":12,"stat.sneakTime":1504,"stat.pickup.harvestcraft.tealeafitem":3,"stat.pickup.minecraft.wool":8,"stat.mineBlock.harvestcraft.soggygarden":3,"stat.mineBlock.minecraft.stone":55,"stat.useItem.minecraft.beetroot":10}