{"stat.chestOpened":9,"stat.pickup.tconstruct.book":1,"stat.pickup.ic2.ingot":8,"stat.pickup.minecraft.bone":4,"stat.pickup.harvestcraft.tomatoitem":11,"stat.useItem.harvestcraft.rhubarbitem":6,"stat.useItem.harvestcraft.garlicitem":2,"stat.drop.harvestcraft.whitemushroomitem":3,"stat.leaveGame":6,"stat.entityKilledBy.techguns.ZombieMiner":2,"stat.craftItem.botania.petal":2,"stat.pickup.tombstone.familiar_stone":1,"stat.mineBlock.ic2.rubber_wood":5,"stat.drop.harvestcraft.juteitem":3,"stat.pickup.harvestcraft.blackberryitem":4,"stat.useItem.minecraft.mutton":6,"stat.swimOneCm":16388,"stat.jump":2293,"stat.entityKilledBy.techguns.ZombieFarmer":1,"stat.pickup.minecraft.coal":15,"stat.fallOneCm":90025,"stat.climbOneCm":1968,"stat.pickup.minecraft.iron_ingot":7,"stat.pickup.harvestcraft.artichokeitem":2,"stat.pickup.minecraft.gunpowder":6,"stat.pickup.minecraft.porkchop":3,"stat.pickup.harvestcraft.milletitem":2,"stat.crouchOneCm":3878,"stat.mineBlock.harvestcraft.shadedgarden":26,"stat.pickup.harvestcraft.peanutitem":3,"stat.craftItem.minecraft.iron_ingot":9,"stat.pickup.harvestcraft.okraitem":1,"stat.craftItem.minecraft.torch":8,"stat.useItem.harvestcraft.tomatoitem":10,"stat.pickup.minecraft.dirt":54,"stat.useItem.minecraft.dirt":8,"stat.pickup.harvestcraft.walnutitem":2,"stat.useItem.minecraft.stone_slab2":6,"stat.pickup.harvestcraft.bellpepperitem":5,"stat.pickup.harvestcraft.seaweeditem":2,"stat.craftingTableInteraction":13,"stat.pickup.minecraft.iron_ore":8,"stat.pickup.minecraft.rotten_flesh":2,"stat.craftItem.minecraft.furnace":1,"tombstone:sneak_grave":1,"stat.useItem.harvestcraft.walnutitem":2,"stat.damageTaken":8428,"stat.pickup.harvestcraft.sweetpotatoitem":3,"stat.pickup.minecraft.leather":4,"stat.mineBlock.minecraft.red_flower":1,"stat.mineBlock.harvestcraft.pamcherry":1,"stat.pickup.harvestcraft.wintersquashitem":6,"stat.useItem.harvestcraft.radishitem":2,"stat.pickup.minecraft.cobblestone":32,"stat.craftItem.minecraft.wooden_sword":2,"stat.pickup.ic2.rubber_wood":5,"stat.drop.harvestcraft.leekitem":4,"stat.pickup.minecraft.planks":13,"stat.pickup.minecraft.reeds":12,"stat.entityKilledBy.techguns.ZombieSoldier":1,"stat.flyOneCm":459867,"stat.pickup.harvestcraft.radishitem":5,"tombstone:undead_killed":1,"stat.pickup.minecraft.wheat_seeds":15,"stat.pickup.minecraft.oak_stairs":1,"stat.useItem.ic2.rubber_wood":4,"stat.useItem.harvestcraft.whitemushroomitem":1,"stat.pickup.harvestcraft.scallionitem":2,"stat.killEntity.techguns.ZombieFarmer":1,"stat.damageDealt":1807,"stat.pickup.harvestcraft.leekitem":6,"stat.pickup.minecraft.redstone":6,"stat.mineBlock.minecraft.iron_ore":8,"stat.sleepInBed":2,"stat.timeSinceDeath":1228,"stat.pickup.harvestcraft.lettuceitem":9,"stat.useItem.harvestcraft.cherryitem":2,"stat.mineBlock.minecraft.dirt":21,"stat.useItem.minecraft.iron_pickaxe":55,"stat.pickup.minecraft.mutton":9,"stat.pickup.harvestcraft.elderberryitem":6,"stat.craftItem.minecraft.iron_sword":1,"stat.pickup.harvestcraft.rhubarbitem":6,"stat.pickup.techguns.itemshared":7,"stat.walkOneCm":111346,"stat.craftItem.minecraft.bed":1,"stat.useItem.minecraft.bread":2,"stat.pickup.harvestcraft.whitemushroomitem":4,"stat.pickup.harvestcraft.beanitem":3,"stat.pickup.minecraft.stick":6,"stat.pickup.harvestcraft.greengrapeitem":2,"stat.pickup.techguns.t1_miner_boots":3,"stat.furnaceInteraction":5,"stat.pickup.harvestcraft.cherryitem":2,"stat.killEntity.Wolf":2,"stat.mineBlock.minecraft.double_plant":4,"stat.mineBlock.botania.flower":2,"stat.pickup.harvestcraft.cornitem":9,"stat.mineBlock.minecraft.coal_ore":8,"stat.pickup.minecraft.wooden_sword":1,"stat.pickup.minecraft.log":5,"stat.pickup.harvestcraft.turnipitem":9,"stat.entityKilledBy.techguns.PsychoSteve":1,"stat.useItem.tombstone.gift":1,"stat.pickup.tombstone.crafting_ingredient":1,"stat.pickup.harvestcraft.spiceleafitem":3,"stat.mineBlock.harvestcraft.windygarden":13,"stat.pickup.minecraft.stone":4,"stat.pickup.harvestcraft.zucchiniitem":6,"stat.pickup.minecraft.sapling":3,"stat.sprintOneCm":268806,"stat.pickup.minecraft.apple":10,"stat.craftItem.minecraft.stick":8,"stat.useItem.harvestcraft.blackberryitem":2,"stat.mineBlock.harvestcraft.pamwalnut":1,"stat.pickup.harvestcraft.parsnipitem":1,"stat.pickup.harvestcraft.amaranthitem":2,"stat.craftItem.minecraft.planks":20,"stat.useItem.minecraft.iron_sword":21,"stat.entityKilledBy.Wolf":4,"stat.pickup.harvestcraft.barleyitem":1,"stat.pickup.harvestcraft.cucumberitem":4,"stat.pickup.harvestcraft.strawberryitem":4,"stat.pickup.minecraft.bread":13,"stat.mineBlock.ic2.leaves":1,"stat.useItem.harvestcraft.turnipitem":8,"stat.mobKills":6,"stat.pickup.minecraft.saddle":1,"stat.mineBlock.minecraft.log":5,"stat.pickup.botania.flower":4,"stat.mineBlock.minecraft.oak_stairs":1,"stat.pickup.minecraft.spawn_egg":1,"stat.pickup.harvestcraft.mustardseedsitem":1,"stat.deaths":28,"stat.mineBlock.minecraft.planks":1,"stat.drop":10,"stat.mineBlock.minecraft.leaves":12,"stat.pickup.harvestcraft.flaxitem":2,"stat.playOneMinute":82233,"stat.pickup.harvestcraft.juteitem":3,"stat.useItem.minecraft.wooden_sword":95,"stat.killEntity.Sheep":3,"stat.pickup.minecraft.red_flower":1,"stat.pickup.techguns.t1_miner_helmet":1,"stat.useItem.harvestcraft.zucchiniitem":4,"stat.sneakTime":1395,"stat.pickup.harvestcraft.tealeafitem":2,"stat.craftItem.minecraft.iron_pickaxe":1,"stat.pickup.minecraft.wool":7,"stat.mineBlock.harvestcraft.soggygarden":3,"stat.mineBlock.minecraft.stone":36,"stat.mineBlock.minecraft.tallgrass":20,"stat.diveOneCm":11581,"stat.pickup.harvestcraft.garlicitem":3,"stat.pickup.minecraft.wheat":15}