{"stat.walkOneCm":30831,"stat.pickup.harvestcraft.tomatoitem":5,"stat.pickup.harvestcraft.beanitem":2,"stat.useItem.harvestcraft.rhubarbitem":1,"stat.useItem.harvestcraft.garlicitem":2,"stat.leaveGame":5,"stat.pickup.techguns.t1_miner_boots":1,"stat.furnaceInteraction":1,"stat.pickup.harvestcraft.cherryitem":2,"stat.mineBlock.minecraft.double_plant":2,"stat.mineBlock.ic2.rubber_wood":5,"stat.pickup.minecraft.log":1,"stat.pickup.harvestcraft.turnipitem":5,"stat.useItem.minecraft.mutton":2,"stat.swimOneCm":6632,"stat.jump":483,"stat.fallOneCm":12758,"stat.climbOneCm":1536,"stat.useItem.tombstone.gift":1,"stat.pickup.harvestcraft.spiceleafitem":2,"stat.pickup.minecraft.gunpowder":1,"stat.crouchOneCm":382,"stat.mineBlock.harvestcraft.shadedgarden":10,"stat.pickup.harvestcraft.zucchiniitem":3,"stat.useItem.harvestcraft.tomatoitem":4,"stat.sprintOneCm":72466,"stat.pickup.harvestcraft.walnutitem":2,"stat.useItem.minecraft.stone_slab2":1,"stat.craftItem.minecraft.stick":4,"stat.craftingTableInteraction":4,"stat.mineBlock.harvestcraft.pamwalnut":1,"stat.craftItem.minecraft.planks":4,"stat.entityKilledBy.Wolf":3,"stat.useItem.harvestcraft.walnutitem":2,"stat.damageTaken":990,"stat.pickup.harvestcraft.sweetpotatoitem":1,"stat.mineBlock.harvestcraft.pamcherry":1,"stat.mineBlock.ic2.leaves":1,"stat.useItem.harvestcraft.turnipitem":4,"stat.useItem.harvestcraft.radishitem":1,"stat.mobKills":2,"stat.craftItem.minecraft.wooden_sword":1,"stat.mineBlock.minecraft.log":1,"stat.pickup.ic2.rubber_wood":5,"stat.pickup.minecraft.reeds":6,"stat.flyOneCm":57550,"stat.pickup.harvestcraft.radishitem":2,"stat.deaths":3,"tombstone:undead_killed":1,"stat.mineBlock.minecraft.leaves":10,"stat.playOneMinute":22134,"stat.useItem.minecraft.wooden_sword":11,"stat.killEntity.Sheep":1,"stat.useItem.harvestcraft.zucchiniitem":1,"stat.pickup.harvestcraft.scallionitem":1,"stat.sneakTime":209,"stat.pickup.minecraft.wool":1,"stat.killEntity.techguns.ZombieFarmer":1,"stat.damageDealt":463,"stat.pickup.harvestcraft.leekitem":2,"stat.sleepInBed":1,"stat.timeSinceDeath":3291,"stat.useItem.harvestcraft.cherryitem":2,"stat.mineBlock.minecraft.tallgrass":1,"stat.pickup.minecraft.mutton":2,"stat.diveOneCm":3123,"stat.pickup.harvestcraft.garlicitem":2,"stat.pickup.harvestcraft.rhubarbitem":1}