{"stat.chestOpened":1,"stat.leaveGame":1,"stat.jump":302,"stat.swimOneCm":784,"stat.pickup.minecraft.coal":2,"stat.fallOneCm":5970,"stat.climbOneCm":4483,"stat.pickup.minecraft.iron_ingot":1,"stat.pickup.minecraft.gunpowder":1,"stat.crouchOneCm":1818,"stat.pickup.minecraft.dirt":1,"stat.craftingTableInteraction":1,"stat.mineBlock.minecraft.glass_pane":1,"stat.damageTaken":216,"stat.killEntity.techguns.ZombieMiner":5,"stat.flyOneCm":56510,"tombstone:undead_killed":5,"stat.pickup.minecraft.wheat_seeds":24,"stat.pickup.minecraft.cactus":2,"stat.damageDealt":962,"stat.timeSinceDeath":0,"stat.pickup.techguns.itemshared":2,"stat.walkOneCm":10962,"stat.furnaceInteraction":2,"stat.drop.minecraft.dirt":1,"stat.talkedToVillager":1,"stat.pickup.minecraft.log":3,"stat.entityKilledBy.techguns.PsychoSteve":1,"stat.pickup.tombstone.crafting_ingredient":1,"stat.sprintOneCm":45143,"stat.craftItem.minecraft.stick":4,"stat.craftItem.minecraft.wooden_axe":1,"stat.mineBlock.minecraft.cactus":1,"stat.craftItem.minecraft.planks":12,"stat.useItem.minecraft.wheat_seeds":1,"stat.pickup.techguns.t1_miner_leggings":1,"stat.useItem.minecraft.wheat":2,"stat.mobKills":5,"stat.pickup.minecraft.book":21,"stat.mineBlock.minecraft.log":3,"stat.mineBlock.minecraft.bookshelf":7,"stat.pickup.minecraft.spawn_egg":1,"stat.deaths":1,"stat.drop":1,"stat.playOneMinute":8724,"stat.pickup.techguns.t1_miner_helmet":1,"stat.sneakTime":503,"stat.useItem.minecraft.wooden_axe":26,"stat.diveOneCm":111,"stat.pickup.minecraft.wheat":7}