{"stats":{"minecraft:crafted":{"minecraft:bread":24,"minecraft:air":0,"minecraft:jungle_planks":20,"minecraft:glass":3,"minecraft:stick":4,"minecraft:iron_ingot":45,"minecraft:iron_pickaxe":1,"minecraft:iron_block":1,"minecraft:wheat":72},"minecraft:picked_up":{"minecraft:lilac":1,"minecraft:tripwire_hook":5,"minecraft:andesite":33,"minecraft:jungle_log":10,"minecraft:wooden_pickaxe":1,"dungeons_gear:reinforced_mail_helmet":1,"mysticalworld:lead_ore":1,"minecraft:lapis_lazuli":24,"minecraft:red_bed":2,"minecraft:string":1,"minecraft:sticky_piston":2,"minecraft:wheat_seeds":9,"minecraft:iron_ore":93,"minecraft:sugar_cane":25,"embellishcraft:basalt_cobblestone":20,"dungeons_gear:reinforced_mail_chestplate":1,"scalinghealth:heart_crystal_shard":3,"minecraft:torch":1,"minecraft:sand":3,"minecraft:jungle_planks":1,"dungeons_gear:dagger":1,"tombstone:grave_dust":1,"minecraft:diorite":58,"minecraft:redstone":19,"minecraft:mossy_cobblestone":9,"minecraft:zombie_spawn_egg":1,"minecraft:rotten_flesh":9,"immersiveengineering:seed":5,"minecraft:diamond":24,"mysticalworld:aubergine_seeds":5,"minecraft:hay_block":8,"minecraft:granite":114,"tombstone:essence_of_undeath":2,"minecraft:cobblestone":43},"minecraft:custom":{"minecraft:interact_with_furnace":20,"minecraft:mob_kills":7,"minecraft:interact_with_crafting_table":13,"minecraft:open_barrel":3,"minecraft:play_one_minute":42839,"minecraft:leave_game":3,"minecraft:time_since_death":32137,"minecraft:sleep_in_bed":1,"minecraft:climb_one_cm":11509,"minecraft:time_since_rest":1295,"minecraft:waystone_activated":1,"minecraft:sprint_one_cm":135038,"minecraft:damage_taken":736,"minecraft:walk_one_cm":100657,"minecraft:drop":24,"minecraft:damage_dealt":1613,"tombstone:cast_on_ally":0,"minecraft:fly_one_cm":177684,"minecraft:open_chest":42,"minecraft:crouch_one_cm":8027,"tombstone:undead_killed":7,"minecraft:deaths":1,"minecraft:sneak_time":2588,"minecraft:jump":769,"minecraft:walk_on_water_one_cm":768,"minecraft:fall_one_cm":14629,"minecraft:inspect_dispenser":2},"minecraft:killed_by":{"mekanismadditions:baby_skeleton":1},"minecraft:used":{"minecraft:wheat_seeds":3,"minecraft:stone_pickaxe":114,"minecraft:wooden_pickaxe":16,"minecraft:sugar_cane":25,"minecraft:torch":1,"minecraft:red_bed":2,"tombstone:scroll_of_aquatic_life":1,"minecraft:jungle_planks":2,"minecraft:carrot":4,"minecraft:granite":2,"minecraft:bread":6,"minecraft:iron_pickaxe":250,"minecraft:bamboo":3,"minecraft:lilac":1,"minecraft:stone_axe":12,"prefab:item_swift_blade_stone":47,"minecraft:cobblestone":3,"minecraft:andesite":3},"minecraft:broken":{"minecraft:iron_pickaxe":1},"minecraft:mined":{"minecraft:diamond_ore":24,"minecraft:glass_pane":2,"minecraft:red_bed":2,"minecraft:mossy_cobblestone":8,"minecraft:jungle_leaves":1,"minecraft:torch":1,"mysticalworld:lead_ore":1,"minecraft:granite":107,"minecraft:jungle_planks":1,"theabyss:lumus_grass":1,"minecraft:jungle_log":10,"minecraft:cobblestone":5,"minecraft:lapis_ore":4,"minecraft:sugar_cane":11,"minecraft:diorite":57,"theabyss:vealus_meramus":1,"minecraft:hay_block":8,"minecraft:redstone_ore":4,"minecraft:iron_ore":93,"minecraft:sticky_piston":1,"minecraft:lilac":1,"minecraft:andesite":31,"minecraft:grass":6,"embellishcraft:basalt":18,"minecraft:vine":1,"minecraft:sand":3,"minecraft:tripwire_hook":1,"minecraft:stone":20,"scalinghealth:heart_crystal_ore":3,"minecraft:tripwire":1},"minecraft:killed":{"minecraft:zombie":7},"minecraft:dropped":{"minecraft:wheat_seeds":1,"mysticalworld:aubergine_seeds":1,"minecraft:mossy_cobblestone":7,"minecraft:sticky_piston":2,"dungeons_gear:reinforced_mail_helmet":1,"minecraft:cobblestone":18,"minecraft:granite":26,"minecraft:andesite":7,"dungeons_gear:reinforced_mail_chestplate":1,"tombstone:essence_of_undeath":1,"minecraft:stone_pickaxe":1,"immersiveengineering:seed":2,"minecraft:tripwire_hook":5}},"DataVersion":2586}