{"stats":{"minecraft:broken":{"minecraft:stone_pickaxe":1},"minecraft:mined":{"minecraft:diamond_ore":19,"minecraft:stone_pressure_plate":1,"minecraft:obsidian":11,"minecraft:granite":9,"minecraft:acacia_log":87,"zombie_extreme:dead_body":1,"mysticalworld:silver_ore":1,"minecraft:sandstone":10,"minecraft:redstone_ore":1,"minecraft:carrots":9,"minecraft:iron_ore":87,"zombie_extreme:wooden_barricades":2,"zombie_extreme:ore_lead":2,"zombie_extreme:ore_steel":1,"minecraft:andesite":65,"embellishcraft:basalt":40,"minecraft:bookshelf":21,"immersiveengineering:ore_lead":2,"minecraft:stone":271,"minecraft:acacia_leaves":12,"mekanism:osmium_ore":3,"minecraft:glass_pane":2,"pamhc2crops:windygarden":1,"minecraft:orange_terracotta":1,"minecraft:torch":1,"minecraft:tall_grass":2,"minecraft:oak_planks":2,"minecraft:sugar_cane":6,"minecraft:diorite":10,"mekanism:uranium_ore":4,"minecraft:wheat":13,"minecraft:black_bed":2,"minecraft:coal_ore":5,"minecraft:grass":7,"minecraft:oak_log":1,"minecraft:beetroots":9,"minecraft:gravel":14,"minecraft:sand":8,"minecraft:cracked_stone_bricks":1,"minecraft:polished_andesite":1,"minecraft:stone_bricks":7,"minecraft:gold_ore":18,"minecraft:birch_fence":1},"minecraft:dropped":{"minecraft:wheat_seeds":34,"mysticalworld:aubergine_seeds":4,"minecraft:glass_bottle":1,"minecraft:poisonous_potato":2,"minecraft:feather":2,"minecraft:cobblestone":130,"minecraft:leather":1,"minecraft:cracked_stone_bricks":1,"minecraft:leather_helmet":1,"minecraft:diorite":10,"minecraft:mutton":1,"zombie_extreme:baseball_bat":2,"tombstone:grave_dust":1,"minecraft:sand":7,"minecraft:string":1,"minecraft:gravel":22,"minecraft:bowl":1,"minecraft:rotten_flesh":2,"minecraft:flint_and_steel":1,"minecraft:leather_chestplate":1,"minecraft:beetroot_seeds":24,"minecraft:leather_boots":1,"pamhc2crops:flaxitem":1,"minecraft:acacia_sapling":1,"minecraft:leather_leggings":1,"minecraft:stone_bricks":3,"immersiveengineering:seed":4},"minecraft:custom":{"minecraft:mob_kills":3,"minecraft:interact_with_crafting_table":17,"minecraft:open_barrel":49,"minecraft:leave_game":4,"minecraft:time_since_death":78149,"minecraft:climb_one_cm":22269,"minecraft:sprint_one_cm":219493,"minecraft:walk_one_cm":114769,"minecraft:drop":38,"minecraft:deaths":3,"minecraft:sneak_time":9917,"minecraft:walk_under_water_one_cm":4092,"minecraft:jump":1396,"minecraft:walk_on_water_one_cm":18768,"minecraft:interact_with_furnace":18,"minecraft:play_one_minute":86377,"minecraft:sleep_in_bed":2,"minecraft:time_since_rest":3550,"minecraft:damage_taken":1701,"minecraft:damage_dealt":274,"minecraft:swim_one_cm":2236,"minecraft:fly_one_cm":296334,"minecraft:open_chest":44,"minecraft:crouch_one_cm":22665,"minecraft:fall_one_cm":31728},"minecraft:killed_by":{"zombie_extreme:assasin_black_ops":2,"zombie_extreme:infected_military":1},"minecraft:picked_up":{"minecraft:wheat":13,"minecraft:string":4,"minecraft:flint_and_steel":1,"minecraft:birch_fence":1,"minecraft:beetroot":8,"minecraft:cracked_stone_bricks":2,"minecraft:sugar_cane":442,"minecraft:stick":2,"minecraft:sandstone":10,"minecraft:torch":1,"minecraft:acacia_log":86,"minecraft:diorite":20,"minecraft:carrot":44,"minecraft:redstone":4,"minecraft:stone_pressure_plate":1,"zombie_extreme:soda":1,"minecraft:rotten_flesh":1,"minecraft:beetroot_seeds":24,"mysticalworld:aubergine_seeds":4,"zombie_extreme:rotten_apple":2,"minecraft:mutton":4,"minecraft:obsidian":8,"minecraft:white_wool":3,"minecraft:cobblestone":237,"minecraft:andesite":62,"minecraft:black_bed":2,"minecraft:potato":8,"minecraft:flint":1,"minecraft:oak_log":1,"pamhc2crops:flaxitem":2,"zombie_extreme:raw_steel":1,"zombie_extreme:dead_body":1,"zombie_extreme:raw_lead":2,"minecraft:orange_terracotta":1,"minecraft:stone_bricks":3,"minecraft:wheat_seeds":37,"minecraft:iron_ore":87,"zombie_extreme:cloth":1,"tac:9mm_round":60,"mekanism:osmium_ore":3,"minecraft:acacia_sapling":5,"minecraft:book":64,"embellishcraft:basalt_cobblestone":40,"mysticalworld:silver_ore":1,"minecraft:poisonous_potato":2,"minecraft:gravel":23,"minecraft:sand":7,"minecraft:gold_ore":18,"minecraft:polished_andesite":1,"mekanism:uranium_ore":4,"immersiveengineering:seed":6,"minecraft:diamond":18,"tac:m92fs":1,"minecraft:granite":9,"immersiveengineering:ore_lead":2,"minecraft:coal":5},"minecraft:crafted":{"minecraft:oak_planks":4,"minecraft:furnace":4,"minecraft:dark_oak_planks":36,"minecraft:crafting_table":5,"minecraft:iron_helmet":1,"minecraft:clock":3,"prefab:block_compressed_stone":8,"minecraft:bread":9,"minecraft:air":0,"prefab:item_bundle_of_timber":9,"minecraft:iron_chestplate":1,"minecraft:diamond_pickaxe":1,"minecraft:shield":1,"minecraft:stick":4,"minecraft:iron_ingot":70,"minecraft:iron_pickaxe":1,"minecraft:iron_block":1,"minecraft:iron_leggings":1,"minecraft:gold_ingot":16,"prefab:item_start_house":2,"tac:workbench":1},"minecraft:killed":{"minecraft:sheep":3},"minecraft:used":{"minecraft:torch":2,"minecraft:carrot":11,"minecraft:acacia_sapling":4,"minecraft:dark_oak_planks":1,"embellishcraft:basalt_cobblestone":4,"minecraft:furnace":1,"tombstone:gift":2,"minecraft:potato":11,"minecraft:wheat_seeds":2,"zombie_extreme:fireaxe":5,"tac:workbench":1,"minecraft:water_bucket":4,"minecraft:polished_andesite":1,"minecraft:stone_pickaxe":132,"minecraft:sandstone":10,"minecraft:sugar_cane":1,"minecraft:crafting_table":2,"minecraft:diamond_pickaxe":216,"minecraft:iron_pickaxe":239,"minecraft:gravel":1,"minecraft:stone_axe":126,"minecraft:cobblestone":13,"minecraft:bucket":5}},"DataVersion":2586}