{"stats":{"minecraft:broken":{"minecraft:stone_pickaxe":1},"minecraft:mined":{"minecraft:diamond_ore":19,"minecraft:acacia_leaves":12,"minecraft:stone_pressure_plate":1,"mekanism:osmium_ore":3,"minecraft:glass_pane":2,"minecraft:orange_terracotta":1,"minecraft:obsidian":3,"minecraft:granite":9,"minecraft:acacia_log":73,"minecraft:torch":1,"zombie_extreme:dead_body":1,"minecraft:tall_grass":2,"mysticalworld:silver_ore":1,"minecraft:diorite":10,"minecraft:sugar_cane":6,"minecraft:oak_planks":2,"minecraft:sandstone":10,"mekanism:uranium_ore":4,"minecraft:redstone_ore":1,"minecraft:carrots":9,"zombie_extreme:ore_lead":2,"zombie_extreme:wooden_barricades":2,"minecraft:iron_ore":77,"minecraft:wheat":13,"zombie_extreme:ore_steel":1,"minecraft:andesite":3,"minecraft:grass":6,"embellishcraft:basalt":40,"minecraft:bookshelf":21,"minecraft:oak_log":1,"minecraft:coal_ore":5,"minecraft:beetroots":9,"minecraft:gravel":14,"minecraft:sand":8,"minecraft:cracked_stone_bricks":1,"minecraft:stone_bricks":7,"immersiveengineering:ore_lead":2,"minecraft:stone":255,"minecraft:polished_andesite":1,"minecraft:gold_ore":18,"minecraft:birch_fence":1},"minecraft:dropped":{"minecraft:gravel":22,"minecraft:wheat_seeds":34,"mysticalworld:aubergine_seeds":4,"minecraft:glass_bottle":1,"minecraft:bowl":1,"minecraft:poisonous_potato":2,"minecraft:cobblestone":130,"minecraft:feather":2,"minecraft:rotten_flesh":2,"minecraft:leather":1,"minecraft:cracked_stone_bricks":1,"minecraft:leather_helmet":1,"minecraft:flint_and_steel":1,"minecraft:leather_chestplate":1,"minecraft:diorite":10,"minecraft:beetroot_seeds":24,"zombie_extreme:baseball_bat":2,"minecraft:leather_boots":1,"minecraft:leather_leggings":1,"pamhc2crops:flaxitem":1,"tombstone:grave_dust":1,"minecraft:stone_bricks":3,"minecraft:sand":7,"minecraft:string":1,"immersiveengineering:seed":4},"minecraft:custom":{"minecraft:interact_with_furnace":13,"minecraft:interact_with_crafting_table":11,"minecraft:open_barrel":29,"minecraft:play_one_minute":74377,"minecraft:leave_game":4,"minecraft:time_since_death":66149,"minecraft:sleep_in_bed":1,"minecraft:climb_one_cm":16295,"minecraft:time_since_rest":48744,"minecraft:sprint_one_cm":196460,"minecraft:damage_taken":1671,"minecraft:walk_one_cm":97517,"minecraft:drop":36,"minecraft:damage_dealt":274,"minecraft:swim_one_cm":2236,"minecraft:fly_one_cm":280386,"minecraft:open_chest":44,"minecraft:crouch_one_cm":18654,"minecraft:deaths":3,"minecraft:sneak_time":7368,"minecraft:walk_under_water_one_cm":4001,"minecraft:jump":1272,"minecraft:walk_on_water_one_cm":18309,"minecraft:fall_one_cm":29342},"minecraft:killed_by":{"zombie_extreme:infected_military":1,"zombie_extreme:assasin_black_ops":2},"minecraft:picked_up":{"minecraft:wheat":13,"minecraft:potato":8,"minecraft:flint":1,"minecraft:oak_log":1,"pamhc2crops:flaxitem":2,"zombie_extreme:raw_steel":1,"minecraft:string":4,"zombie_extreme:raw_lead":2,"zombie_extreme:dead_body":1,"minecraft:flint_and_steel":1,"minecraft:orange_terracotta":1,"minecraft:birch_fence":1,"minecraft:beetroot":8,"minecraft:stone_bricks":3,"minecraft:cracked_stone_bricks":2,"minecraft:wheat_seeds":37,"minecraft:iron_ore":77,"zombie_extreme:cloth":1,"tac:9mm_round":60,"minecraft:sugar_cane":442,"mekanism:osmium_ore":3,"minecraft:acacia_sapling":3,"minecraft:book":64,"embellishcraft:basalt_cobblestone":40,"minecraft:stick":2,"minecraft:sandstone":10,"mysticalworld:silver_ore":1,"minecraft:torch":1,"minecraft:acacia_log":72,"minecraft:poisonous_potato":2,"minecraft:gravel":23,"minecraft:sand":7,"minecraft:diorite":20,"minecraft:gold_ore":18,"minecraft:carrot":44,"minecraft:redstone":4,"minecraft:stone_pressure_plate":1,"zombie_extreme:soda":1,"minecraft:polished_andesite":1,"mekanism:uranium_ore":4,"minecraft:rotten_flesh":1,"minecraft:diamond":18,"immersiveengineering:seed":6,"minecraft:beetroot_seeds":24,"tac:m92fs":1,"mysticalworld:aubergine_seeds":4,"minecraft:granite":9,"zombie_extreme:rotten_apple":2,"immersiveengineering:ore_lead":2,"minecraft:obsidian":3,"minecraft:coal":5,"minecraft:cobblestone":221},"minecraft:crafted":{"minecraft:oak_planks":4,"minecraft:crafting_table":2,"minecraft:iron_helmet":1,"minecraft:furnace":1,"minecraft:bread":9,"minecraft:air":0,"prefab:item_bundle_of_timber":7,"minecraft:diamond_pickaxe":1,"minecraft:iron_chestplate":1,"minecraft:shield":1,"minecraft:iron_leggings":1,"minecraft:stick":4,"minecraft:iron_pickaxe":1,"minecraft:iron_ingot":70,"minecraft:iron_block":1,"minecraft:dark_oak_planks":36,"tac:workbench":1},"minecraft:used":{"minecraft:wheat_seeds":2,"tac:workbench":1,"zombie_extreme:fireaxe":5,"minecraft:water_bucket":2,"minecraft:stone_pickaxe":132,"minecraft:polished_andesite":1,"minecraft:sandstone":10,"minecraft:sugar_cane":1,"minecraft:torch":2,"minecraft:crafting_table":2,"minecraft:carrot":11,"minecraft:acacia_sapling":3,"minecraft:dark_oak_planks":1,"minecraft:diamond_pickaxe":120,"minecraft:iron_pickaxe":239,"embellishcraft:basalt_cobblestone":4,"minecraft:gravel":1,"minecraft:stone_axe":110,"minecraft:cobblestone":13,"minecraft:furnace":1,"minecraft:bucket":2,"tombstone:gift":2,"minecraft:potato":11}},"DataVersion":2586}