{"stats":{"minecraft:crafted":{"minecraft:glass":3,"minecraft:jungle_stairs":4,"minecraft:wheat":72,"minecraft:crafting_table":1,"minecraft:jungle_slab":18,"minecraft:bread":24,"minecraft:air":0,"minecraft:jungle_planks":24,"minecraft:stick":8,"minecraft:iron_ingot":64,"minecraft:iron_pickaxe":3,"minecraft:iron_block":1,"tac:workbench":1},"minecraft:picked_up":{"minecraft:wooden_pickaxe":1,"dungeons_gear:reinforced_mail_helmet":1,"minecraft:music_disc_cat":1,"minecraft:string":1,"minecraft:red_bed":2,"minecraft:sticky_piston":2,"minecraft:blackstone":9,"minecraft:iron_pickaxe":1,"minecraft:sugar_cane":25,"minecraft:chest":1,"minecraft:spruce_pressure_plate":1,"minecraft:stick":4,"minecraft:torch":14,"theabyss:guide_book":1,"minecraft:golden_axe":1,"dungeons_gear:dagger":1,"tombstone:grave_dust":1,"minecraft:diorite":203,"minecraft:redstone":19,"minecraft:zombie_spawn_egg":1,"minecraft:rotten_flesh":12,"minecraft:weeping_vines":3,"minecraft:jungle_stairs":4,"mysticalworld:aubergine_seeds":5,"minecraft:hay_block":8,"tombstone:essence_of_undeath":2,"tconstruct:earth_slime_sapling":1,"minecraft:cobblestone":239,"minecraft:basalt":28,"minecraft:lilac":1,"minecraft:andesite":245,"minecraft:water_bucket":3,"minecraft:tripwire_hook":5,"minecraft:jungle_log":10,"mysticalworld:lead_ore":1,"mysticalworld:tin_ore":6,"minecraft:nether_wart_block":5,"faithfulbackrooms:aluminium_13_ore":1,"minecraft:lapis_lazuli":24,"minecraft:acacia_planks":1,"minecraft:wheat_seeds":9,"minecraft:iron_ingot":3,"minecraft:iron_ore":96,"mekanism:osmium_ore":8,"dungeons_gear:reinforced_mail_chestplate":1,"embellishcraft:basalt_cobblestone":27,"scalinghealth:heart_crystal_shard":3,"minecraft:quartz":17,"minecraft:jungle_planks":1,"minecraft:sand":3,"minecraft:mossy_cobblestone":40,"theabyss:crimson_crystal_ore":6,"minecraft:diamond":24,"immersiveengineering:seed":5,"minecraft:granite":137,"minecraft:netherrack":90,"minecraft:coal":5,"theabyss:warped_crystal_ore":3,"minecraft:crimson_roots":3},"minecraft:custom":{"minecraft:mob_kills":8,"minecraft:interact_with_crafting_table":22,"minecraft:open_barrel":3,"minecraft:leave_game":7,"minecraft:time_since_death":18501,"minecraft:climb_one_cm":11911,"minecraft:sprint_one_cm":231930,"minecraft:walk_one_cm":276884,"minecraft:drop":59,"minecraft:deaths":3,"minecraft:sneak_time":9614,"minecraft:walk_under_water_one_cm":7026,"tombstone:tomb_raiding":1,"minecraft:jump":1692,"minecraft:walk_on_water_one_cm":31606,"minecraft:interact_with_furnace":24,"minecraft:play_one_minute":143441,"minecraft:sleep_in_bed":1,"minecraft:time_since_rest":17956,"minecraft:waystone_activated":1,"minecraft:damage_taken":3404,"minecraft:damage_dealt":2973,"tombstone:cast_on_ally":0,"minecraft:swim_one_cm":3225,"minecraft:fly_one_cm":250896,"minecraft:player_kills":3,"minecraft:open_chest":81,"minecraft:crouch_one_cm":31600,"tombstone:undead_killed":8,"minecraft:fall_one_cm":54342,"minecraft:inspect_dispenser":2},"minecraft:killed_by":{"minecraft:spider":1,"minecraft:piglin":1,"mekanismadditions:baby_skeleton":1},"minecraft:used":{"minecraft:chest":1,"minecraft:netherrack":90,"minecraft:torch":17,"tombstone:scroll_of_aquatic_life":1,"minecraft:jungle_planks":2,"minecraft:carrot":4,"minecraft:granite":8,"embellishcraft:basalt_cobblestone":4,"minecraft:bamboo":3,"minecraft:basalt":2,"prefab:item_swift_blade_stone":82,"tombstone:gift":2,"minecraft:wheat_seeds":3,"tac:workbench":1,"minecraft:water_bucket":11,"minecraft:diorite":13,"minecraft:glass_bottle":10,"minecraft:stone_pickaxe":114,"minecraft:wooden_pickaxe":16,"minecraft:sugar_cane":25,"minecraft:mossy_cobblestone":5,"minecraft:crafting_table":1,"minecraft:red_bed":2,"minecraft:bread":18,"minecraft:iron_pickaxe":971,"minecraft:jungle_stairs":4,"minecraft:lilac":1,"minecraft:stone_axe":19,"minecraft:nether_wart_block":5,"minecraft:cobblestone":30,"minecraft:potion":10,"minecraft:andesite":55,"minecraft:bucket":8},"minecraft:broken":{"minecraft:iron_pickaxe":3},"minecraft:mined":{"minecraft:diamond_ore":24,"minecraft:stone_pressure_plate":1,"faithfulbackrooms:aluminium_13_ore":1,"minecraft:mossy_cobblestone":42,"minecraft:jungle_leaves":1,"mysticalworld:lead_ore":1,"minecraft:granite":124,"minecraft:jungle_planks":1,"theabyss:lumus_grass":1,"minecraft:crimson_roots":2,"minecraft:jungle_log":10,"theabyss:vealus_meramus":1,"minecraft:hay_block":8,"minecraft:weeping_vines_plant":1,"minecraft:redstone_ore":4,"minecraft:fire":2,"mysticalworld:tin_ore":6,"minecraft:iron_ore":96,"minecraft:sticky_piston":1,"minecraft:andesite":243,"embellishcraft:basalt":19,"minecraft:vine":1,"minecraft:spruce_pressure_plate":1,"minecraft:stone":131,"scalinghealth:heart_crystal_ore":3,"minecraft:tripwire":1,"mekanism:osmium_ore":4,"theabyss:warped_crystal_ore":4,"minecraft:glass_pane":2,"minecraft:red_bed":2,"minecraft:blackstone":9,"minecraft:crimson_nylium":1,"minecraft:basalt":28,"minecraft:torch":2,"minecraft:jungle_stairs":4,"embellishcraft:basalt_cobblestone":2,"minecraft:chest":1,"minecraft:nether_quartz_ore":17,"minecraft:cobblestone":71,"minecraft:lapis_ore":4,"minecraft:sugar_cane":11,"minecraft:diorite":162,"theabyss:crimson_crystal_ore":6,"minecraft:wall_torch":8,"minecraft:warped_nylium":1,"minecraft:nether_wart_block":4,"minecraft:lilac":1,"minecraft:grass":6,"minecraft:coal_ore":5,"minecraft:sand":3,"minecraft:acacia_planks":1,"minecraft:tripwire_hook":1,"minecraft:netherrack":87},"minecraft:killed":{"minecraft:piglin_brute":1,"minecraft:zombie":8},"minecraft:dropped":{"mysticalworld:antlers":1,"minecraft:wheat_seeds":1,"mysticalworld:aubergine_seeds":1,"minecraft:mossy_cobblestone":7,"minecraft:glass_bottle":1,"minecraft:weeping_vines":3,"dungeons_gear:reinforced_mail_helmet":1,"minecraft:cobblestone":50,"minecraft:granite":26,"minecraft:iron_horse_armor":1,"dungeons_gear:vine_whip":1,"minecraft:stick":2,"mca:book_romance":1,"tconstruct:materials_and_you":1,"minecraft:torch":2,"minecraft:crimson_roots":3,"tombstone:grave_dust":2,"dungeons_gear:reinforced_mail_chestplate":1,"prefab:item_start_house":1,"minecraft:iron_pickaxe":1,"minecraft:tripwire_hook":5,"minecraft:bucket":7,"minecraft:blackstone":9,"minecraft:sticky_piston":2,"minecraft:stone_shovel":1,"minecraft:rotten_flesh":11,"embellishcraft:basalt_cobblestone":1,"minecraft:jungle_stairs":1,"minecraft:andesite":8,"tconstruct:earth_slime_sapling":1,"tombstone:essence_of_undeath":1,"minecraft:stone_pickaxe":1,"immersiveengineering:seed":2,"mca:book_rose_gold":1,"theabyss:guide_book":1}},"DataVersion":2586}