{"stats":{"minecraft:crafted":{"minecraft:bread":24,"minecraft:wheat":72},"minecraft:picked_up":{"minecraft:lilac":1,"minecraft:tripwire_hook":5,"minecraft:andesite":1,"minecraft:wooden_pickaxe":1,"minecraft:diorite":6,"minecraft:mossy_cobblestone":7,"minecraft:string":1,"minecraft:red_bed":2,"minecraft:sticky_piston":2,"immersiveengineering:seed":5,"minecraft:wheat_seeds":9,"mysticalworld:aubergine_seeds":5,"minecraft:hay_block":8,"minecraft:granite":7,"minecraft:iron_ore":13,"minecraft:sugar_cane":25,"minecraft:cobblestone":10},"minecraft:custom":{"minecraft:time_since_rest":6625,"minecraft:interact_with_furnace":3,"minecraft:sprint_one_cm":122292,"minecraft:damage_taken":482,"minecraft:walk_one_cm":46515,"minecraft:drop":14,"minecraft:damage_dealt":100,"tombstone:cast_on_ally":0,"minecraft:interact_with_crafting_table":1,"minecraft:fly_one_cm":165307,"minecraft:open_barrel":3,"minecraft:open_chest":16,"minecraft:play_one_minute":21531,"minecraft:crouch_one_cm":1214,"minecraft:deaths":1,"minecraft:sneak_time":298,"minecraft:jump":591,"minecraft:leave_game":1,"minecraft:time_since_death":10829,"minecraft:walk_on_water_one_cm":768,"minecraft:sleep_in_bed":1,"minecraft:climb_one_cm":47,"minecraft:fall_one_cm":12684,"minecraft:inspect_dispenser":2},"minecraft:killed_by":{"mekanismadditions:baby_skeleton":1},"minecraft:used":{"minecraft:wheat_seeds":3,"minecraft:bread":4,"minecraft:stone_pickaxe":31,"minecraft:wooden_pickaxe":14,"minecraft:sugar_cane":25,"minecraft:lilac":1,"minecraft:bamboo":3,"minecraft:red_bed":2,"tombstone:scroll_of_aquatic_life":1,"minecraft:carrot":4},"minecraft:mined":{"minecraft:hay_block":8,"minecraft:glass_pane":2,"minecraft:red_bed":2,"minecraft:mossy_cobblestone":6,"minecraft:iron_ore":13,"minecraft:sticky_piston":1,"minecraft:lilac":1,"minecraft:andesite":1,"minecraft:granite":7,"minecraft:grass":6,"minecraft:vine":1,"theabyss:lumus_grass":1,"minecraft:cobblestone":3,"minecraft:tripwire_hook":1,"minecraft:stone":4,"minecraft:sugar_cane":11,"minecraft:diorite":6,"minecraft:tripwire":1,"theabyss:vealus_meramus":1},"minecraft:dropped":{"mysticalworld:aubergine_seeds":1,"minecraft:wheat_seeds":1,"minecraft:mossy_cobblestone":7,"minecraft:sticky_piston":2,"minecraft:cobblestone":3,"immersiveengineering:seed":2,"minecraft:tripwire_hook":5}},"DataVersion":2586}