{"stats":{"minecraft:broken":{"minecraft:stone_pickaxe":1},"minecraft:mined":{"minecraft:diamond_ore":4,"minecraft:stone_pressure_plate":1,"mekanism:osmium_ore":3,"minecraft:glass_pane":2,"minecraft:orange_terracotta":1,"minecraft:torch":1,"zombie_extreme:dead_body":1,"minecraft:oak_planks":2,"minecraft:sandstone":10,"minecraft:redstone_ore":1,"minecraft:carrots":9,"zombie_extreme:ore_lead":2,"zombie_extreme:wooden_barricades":2,"minecraft:iron_ore":26,"minecraft:wheat":13,"minecraft:grass":4,"embellishcraft:basalt":32,"minecraft:bookshelf":21,"minecraft:oak_log":1,"minecraft:coal_ore":3,"minecraft:beetroots":9,"minecraft:gravel":9,"minecraft:sand":8,"immersiveengineering:ore_lead":2,"minecraft:stone":122,"minecraft:polished_andesite":1,"minecraft:gold_ore":6,"minecraft:birch_fence":1},"minecraft:dropped":{"minecraft:wheat_seeds":34,"mysticalworld:aubergine_seeds":3,"minecraft:glass_bottle":1,"minecraft:bowl":1,"minecraft:poisonous_potato":2,"minecraft:feather":2,"minecraft:rotten_flesh":2,"minecraft:leather":1,"minecraft:beetroot_seeds":24,"zombie_extreme:baseball_bat":2,"pamhc2crops:flaxitem":1,"tombstone:grave_dust":1,"minecraft:sand":7,"minecraft:string":1,"immersiveengineering:seed":4},"minecraft:custom":{"minecraft:interact_with_furnace":4,"minecraft:interact_with_crafting_table":4,"minecraft:open_barrel":15,"minecraft:play_one_minute":50377,"minecraft:leave_game":4,"minecraft:time_since_death":42149,"minecraft:sleep_in_bed":1,"minecraft:climb_one_cm":10263,"minecraft:time_since_rest":24744,"minecraft:sprint_one_cm":155304,"minecraft:damage_taken":1641,"minecraft:walk_one_cm":69168,"minecraft:drop":22,"minecraft:damage_dealt":274,"minecraft:swim_one_cm":636,"minecraft:fly_one_cm":245478,"minecraft:open_chest":40,"minecraft:crouch_one_cm":7679,"minecraft:deaths":3,"minecraft:sneak_time":3121,"minecraft:walk_under_water_one_cm":122,"minecraft:jump":1043,"minecraft:walk_on_water_one_cm":3755,"minecraft:fall_one_cm":24724},"minecraft:killed_by":{"zombie_extreme:infected_military":1,"zombie_extreme:assasin_black_ops":2},"minecraft:picked_up":{"minecraft:wheat":13,"minecraft:potato":8,"minecraft:oak_log":1,"pamhc2crops:flaxitem":2,"minecraft:string":4,"zombie_extreme:raw_lead":2,"zombie_extreme:dead_body":1,"minecraft:orange_terracotta":1,"minecraft:birch_fence":1,"minecraft:beetroot":8,"minecraft:wheat_seeds":37,"minecraft:iron_ore":26,"zombie_extreme:cloth":1,"mekanism:osmium_ore":3,"minecraft:book":64,"embellishcraft:basalt_cobblestone":32,"minecraft:sandstone":10,"minecraft:torch":1,"minecraft:poisonous_potato":2,"minecraft:gravel":7,"minecraft:sand":7,"minecraft:gold_ore":6,"minecraft:carrot":44,"minecraft:redstone":4,"minecraft:stone_pressure_plate":1,"zombie_extreme:soda":1,"minecraft:polished_andesite":1,"minecraft:rotten_flesh":1,"minecraft:diamond":3,"immersiveengineering:seed":6,"minecraft:beetroot_seeds":24,"mysticalworld:aubergine_seeds":3,"zombie_extreme:rotten_apple":2,"immersiveengineering:ore_lead":2,"minecraft:coal":3,"minecraft:cobblestone":122},"minecraft:crafted":{"minecraft:oak_planks":4,"minecraft:crafting_table":2,"minecraft:furnace":1,"minecraft:bread":9,"minecraft:air":0,"minecraft:shield":1,"minecraft:stick":4,"minecraft:iron_pickaxe":1,"minecraft:iron_ingot":3,"minecraft:dark_oak_planks":36},"minecraft:used":{"minecraft:wheat_seeds":2,"zombie_extreme:fireaxe":5,"minecraft:stone_pickaxe":132,"minecraft:polished_andesite":1,"minecraft:sandstone":10,"minecraft:torch":2,"minecraft:crafting_table":2,"minecraft:carrot":11,"minecraft:dark_oak_planks":1,"minecraft:iron_pickaxe":94,"minecraft:gravel":1,"minecraft:stone_axe":21,"minecraft:cobblestone":12,"minecraft:furnace":1,"minecraft:bucket":1,"tombstone:gift":2,"minecraft:potato":11}},"DataVersion":2586}