{"stats":{"minecraft:custom":{"minecraft:open_barrel":2,"minecraft:time_since_rest":741,"minecraft:open_chest":2,"minecraft:waystone_activated":1,"minecraft:play_one_minute":6721,"minecraft:sprint_one_cm":38745,"minecraft:damage_taken":50,"minecraft:walk_one_cm":13648,"minecraft:sneak_time":1,"minecraft:walk_under_water_one_cm":758,"minecraft:jump":179,"minecraft:damage_dealt":10,"minecraft:time_since_death":6721,"minecraft:walk_on_water_one_cm":2689,"minecraft:sleep_in_bed":1,"minecraft:interact_with_crafting_table":1,"minecraft:swim_one_cm":4212,"minecraft:fall_one_cm":5525,"minecraft:fly_one_cm":38577},"minecraft:crafted":{"minecraft:spruce_planks":8,"theabyss:ruma_planks":4},"minecraft:mined":{"minecraft:glass_pane":2,"minecraft:dirt":1,"theabyss:ruma_log":3,"minecraft:oak_leaves":8,"minecraft:blue_bed":1,"theabyss:vealus_meramus":2},"minecraft:used":{"minecraft:oak_sapling":1},"minecraft:picked_up":{"minecraft:stick":1,"theabyss:ruma_log":3,"minecraft:oak_sapling":1,"minecraft:dirt":1,"minecraft:blue_bed":1}},"DataVersion":2586}