{"stats":{"minecraft:crafted":{"minecraft:crafting_table":1,"minecraft:jungle_slab":18,"minecraft:bread":24,"minecraft:air":0,"minecraft:jungle_planks":24,"minecraft:glass":3,"minecraft:stick":8,"minecraft:iron_ingot":64,"minecraft:iron_pickaxe":3,"minecraft:iron_block":1,"minecraft:jungle_stairs":4,"tac:workbench":1,"minecraft:wheat":72},"minecraft:picked_up":{"minecraft:lilac":1,"minecraft:water_bucket":2,"minecraft:tripwire_hook":5,"minecraft:andesite":197,"minecraft:jungle_log":10,"minecraft:wooden_pickaxe":1,"mysticalworld:lead_ore":1,"dungeons_gear:reinforced_mail_helmet":1,"mysticalworld:tin_ore":4,"minecraft:music_disc_cat":1,"minecraft:lapis_lazuli":24,"minecraft:red_bed":2,"minecraft:string":1,"minecraft:sticky_piston":2,"minecraft:wheat_seeds":9,"minecraft:iron_ingot":3,"minecraft:iron_ore":93,"mekanism:osmium_ore":8,"minecraft:sugar_cane":25,"minecraft:chest":1,"embellishcraft:basalt_cobblestone":23,"dungeons_gear:reinforced_mail_chestplate":1,"minecraft:spruce_pressure_plate":1,"minecraft:stick":4,"scalinghealth:heart_crystal_shard":3,"minecraft:torch":3,"minecraft:sand":3,"minecraft:jungle_planks":1,"dungeons_gear:dagger":1,"tombstone:grave_dust":1,"minecraft:diorite":144,"minecraft:redstone":19,"minecraft:mossy_cobblestone":36,"minecraft:zombie_spawn_egg":1,"minecraft:rotten_flesh":10,"immersiveengineering:seed":5,"minecraft:diamond":24,"minecraft:jungle_stairs":4,"mysticalworld:aubergine_seeds":5,"minecraft:hay_block":8,"minecraft:granite":129,"tombstone:essence_of_undeath":2,"tconstruct:earth_slime_sapling":1,"minecraft:coal":5,"minecraft:cobblestone":178},"minecraft:custom":{"minecraft:interact_with_furnace":24,"minecraft:mob_kills":7,"minecraft:interact_with_crafting_table":21,"minecraft:open_barrel":3,"minecraft:play_one_minute":67505,"minecraft:leave_game":4,"minecraft:time_since_death":56803,"minecraft:sleep_in_bed":1,"minecraft:climb_one_cm":11689,"minecraft:time_since_rest":25961,"minecraft:waystone_activated":1,"minecraft:sprint_one_cm":162800,"minecraft:damage_taken":751,"minecraft:walk_one_cm":165584,"minecraft:drop":31,"minecraft:damage_dealt":2046,"tombstone:cast_on_ally":0,"minecraft:fly_one_cm":188966,"minecraft:open_chest":68,"minecraft:crouch_one_cm":20602,"tombstone:undead_killed":7,"minecraft:deaths":1,"minecraft:sneak_time":5948,"minecraft:walk_under_water_one_cm":212,"minecraft:jump":1005,"minecraft:walk_on_water_one_cm":2518,"minecraft:fall_one_cm":16696,"minecraft:inspect_dispenser":2},"minecraft:killed_by":{"mekanismadditions:baby_skeleton":1},"minecraft:used":{"minecraft:wheat_seeds":3,"tac:workbench":1,"minecraft:water_bucket":3,"minecraft:stone_pickaxe":114,"minecraft:chest":1,"minecraft:wooden_pickaxe":16,"minecraft:sugar_cane":25,"minecraft:torch":7,"minecraft:mossy_cobblestone":1,"minecraft:crafting_table":1,"minecraft:red_bed":2,"tombstone:scroll_of_aquatic_life":1,"minecraft:jungle_planks":2,"minecraft:carrot":4,"minecraft:granite":2,"minecraft:bread":9,"minecraft:iron_pickaxe":682,"minecraft:jungle_stairs":4,"minecraft:bamboo":3,"minecraft:lilac":1,"minecraft:stone_axe":18,"prefab:item_swift_blade_stone":56,"minecraft:cobblestone":22,"minecraft:bucket":2,"minecraft:andesite":3},"minecraft:broken":{"minecraft:iron_pickaxe":2},"minecraft:mined":{"minecraft:diamond_ore":24,"minecraft:stone_pressure_plate":1,"mekanism:osmium_ore":4,"minecraft:glass_pane":2,"minecraft:red_bed":2,"minecraft:mossy_cobblestone":38,"minecraft:jungle_leaves":1,"minecraft:torch":1,"mysticalworld:lead_ore":1,"minecraft:granite":115,"minecraft:jungle_stairs":4,"minecraft:jungle_planks":1,"minecraft:chest":1,"theabyss:lumus_grass":1,"minecraft:jungle_log":10,"minecraft:cobblestone":57,"minecraft:lapis_ore":4,"minecraft:sugar_cane":11,"minecraft:diorite":136,"minecraft:wall_torch":2,"theabyss:vealus_meramus":1,"minecraft:hay_block":8,"minecraft:redstone_ore":4,"mysticalworld:tin_ore":4,"minecraft:iron_ore":93,"minecraft:sticky_piston":1,"minecraft:lilac":1,"minecraft:andesite":193,"minecraft:grass":6,"embellishcraft:basalt":19,"minecraft:coal_ore":5,"minecraft:vine":1,"minecraft:spruce_pressure_plate":1,"minecraft:sand":3,"minecraft:tripwire_hook":1,"minecraft:stone":104,"scalinghealth:heart_crystal_ore":3,"minecraft:tripwire":1},"minecraft:killed":{"minecraft:zombie":7},"minecraft:dropped":{"mysticalworld:antlers":1,"minecraft:wheat_seeds":1,"mysticalworld:aubergine_seeds":1,"minecraft:mossy_cobblestone":7,"minecraft:sticky_piston":2,"dungeons_gear:reinforced_mail_helmet":1,"minecraft:cobblestone":18,"minecraft:rotten_flesh":11,"embellishcraft:basalt_cobblestone":1,"minecraft:granite":26,"minecraft:iron_horse_armor":1,"minecraft:andesite":7,"dungeons_gear:reinforced_mail_chestplate":1,"tombstone:essence_of_undeath":1,"minecraft:stone_pickaxe":1,"immersiveengineering:seed":2,"minecraft:tripwire_hook":5,"minecraft:bucket":3}},"DataVersion":2586}