{"stats":{"minecraft:crafted":{"minecraft:oak_planks":4,"minecraft:glass":3,"minecraft:jungle_stairs":4,"minecraft:wheat":72,"minecraft:crafting_table":1,"minecraft:jungle_slab":18,"minecraft:bread":24,"minecraft:air":0,"minecraft:jungle_planks":24,"minecraft:stick":16,"minecraft:iron_ingot":83,"minecraft:iron_pickaxe":3,"minecraft:iron_block":1,"minecraft:gold_ingot":12,"tac:workbench":1},"minecraft:picked_up":{"pamhc2crops:elderberryitem":1,"tconstruct:sky_slime_spawn_egg":3,"tac:scar_l":1,"minecraft:wooden_pickaxe":1,"dungeons_gear:reinforced_mail_helmet":1,"minecraft:music_disc_cat":1,"minecraft:string":1,"minecraft:red_bed":2,"minecraft:sticky_piston":2,"minecraft:blackstone":9,"minecraft:cobblestone_slab":2,"mekanism:copper_ore":2,"minecraft:iron_pickaxe":1,"minecraft:sugar_cane":350,"minecraft:chest":1,"minecraft:spruce_pressure_plate":1,"minecraft:stick":4,"minecraft:torch":20,"theabyss:guide_book":1,"minecraft:golden_axe":1,"dungeons_gear:dagger":1,"tombstone:grave_dust":2,"minecraft:diorite":228,"minecraft:redstone":23,"minecraft:zombie_spawn_egg":1,"tconstruct:sky_slime_ball":12,"minecraft:weeping_vines":3,"minecraft:rotten_flesh":17,"minecraft:jungle_stairs":4,"mysticalworld:aubergine_seeds":5,"minecraft:hay_block":8,"pamhc2crops:artichokeitem":2,"tombstone:essence_of_undeath":2,"tconstruct:earth_slime_sapling":1,"minecraft:mutton":3,"minecraft:white_wool":2,"minecraft:cobblestone":239,"minecraft:basalt":28,"minecraft:lilac":1,"minecraft:andesite":267,"minecraft:water_bucket":3,"minecraft:tripwire_hook":5,"minecraft:jungle_log":10,"mysticalworld:lead_ore":1,"mysticalworld:tin_ore":8,"minecraft:oak_log":1,"scalinghealth:bandages":2,"minecraft:nether_wart_block":5,"faithfulbackrooms:aluminium_13_ore":1,"minecraft:gunpowder":17,"minecraft:cobblestone_stairs":2,"scalinghealth:heart_crystal":3,"minecraft:dirt":13,"minecraft:lapis_lazuli":24,"minecraft:bone":8,"minecraft:acacia_planks":1,"minecraft:wheat_seeds":9,"minecraft:creeper_spawn_egg":4,"tac:nato_556_bullet":450,"minecraft:iron_ingot":3,"minecraft:iron_ore":115,"minecraft:bamboo":135,"mekanism:osmium_ore":8,"embellishcraft:basalt_cobblestone":37,"dungeons_gear:reinforced_mail_chestplate":1,"scalinghealth:heart_crystal_shard":16,"minecraft:quartz":17,"minecraft:jungle_planks":1,"minecraft:sand":20,"minecraft:gold_ore":13,"minecraft:mossy_cobblestone":40,"theabyss:crimson_crystal_ore":6,"mekanism:uranium_ore":1,"immersiveengineering:seed":7,"minecraft:diamond":24,"minecraft:granite":168,"minecraft:bread":49,"minecraft:netherrack":90,"theabyss:warped_crystal_ore":3,"minecraft:coal":8,"minecraft:crimson_roots":3},"minecraft:used":{"minecraft:chest":1,"minecraft:stone_hoe":2,"minecraft:netherrack":90,"minecraft:torch":23,"minecraft:dirt":27,"scalinghealth:heart_crystal":7,"tombstone:scroll_of_aquatic_life":1,"minecraft:jungle_planks":2,"minecraft:carrot":4,"minecraft:granite":8,"embellishcraft:basalt_cobblestone":4,"minecraft:bamboo":59,"minecraft:basalt":2,"prefab:item_swift_blade_stone":128,"tombstone:gift":2,"minecraft:wheat_seeds":3,"minecraft:cobblestone_stairs":1,"tac:workbench":1,"minecraft:diorite":29,"minecraft:water_bucket":11,"mysticalworld:tin_ore":4,"minecraft:glass_bottle":21,"minecraft:stone_pickaxe":114,"minecraft:wooden_pickaxe":16,"minecraft:sugar_cane":141,"minecraft:mossy_cobblestone":5,"minecraft:sand":14,"minecraft:crafting_table":1,"minecraft:red_bed":2,"minecraft:bread":22,"minecraft:iron_pickaxe":1068,"minecraft:jungle_stairs":4,"minecraft:lilac":1,"minecraft:stone_axe":59,"minecraft:nether_wart_block":5,"minecraft:cobblestone":30,"minecraft:potion":24,"minecraft:andesite":59,"minecraft:bucket":8},"minecraft:custom":{"minecraft:mob_kills":122,"minecraft:inspect_hopper":4,"minecraft:interact_with_crafting_table":23,"minecraft:open_barrel":3,"minecraft:leave_game":10,"minecraft:time_since_death":63377,"minecraft:climb_one_cm":17717,"minecraft:sprint_one_cm":324272,"minecraft:walk_one_cm":406402,"minecraft:drop":91,"minecraft:deaths":3,"minecraft:sneak_time":12700,"minecraft:walk_under_water_one_cm":106525,"tombstone:tomb_raiding":1,"minecraft:jump":2135,"minecraft:walk_on_water_one_cm":44115,"minecraft:interact_with_furnace":29,"minecraft:play_one_minute":188317,"minecraft:sleep_in_bed":1,"minecraft:time_since_rest":62832,"minecraft:waystone_activated":1,"minecraft:damage_taken":4183,"minecraft:damage_dealt":4458,"tombstone:cast_on_ally":0,"minecraft:swim_one_cm":3346,"minecraft:player_kills":3,"minecraft:fly_one_cm":316755,"minecraft:open_chest":140,"minecraft:crouch_one_cm":40225,"tombstone:undead_killed":11,"minecraft:fall_one_cm":59058,"minecraft:inspect_dispenser":2},"minecraft:killed":{"tconstruct:sky_slime":23,"mekanismadditions:baby_skeleton":1,"minecraft:piglin_brute":1,"minecraft:creeper":83,"minecraft:sheep":4,"minecraft:zombie":10},"minecraft:mined":{"minecraft:diamond_ore":24,"minecraft:stone_pressure_plate":1,"faithfulbackrooms:aluminium_13_ore":1,"minecraft:mossy_cobblestone":42,"minecraft:cobblestone_stairs":1,"minecraft:jungle_leaves":1,"mysticalworld:lead_ore":1,"minecraft:granite":140,"minecraft:jungle_planks":1,"theabyss:lumus_grass":1,"minecraft:crimson_roots":2,"minecraft:jungle_log":10,"theabyss:vealus_meramus":1,"minecraft:hay_block":8,"minecraft:weeping_vines_plant":1,"minecraft:redstone_ore":4,"mekanism:copper_ore":2,"mysticalworld:tin_ore":9,"minecraft:iron_ore":115,"minecraft:sticky_piston":1,"minecraft:fire":2,"minecraft:andesite":259,"embellishcraft:basalt":29,"minecraft:vine":1,"minecraft:spruce_pressure_plate":1,"minecraft:bamboo":7,"minecraft:stone":135,"scalinghealth:heart_crystal_ore":3,"minecraft:tripwire":1,"mekanism:osmium_ore":4,"theabyss:warped_crystal_ore":4,"minecraft:glass_pane":2,"minecraft:red_bed":2,"minecraft:blackstone":9,"minecraft:crimson_nylium":1,"minecraft:basalt":28,"minecraft:dandelion":1,"minecraft:torch":3,"minecraft:jungle_stairs":4,"embellishcraft:basalt_cobblestone":2,"minecraft:chest":1,"minecraft:nether_quartz_ore":17,"minecraft:tall_grass":2,"minecraft:cobblestone":71,"minecraft:lapis_ore":4,"minecraft:sugar_cane":203,"minecraft:diorite":172,"theabyss:crimson_crystal_ore":6,"minecraft:wall_torch":9,"minecraft:warped_nylium":1,"minecraft:nether_wart_block":4,"minecraft:lilac":1,"minecraft:grass":7,"minecraft:oak_log":1,"minecraft:coal_ore":8,"minecraft:sand":3,"minecraft:dirt":1,"minecraft:acacia_planks":1,"minecraft:tripwire_hook":1,"minecraft:netherrack":87,"minecraft:gold_ore":13},"minecraft:dropped":{"minecraft:bread":64,"mysticalworld:antlers":1,"minecraft:wheat_seeds":1,"mysticalworld:aubergine_seeds":1,"minecraft:mossy_cobblestone":7,"minecraft:glass_bottle":1,"minecraft:weeping_vines":3,"dungeons_gear:reinforced_mail_helmet":1,"minecraft:cobblestone":50,"pamhc2crops:elderberryitem":1,"minecraft:granite":41,"minecraft:iron_horse_armor":1,"dungeons_gear:vine_whip":1,"minecraft:stick":10,"minecraft:cobblestone_stairs":1,"minecraft:dirt":1,"mca:book_romance":1,"minecraft:diorite":8,"tconstruct:materials_and_you":1,"minecraft:torch":2,"minecraft:mutton":3,"minecraft:crimson_roots":3,"tombstone:grave_dust":2,"pamhc2crops:artichokeitem":2,"dungeons_gear:reinforced_mail_chestplate":1,"prefab:item_start_house":1,"minecraft:iron_pickaxe":1,"minecraft:white_wool":2,"minecraft:tripwire_hook":5,"minecraft:bucket":7,"minecraft:bone":7,"minecraft:blackstone":9,"minecraft:sticky_piston":2,"minecraft:stone_shovel":1,"minecraft:rotten_flesh":18,"embellishcraft:basalt_cobblestone":1,"minecraft:cobblestone_slab":2,"minecraft:jungle_stairs":1,"minecraft:andesite":16,"tconstruct:earth_slime_sapling":1,"tombstone:essence_of_undeath":1,"minecraft:stone_pickaxe":1,"immersiveengineering:seed":2,"mca:book_rose_gold":1,"theabyss:guide_book":1},"minecraft:broken":{"prefab:item_swift_blade_stone":1,"minecraft:leather_helmet":1,"minecraft:leather_boots":1,"minecraft:iron_pickaxe":3},"minecraft:killed_by":{"minecraft:spider":1,"minecraft:piglin":1,"mekanismadditions:baby_skeleton":1}},"DataVersion":2586}