{"stats":{"minecraft:crafted":{"minecraft:oak_planks":4,"minecraft:crafting_table":1,"minecraft:dark_oak_planks":36,"minecraft:bread":9},"minecraft:killed_by":{"zombie_extreme:assasin_black_ops":2,"zombie_extreme:infected_military":1},"minecraft:dropped":{"minecraft:wheat_seeds":34,"mysticalworld:aubergine_seeds":3,"minecraft:glass_bottle":1,"minecraft:bowl":1,"minecraft:beetroot_seeds":24,"zombie_extreme:baseball_bat":2,"minecraft:poisonous_potato":2,"pamhc2crops:flaxitem":1,"tombstone:grave_dust":1,"minecraft:rotten_flesh":1,"minecraft:leather":1,"immersiveengineering:seed":3},"minecraft:used":{"minecraft:dark_oak_planks":1,"zombie_extreme:fireaxe":5,"minecraft:stone_pickaxe":7,"minecraft:torch":1,"minecraft:crafting_table":1,"tombstone:gift":2},"minecraft:picked_up":{"minecraft:book":7,"minecraft:sandstone":6,"minecraft:wheat":13,"minecraft:poisonous_potato":2,"minecraft:potato":8,"minecraft:oak_log":1,"pamhc2crops:flaxitem":2,"minecraft:carrot":44,"minecraft:stone_pressure_plate":1,"zombie_extreme:dead_body":1,"zombie_extreme:soda":1,"minecraft:rotten_flesh":1,"minecraft:birch_fence":1,"minecraft:beetroot":8,"immersiveengineering:seed":5,"minecraft:beetroot_seeds":24,"minecraft:wheat_seeds":37,"mysticalworld:aubergine_seeds":3,"zombie_extreme:rotten_apple":2,"zombie_extreme:cloth":1},"minecraft:mined":{"minecraft:stone_pressure_plate":1,"minecraft:carrots":9,"zombie_extreme:wooden_barricades":2,"minecraft:wheat":13,"minecraft:grass":4,"minecraft:bookshelf":2,"minecraft:oak_log":1,"minecraft:beetroots":9,"zombie_extreme:dead_body":1,"minecraft:oak_planks":2,"minecraft:sandstone":6,"minecraft:birch_fence":1},"minecraft:custom":{"minecraft:time_since_rest":1088,"minecraft:sprint_one_cm":110932,"minecraft:damage_taken":1370,"minecraft:walk_one_cm":40641,"minecraft:drop":17,"minecraft:damage_dealt":274,"minecraft:interact_with_crafting_table":1,"minecraft:fly_one_cm":184871,"minecraft:open_barrel":11,"minecraft:open_chest":25,"minecraft:play_one_minute":26721,"minecraft:crouch_one_cm":2438,"minecraft:deaths":3,"minecraft:sneak_time":882,"minecraft:jump":702,"minecraft:leave_game":3,"minecraft:time_since_death":18493,"minecraft:walk_on_water_one_cm":1606,"minecraft:sleep_in_bed":1,"minecraft:climb_one_cm":6801,"minecraft:fall_one_cm":19563}},"DataVersion":2586}