{"stats":{"minecraft:crafted":{"minecraft:iron_sword":1,"minecraft:glass_bottle":3,"minecraft:glass":15,"minecraft:stick":4,"biomesoplenty:mahogany_planks":4,"minecraft:iron_ingot":9,"minecraft:bread":6},"minecraft:picked_up":{"biomesoplenty:mahogany_log":6,"minecraft:sand":16,"minecraft:iron_ore":4},"minecraft:used":{"minecraft:wheat_seeds":3,"minecraft:stone_axe":6,"minecraft:sand":1,"minecraft:potion":4,"minecraft:glass_bottle":7,"minecraft:bread":3,"minecraft:stone_pickaxe":4,"minecraft:carrot":3,"minecraft:potato":3},"minecraft:custom":{"minecraft:time_since_rest":4632,"minecraft:open_chest":17,"minecraft:play_one_minute":14032,"minecraft:interact_with_furnace":5,"minecraft:sprint_one_cm":42177,"minecraft:damage_taken":175,"minecraft:walk_one_cm":9946,"minecraft:sneak_time":362,"minecraft:walk_under_water_one_cm":113,"minecraft:jump":178,"minecraft:damage_dealt":20,"minecraft:time_since_death":14032,"minecraft:walk_on_water_one_cm":1600,"minecraft:sleep_in_bed":1,"minecraft:climb_one_cm":7458,"minecraft:swim_one_cm":391,"minecraft:interact_with_crafting_table":3,"minecraft:fall_one_cm":3346,"minecraft:fly_one_cm":46827},"minecraft:mined":{"minecraft:sand":16,"biomesoplenty:mahogany_log":6,"minecraft:iron_ore":4}},"DataVersion":2586}