{
  "minecraft:recipes/redstone/lever": {
    "criteria": {
      "has_cobblestone": "2024-07-27 01:49:43 +0000"
    },
    "done": true
  },
  "minecraft:recipes/building_blocks/cobblestone_stairs_from_cobblestone_stonecutting": {
    "criteria": {
      "has_cobblestone": "2024-07-27 01:49:43 +0000"
    },
    "done": true
  },
  "embellishcraft:recipes/embellishcraft_group/green_oak_fancy_bed": {
    "criteria": {
      "has_oak_planks": "2024-07-27 01:47:44 +0000"
    },
    "done": true
  },
  "mysticalworld:root": {
    "criteria": {
      "auto": "2024-07-27 01:38:37 +0000"
    },
    "done": true
  },
  "morevillagers:first_village": {
    "criteria": {
      "village": "2024-07-27 01:39:12 +0000"
    },
    "done": true
  },
  "cfm:recipes/cfm/birch_kitchen_sink_light": {
    "criteria": {
      "has_bottom": "2024-07-27 01:49:21 +0000"
    },
    "done": true
  },
  "tconstruct:tools/materials_and_you": {
    "criteria": {
      "crafted_book": "2024-07-27 01:38:37 +0000"
    },
    "done": true
  },
  "securitycraft:recipes/securitycraft/reinforced_andesite_with_vanilla_diorite": {
    "criteria": {
      "has_cobblestone": "2024-07-27 01:49:43 +0000"
    },
    "done": true
  },
  "mca:recipes/misc/needle_and_thread": {
    "criteria": {
      "has_item": "2024-07-27 01:38:37 +0000"
    },
    "done": true
  },
  "securitycraft:recipes/securitycraft/reinforced_spruce_fence": {
    "criteria": {
      "has_stick": "2024-07-27 01:49:34 +0000"
    },
    "done": true
  },
  "cfm:recipes/cfm/birch_upgraded_gate": {
    "criteria": {
      "has_log": "2024-07-27 01:48:59 +0000"
    },
    "done": true
  },
  "cfm:recipes/cfm/stone_desk_cabinet": {
    "criteria": {
      "has_planks": "2024-07-27 01:49:43 +0000"
    },
    "done": true
  },
  "minecraft:recipes/redstone/birch_pressure_plate": {
    "criteria": {
      "has_planks": "2024-07-27 01:49:21 +0000"
    },
    "done": true
  },
  "minecraft:recipes/decorations/crafting_table": {
    "criteria": {
      "has_planks": "2024-07-27 01:47:44 +0000"
    },
    "done": true
  },
  "minecraft:recipes/decorations/campfire": {
    "criteria": {
      "has_stick": "2024-07-27 01:49:34 +0000"
    },
    "done": true
  },
  "cfm:recipes/cfm/birch_desk": {
    "criteria": {
      "has_log": "2024-07-27 01:48:59 +0000"
    },
    "done": true
  },
  "minecraft:recipes/decorations/ladder": {
    "criteria": {
      "has_stick": "2024-07-27 01:49:34 +0000"
    },
    "done": true
  },
  "cfm:recipes/cfm/stone_coffee_table": {
    "criteria": {
      "has_planks": "2024-07-27 01:49:43 +0000"
    },
    "done": true
  },
  "minecraft:recipes/decorations/chest": {
    "criteria": {
      "has_lots_of_items": "2024-07-27 01:47:57 +0000"
    },
    "done": true
  },
  "cfm:recipes/cfm/stripped_birch_bedside_cabinet": {
    "criteria": {
      "has_planks": "2024-07-27 01:48:59 +0000"
    },
    "done": true
  },
  "minecraft:recipes/tools/wooden_shovel": {
    "criteria": {
      "has_stick": "2024-07-27 01:49:34 +0000"
    },
    "done": true
  },
  "immersiveengineering:recipes/decorations/crafting/torch": {
    "criteria": {
      "has_stick": "2024-07-27 01:49:34 +0000"
    },
    "done": true
  },
  "minecraft:recipes/decorations/torch": {
    "criteria": {
      "has_stone_pickaxe": "2024-07-27 01:50:44 +0000"
    },
    "done": true
  },
  "cfm:recipes/cfm/stripped_oak_chair": {
    "criteria": {
      "has_planks": "2024-07-27 01:47:38 +0000"
    },
    "done": true
  },
  "mca:recipes/misc/rose_gold_ingot": {
    "criteria": {
      "has_item": "2024-07-27 01:38:37 +0000"
    },
    "done": true
  },
  "cfm:recipes/cfm/oak_crate": {
    "criteria": {
      "has_log": "2024-07-27 01:47:38 +0000"
    },
    "done": true
  },
  "minecraft:recipes/misc/stick": {
    "criteria": {
      "has_planks": "2024-07-27 01:47:44 +0000"
    },
    "done": true
  },
  "cfm:recipes/cfm/stripped_birch_kitchen_counter": {
    "criteria": {
      "has_log": "2024-07-27 01:48:59 +0000"
    },
    "done": true
  },
  "tombstone:adventure/cancel_ghostly_shape": {
    "criteria": {
      "coded_trigger": "2024-07-27 01:45:50 +0000"
    },
    "done": true
  },
  "morevillagers:all_villages": {
    "criteria": {
      "plains_village": "2024-07-27 01:44:58 +0000"
    },
    "done": false
  },
  "securitycraft:recipes/securitycraft/reinforced_oak_fence": {
    "criteria": {
      "has_stick": "2024-07-27 01:49:34 +0000"
    },
    "done": true
  },
  "embellishcraft:recipes/embellishcraft_group/black_birch_fancy_bed": {
    "criteria": {
      "has_birch_planks": "2024-07-27 01:49:21 +0000"
    },
    "done": true
  },
  "cfm:recipes/cfm/stripped_oak_table": {
    "criteria": {
      "has_planks": "2024-07-27 01:47:38 +0000"
    },
    "done": true
  },
  "create:recipes/create.palettes/oak_window": {
    "criteria": {
      "has_ingredient": "2024-07-27 01:47:44 +0000"
    },
    "done": true
  },
  "embellishcraft:recipes/embellishcraft_group/lime_birch_fancy_bed": {
    "criteria": {
      "has_birch_planks": "2024-07-27 01:49:21 +0000"
    },
    "done": true
  },
  "embellishcraft:recipes/embellishcraft_group/oak_large_suspended_stairs": {
    "criteria": {
      "has_oak_planks": "2024-07-27 01:47:44 +0000"
    },
    "done": true
  },
  "embellishcraft:recipes/embellishcraft_group/magenta_birch_fancy_bed": {
    "criteria": {
      "has_birch_planks": "2024-07-27 01:49:21 +0000"
    },
    "done": true
  },
  "tombstone:adventure/chain_death": {
    "criteria": {
      "coded_trigger": "2024-07-27 01:46:19 +0000"
    },
    "done": true
  },
  "cfm:recipes/cfm/oak_kitchen_counter": {
    "criteria": {
      "has_log": "2024-07-27 01:47:38 +0000"
    },
    "done": true
  },
  "securitycraft:recipes/securitycraft/reinforced_andesite_with_vanilla_cobblestone": {
    "criteria": {
      "has_cobblestone": "2024-07-27 01:49:43 +0000"
    },
    "done": true
  },
  "securitycraft:recipes/securitycraft/reinforced_dark_oak_fence_gate": {
    "criteria": {
      "has_stick": "2024-07-27 01:49:34 +0000"
    },
    "done": true
  },
  "cfm:recipes/cfm/stripped_oak_kitchen_drawer": {
    "criteria": {
      "has_log": "2024-07-27 01:47:38 +0000"
    },
    "done": true
  },
  "tombstone:recipes/from_grave_key": {
    "criteria": {
      "has_ingredient": "2024-07-27 01:45:00 +0000"
    },
    "done": true
  },
  "minecraft:recipes/tools/wooden_hoe": {
    "criteria": {
      "has_stick": "2024-07-27 01:49:34 +0000"
    },
    "done": true
  },
  "cfm:recipes/cfm/oak_blinds": {
    "criteria": {
      "has_log": "2024-07-27 01:47:38 +0000"
    },
    "done": true
  },
  "embellishcraft:recipes/embellishcraft_group/oak_plain_door": {
    "criteria": {
      "has_oak_log": "2024-07-27 01:47:38 +0000"
    },
    "done": true
  },
  "cfm:recipes/cfm/stone_desk": {
    "criteria": {
      "has_planks": "2024-07-27 01:49:43 +0000"
    },
    "done": true
  },
  "cfm:recipes/cfm/birch_park_bench": {
    "criteria": {
      "has_log": "2024-07-27 01:48:59 +0000"
    },
    "done": true
  },
  "minecraft:recipes/building_blocks/cobblestone_slab": {
    "criteria": {
      "has_cobblestone": "2024-07-27 01:49:43 +0000"
    },
    "done": true
  },
  "embellishcraft:recipes/embellishcraft_group/gray_oak_fancy_bed": {
    "criteria": {
      "has_oak_planks": "2024-07-27 01:47:44 +0000"
    },
    "done": true
  },
  "minecraft:recipes/food/cooked_cod": {
    "criteria": {
      "has_cod": "2024-07-27 01:48:20 +0000"
    },
    "done": true
  },
  "mca:recipes/misc/rose_gold_ingot_blasting": {
    "criteria": {
      "has_item": "2024-07-27 01:38:37 +0000"
    },
    "done": true
  },
  "minecraft:recipes/mysticalworld/wood_knife_from_planks": {
    "criteria": {
      "has_planks": "2024-07-27 01:47:44 +0000"
    },
    "done": true
  },
  "cfm:recipes/cfm/oak_bedside_cabinet": {
    "criteria": {
      "has_log": "2024-07-27 01:47:38 +0000"
    },
    "done": true
  },
  "minecraft:recipes/building_blocks/cobblestone_stairs": {
    "criteria": {
      "has_cobblestone": "2024-07-27 01:49:43 +0000"
    },
    "done": true
  },
  "cfm:recipes/cfm/birch_crate": {
    "criteria": {
      "has_log": "2024-07-27 01:48:59 +0000"
    },
    "done": true
  },
  "cfm:recipes/cfm/oak_kitchen_sink_dark": {
    "criteria": {
      "has_bottom": "2024-07-27 01:47:44 +0000"
    },
    "done": true
  },
  "minecraft:recipes/building_blocks/birch_slab": {
    "criteria": {
      "has_planks": "2024-07-27 01:49:21 +0000"
    },
    "done": true
  },
  "cfm:recipes/cfm/stripped_birch_chair": {
    "criteria": {
      "has_planks": "2024-07-27 01:48:59 +0000"
    },
    "done": true
  },
  "golemania:golemania/root": {
    "criteria": {
      "crafting_table": "2024-07-27 01:49:24 +0000"
    },
    "done": true
  },
  "tombstone:adventure/first_grave": {
    "criteria": {
      "coded_trigger": "2024-07-27 01:44:58 +0000"
    },
    "done": true
  },
  "securitycraft:recipes/securitycraft/reinforced_spruce_fence_gate": {
    "criteria": {
      "has_stick": "2024-07-27 01:49:34 +0000"
    },
    "done": true
  },
  "embellishcraft:recipes/embellishcraft_group/blue_birch_fancy_bed": {
    "criteria": {
      "has_birch_planks": "2024-07-27 01:49:21 +0000"
    },
    "done": true
  },
  "cfm:recipes/cfm/stripped_birch_table": {
    "criteria": {
      "has_planks": "2024-07-27 01:48:59 +0000"
    },
    "done": true
  },
  "minecraft:recipes/redstone/oak_fence_gate": {
    "criteria": {
      "has_planks": "2024-07-27 01:47:44 +0000"
    },
    "done": true
  },
  "embellishcraft:recipes/embellishcraft_group/orange_birch_fancy_bed": {
    "criteria": {
      "has_birch_planks": "2024-07-27 01:49:21 +0000"
    },
    "done": true
  },
  "embellishcraft:recipes/embellishcraft_group/gray_birch_fancy_bed": {
    "criteria": {
      "has_birch_planks": "2024-07-27 01:49:21 +0000"
    },
    "done": true
  },
  "cfm:recipes/cfm/birch_blinds": {
    "criteria": {
      "has_log": "2024-07-27 01:48:59 +0000"
    },
    "done": true
  },
  "securitycraft:recipes/securitycraft/reinforced_crimson_fence_gate": {
    "criteria": {
      "has_stick": "2024-07-27 01:49:34 +0000"
    },
    "done": true
  },
  "minecraft:recipes/misc/red_dye_from_rose_bush": {
    "criteria": {
      "has_double_plant": "2024-07-27 01:45:03 +0000"
    },
    "done": true
  },
  "embellishcraft:recipes/embellishcraft_group/red_oak_fancy_bed": {
    "criteria": {
      "has_oak_planks": "2024-07-27 01:47:44 +0000"
    },
    "done": true
  },
  "securitycraft:recipes/securitycraft/reinforced_birch_fence_gate": {
    "criteria": {
      "has_stick": "2024-07-27 01:49:34 +0000"
    },
    "done": true
  },
  "embellishcraft:recipes/embellishcraft_group/damaged_paving": {
    "criteria": {
      "has_cobblestone": "2024-07-27 01:49:43 +0000"
    },
    "done": true
  },
  "minecraft:story/mine_stone": {
    "criteria": {
      "get_stone": "2024-07-27 01:49:43 +0000"
    },
    "done": true
  },
  "minecraft:recipes/decorations/furnace": {
    "criteria": {
      "has_cobblestone": "2024-07-27 01:49:43 +0000"
    },
    "done": true
  },
  "securitycraft:recipes/securitycraft/reinforced_acacia_fence_gate": {
    "criteria": {
      "has_stick": "2024-07-27 01:49:34 +0000"
    },
    "done": true
  },
  "embellishcraft:recipes/embellishcraft_group/cyan_birch_fancy_bed": {
    "criteria": {
      "has_birch_planks": "2024-07-27 01:49:21 +0000"
    },
    "done": true
  },
  "embellishcraft:recipes/embellishcraft_group/birch_fancy_table": {
    "criteria": {
      "has_birch_planks": "2024-07-27 01:49:21 +0000"
    },
    "done": true
  },
  "morevillagers:root": {
    "criteria": {
      "always": "2024-07-27 01:38:37 +0000"
    },
    "done": true
  },
  "minecraft:recipes/brewing/cauldron": {
    "criteria": {
      "has_water_bucket": "2024-07-27 01:48:17 +0000"
    },
    "done": true
  },
  "securitycraft:recipes/securitycraft/reinforced_jungle_fence": {
    "criteria": {
      "has_stick": "2024-07-27 01:49:34 +0000"
    },
    "done": true
  },
  "minecraft:recipes/misc/charcoal": {
    "criteria": {
      "has_log": "2024-07-27 01:47:38 +0000"
    },
    "done": true
  },
  "minecraft:recipes/tools/wooden_pickaxe": {
    "criteria": {
      "has_the_recipe": "2024-07-27 01:49:34 +0000"
    },
    "done": true
  },
  "minecraft:recipes/building_blocks/cobblestone_slab_from_cobblestone_stonecutting": {
    "criteria": {
      "has_cobblestone": "2024-07-27 01:49:43 +0000"
    },
    "done": true
  },
  "minecraft:recipes/building_blocks/oak_stairs": {
    "criteria": {
      "has_planks": "2024-07-27 01:47:44 +0000"
    },
    "done": true
  },
  "securitycraft:recipes/securitycraft/sonic_security_system": {
    "criteria": {
      "has_stick": "2024-07-27 01:49:34 +0000"
    },
    "done": true
  },
  "cfm:recipes/cfm/oak_kitchen_drawer": {
    "criteria": {
      "has_log": "2024-07-27 01:47:38 +0000"
    },
    "done": true
  },
  "cfm:recipes/cfm/stripped_oak_coffee_table": {
    "criteria": {
      "has_planks": "2024-07-27 01:47:38 +0000"
    },
    "done": true
  },
  "embellishcraft:recipes/embellishcraft_group/blue_oak_fancy_bed": {
    "criteria": {
      "has_oak_planks": "2024-07-27 01:47:44 +0000"
    },
    "done": true
  },
  "cfm:recipes/cfm/stripped_oak_cabinet": {
    "criteria": {
      "has_log": "2024-07-27 01:47:38 +0000"
    },
    "done": true
  },
  "mysticalworld:recipes/mysticalworld/stone_spear": {
    "criteria": {
      "has_stone_sword": "2024-07-27 01:50:44 +0000"
    },
    "done": true
  },
  "minecraft:recipes/decorations/birch_sign": {
    "criteria": {
      "has_birch_planks": "2024-07-27 01:49:21 +0000"
    },
    "done": true
  },
  "embellishcraft:recipes/embellishcraft_group/magenta_oak_fancy_bed": {
    "criteria": {
      "has_oak_planks": "2024-07-27 01:47:44 +0000"
    },
    "done": true
  },
  "minecraft:recipes/building_blocks/ice_from_freezing": {
    "criteria": {
      "has_water": "2024-07-27 01:48:17 +0000"
    },
    "done": true
  },
  "minecraft:adventure/root": {
    "criteria": {
      "killed_by_something": "2024-07-27 01:44:58 +0000"
    },
    "done": true
  },
  "embellishcraft:recipes/embellishcraft_group/light_gray_oak_fancy_bed": {
    "criteria": {
      "has_oak_planks": "2024-07-27 01:47:44 +0000"
    },
    "done": true
  },
  "minecraft:recipes/tools/stone_hoe": {
    "criteria": {
      "has_cobblestone": "2024-07-27 01:49:43 +0000"
    },
    "done": true
  },
  "cfm:recipes/cfm/stripped_oak_desk_cabinet": {
    "criteria": {
      "has_planks": "2024-07-27 01:47:38 +0000"
    },
    "done": true
  },
  "cfm:recipes/cfm/oak_upgraded_gate": {
    "criteria": {
      "has_log": "2024-07-27 01:47:38 +0000"
    },
    "done": true
  },
  "embellishcraft:recipes/embellishcraft_group/light_gray_birch_fancy_bed": {
    "criteria": {
      "has_birch_planks": "2024-07-27 01:49:21 +0000"
    },
    "done": true
  },
  "minecraft:recipes/building_blocks/birch_wood": {
    "criteria": {
      "has_log": "2024-07-27 01:48:59 +0000"
    },
    "done": true
  },
  "create:recipes/create.palettes/birch_window": {
    "criteria": {
      "has_ingredient": "2024-07-27 01:49:21 +0000"
    },
    "done": true
  },
  "cfm:recipes/cfm/stripped_birch_desk": {
    "criteria": {
      "has_planks": "2024-07-27 01:48:59 +0000"
    },
    "done": true
  },
  "mca:recipes/misc/family_tree": {
    "criteria": {
      "has_item": "2024-07-27 01:38:37 +0000"
    },
    "done": true
  },
  "mca:root": {
    "criteria": {
      "village_taiga": "2024-07-27 01:38:37 +0000",
      "village_savanna": "2024-07-27 01:38:37 +0000",
      "village_snowy": "2024-07-27 01:38:37 +0000",
      "village_desert": "2024-07-27 01:38:37 +0000",
      "village_plains": "2024-07-27 01:38:37 +0000"
    },
    "done": true
  },
  "embellishcraft:recipes/embellishcraft_group/light_blue_birch_fancy_bed": {
    "criteria": {
      "has_birch_planks": "2024-07-27 01:49:21 +0000"
    },
    "done": true
  },
  "minecraft:recipes/redstone/birch_door": {
    "criteria": {
      "has_planks": "2024-07-27 01:49:21 +0000"
    },
    "done": true
  },
  "create:root": {
    "criteria": {
      "0": "2024-07-27 01:38:37 +0000"
    },
    "done": true
  },
  "tombstone:adventure/first_knowledge": {
    "criteria": {
      "coded_trigger": "2024-07-27 01:45:50 +0000"
    },
    "done": true
  },
  "securitycraft:recipes/securitycraft/reinforced_warped_fence_gate": {
    "criteria": {
      "has_stick": "2024-07-27 01:49:34 +0000"
    },
    "done": true
  },
  "minecraft:story/upgrade_tools": {
    "criteria": {
      "stone_pickaxe": "2024-07-27 01:50:44 +0000"
    },
    "done": true
  },
  "minecraft:recipes/decorations/oak_fence": {
    "criteria": {
      "has_planks": "2024-07-27 01:47:44 +0000"
    },
    "done": true
  },
  "minecraft:recipes/food/cooked_cod_from_campfire_cooking": {
    "criteria": {
      "has_cod": "2024-07-27 01:48:20 +0000"
    },
    "done": true
  },
  "minecraft:recipes/decorations/birch_fence": {
    "criteria": {
      "has_planks": "2024-07-27 01:49:21 +0000"
    },
    "done": true
  },
  "embellishcraft:recipes/embellishcraft_group/purple_birch_fancy_bed": {
    "criteria": {
      "has_birch_planks": "2024-07-27 01:49:21 +0000"
    },
    "done": true
  },
  "embellishcraft:recipes/embellishcraft_group/pink_oak_fancy_bed": {
    "criteria": {
      "has_oak_planks": "2024-07-27 01:47:44 +0000"
    },
    "done": true
  },
  "minecraft:recipes/building_blocks/oak_slab": {
    "criteria": {
      "has_planks": "2024-07-27 01:47:44 +0000"
    },
    "done": true
  },
  "cfm:recipes/cfm/oak_park_bench": {
    "criteria": {
      "has_log": "2024-07-27 01:47:38 +0000"
    },
    "done": true
  },
  "embellishcraft:recipes/embellishcraft_group/oak_fancy_table": {
    "criteria": {
      "has_oak_planks": "2024-07-27 01:47:44 +0000"
    },
    "done": true
  },
  "mca:recipes/building_blocks/headstones": {
    "criteria": {
      "has_ingredients": "2024-07-27 01:38:37 +0000"
    },
    "done": true
  },
  "securitycraft:recipes/securitycraft/reinforced_crimson_fence": {
    "criteria": {
      "has_stick": "2024-07-27 01:49:34 +0000"
    },
    "done": true
  },
  "cfm:recipes/cfm/stripped_oak_park_bench": {
    "criteria": {
      "has_log": "2024-07-27 01:47:38 +0000"
    },
    "done": true
  },
  "embellishcraft:recipes/embellishcraft_group/orange_oak_fancy_bed": {
    "criteria": {
      "has_oak_planks": "2024-07-27 01:47:44 +0000"
    },
    "done": true
  },
  "embellishcraft:recipes/embellishcraft_group/oak_wooden_crate": {
    "criteria": {
      "has_oak_planks": "2024-07-27 01:47:44 +0000"
    },
    "done": true
  },
  "minecraft:recipes/tools/wooden_axe": {
    "criteria": {
      "has_stick": "2024-07-27 01:49:34 +0000"
    },
    "done": true
  },
  "cfm:recipes/cfm/birch_table": {
    "criteria": {
      "has_log": "2024-07-27 01:48:59 +0000"
    },
    "done": true
  },
  "immersiveengineering:recipes/immersiveengineering/crafting/radiator": {
    "criteria": {
      "has_water_bucket": "2024-07-27 01:48:17 +0000"
    },
    "done": true
  },
  "cfm:recipes/cfm/stripped_birch_cabinet": {
    "criteria": {
      "has_log": "2024-07-27 01:48:59 +0000"
    },
    "done": true
  },
  "cfm:recipes/cfm/stripped_birch_desk_cabinet": {
    "criteria": {
      "has_planks": "2024-07-27 01:48:59 +0000"
    },
    "done": true
  },
  "embellishcraft:recipes/embellishcraft_group/light_blue_oak_fancy_bed": {
    "criteria": {
      "has_oak_planks": "2024-07-27 01:47:44 +0000"
    },
    "done": true
  },
  "cfm:recipes/cfm/birch_upgraded_fence": {
    "criteria": {
      "has_log": "2024-07-27 01:48:59 +0000"
    },
    "done": true
  },
  "cfm:recipes/cfm/stripped_birch_kitchen_drawer": {
    "criteria": {
      "has_log": "2024-07-27 01:48:59 +0000"
    },
    "done": true
  },
  "cfm:recipes/cfm/stripped_oak_crate": {
    "criteria": {
      "has_planks": "2024-07-27 01:47:38 +0000"
    },
    "done": true
  },
  "embellishcraft:recipes/embellishcraft_group/cyan_oak_fancy_bed": {
    "criteria": {
      "has_oak_planks": "2024-07-27 01:47:44 +0000"
    },
    "done": true
  },
  "minecraft:recipes/redstone/birch_button": {
    "criteria": {
      "has_planks": "2024-07-27 01:49:21 +0000"
    },
    "done": true
  },
  "mca:recipes/misc/rose_gold_ingot_smelting": {
    "criteria": {
      "has_item": "2024-07-27 01:38:37 +0000"
    },
    "done": true
  },
  "mca:recipes/misc/books": {
    "criteria": {
      "has_item": "2024-07-27 01:38:37 +0000"
    },
    "done": true
  },
  "cfm:recipes/cfm/oak_chair": {
    "criteria": {
      "has_log": "2024-07-27 01:47:38 +0000"
    },
    "done": true
  },
  "embellishcraft:recipes/embellishcraft_group/black_oak_fancy_bed": {
    "criteria": {
      "has_oak_planks": "2024-07-27 01:47:44 +0000"
    },
    "done": true
  },
  "securitycraft:recipes/securitycraft/sc_manual": {
    "criteria": {
      "has_wood": "2024-07-27 01:47:38 +0000"
    },
    "done": true
  },
  "cfm:recipes/cfm/birch_bedside_cabinet": {
    "criteria": {
      "has_log": "2024-07-27 01:48:59 +0000"
    },
    "done": true
  },
  "cfm:recipes/cfm/birch_kitchen_counter": {
    "criteria": {
      "has_log": "2024-07-27 01:48:59 +0000"
    },
    "done": true
  },
  "securitycraft:recipes/securitycraft/reinforced_birch_fence": {
    "criteria": {
      "has_stick": "2024-07-27 01:49:34 +0000"
    },
    "done": true
  },
  "cfm:recipes/cfm/stripped_oak_bedside_cabinet": {
    "criteria": {
      "has_planks": "2024-07-27 01:47:38 +0000"
    },
    "done": true
  },
  "minecraft:recipes/combat/wooden_sword": {
    "criteria": {
      "has_stick": "2024-07-27 01:49:34 +0000"
    },
    "done": true
  },
  "minecraft:recipes/tools/stone_shovel": {
    "criteria": {
      "has_cobblestone": "2024-07-27 01:49:43 +0000"
    },
    "done": true
  },
  "minecraft:recipes/building_blocks/oak_planks": {
    "criteria": {
      "has_logs": "2024-07-27 01:47:38 +0000"
    },
    "done": true
  },
  "securitycraft:recipes/securitycraft/reinforced_jungle_fence_gate": {
    "criteria": {
      "has_stick": "2024-07-27 01:49:34 +0000"
    },
    "done": true
  },
  "tombstone:adventure/root": {
    "criteria": {
      "auto": "2024-07-27 01:38:37 +0000"
    },
    "done": true
  },
  "embellishcraft:recipes/embellishcraft_group/pink_birch_fancy_bed": {
    "criteria": {
      "has_birch_planks": "2024-07-27 01:49:21 +0000"
    },
    "done": true
  },
  "securitycraft:recipes/securitycraft/reinforced_andesite": {
    "criteria": {
      "has_cobblestone": "2024-07-27 01:49:43 +0000"
    },
    "done": true
  },
  "cfm:recipes/cfm/stripped_oak_kitchen_counter": {
    "criteria": {
      "has_log": "2024-07-27 01:47:38 +0000"
    },
    "done": true
  },
  "cfm:recipes/cfm/birch_coffee_table": {
    "criteria": {
      "has_log": "2024-07-27 01:48:59 +0000"
    },
    "done": true
  },
  "embellishcraft:recipes/embellishcraft_group/yellow_oak_fancy_bed": {
    "criteria": {
      "has_oak_planks": "2024-07-27 01:47:44 +0000"
    },
    "done": true
  },
  "cfm:recipes/cfm/oak_table": {
    "criteria": {
      "has_log": "2024-07-27 01:47:38 +0000"
    },
    "done": true
  },
  "cfm:recipes/cfm/birch_desk_cabinet": {
    "criteria": {
      "has_log": "2024-07-27 01:48:59 +0000"
    },
    "done": true
  },
  "mca:recipes/misc/comb": {
    "criteria": {
      "has_item": "2024-07-27 01:38:37 +0000"
    },
    "done": true
  },
  "securitycraft:recipes/securitycraft/reinforced_acacia_fence": {
    "criteria": {
      "has_stick": "2024-07-27 01:49:34 +0000"
    },
    "done": true
  },
  "minecraft:recipes/redstone/oak_pressure_plate": {
    "criteria": {
      "has_planks": "2024-07-27 01:47:44 +0000"
    },
    "done": true
  },
  "cfm:recipes/cfm/birch_chair": {
    "criteria": {
      "has_log": "2024-07-27 01:48:59 +0000"
    },
    "done": true
  },
  "minecraft:recipes/building_blocks/birch_planks": {
    "criteria": {
      "has_logs": "2024-07-27 01:48:59 +0000"
    },
    "done": true
  },
  "cfm:recipes/cfm/oak_desk": {
    "criteria": {
      "has_log": "2024-07-27 01:47:38 +0000"
    },
    "done": true
  },
  "securitycraft:recipes/securitycraft/laser_block": {
    "criteria": {
      "has_stone": "2024-07-27 01:49:43 +0000"
    },
    "done": true
  },
  "embellishcraft:recipes/embellishcraft_group/brown_birch_fancy_bed": {
    "criteria": {
      "has_birch_planks": "2024-07-27 01:49:21 +0000"
    },
    "done": true
  },
  "cfm:recipes/cfm/stripped_birch_crate": {
    "criteria": {
      "has_planks": "2024-07-27 01:48:59 +0000"
    },
    "done": true
  },
  "cfm:recipes/cfm/stripped_birch_coffee_table": {
    "criteria": {
      "has_planks": "2024-07-27 01:48:59 +0000"
    },
    "done": true
  },
  "minecraft:recipes/building_blocks/oak_wood": {
    "criteria": {
      "has_log": "2024-07-27 01:47:38 +0000"
    },
    "done": true
  },
  "minecraft:recipes/redstone/birch_fence_gate": {
    "criteria": {
      "has_planks": "2024-07-27 01:49:21 +0000"
    },
    "done": true
  },
  "minecraft:story/root": {
    "criteria": {
      "crafting_table": "2024-07-27 01:49:23 +0000"
    },
    "done": true
  },
  "mca:recipes/misc/whistle": {
    "criteria": {
      "has_item": "2024-07-27 01:38:37 +0000"
    },
    "done": true
  },
  "embellishcraft:recipes/embellishcraft_group/purple_oak_fancy_bed": {
    "criteria": {
      "has_oak_planks": "2024-07-27 01:47:44 +0000"
    },
    "done": true
  },
  "minecraft:recipes/decorations/oak_sign": {
    "criteria": {
      "has_oak_planks": "2024-07-27 01:47:44 +0000"
    },
    "done": true
  },
  "minecraft:recipes/redstone/oak_trapdoor": {
    "criteria": {
      "has_planks": "2024-07-27 01:47:44 +0000"
    },
    "done": true
  },
  "embellishcraft:recipes/embellishcraft_group/birch_wooden_crate": {
    "criteria": {
      "has_birch_planks": "2024-07-27 01:49:21 +0000"
    },
    "done": true
  },
  "cfm:recipes/cfm/stripped_oak_desk": {
    "criteria": {
      "has_planks": "2024-07-27 01:47:38 +0000"
    },
    "done": true
  },
  "minecraft:recipes/mysticalworld/stone_knife_from_cobblestone": {
    "criteria": {
      "has_cobblestone": "2024-07-27 01:49:43 +0000"
    },
    "done": true
  },
  "mapperbase:recipes/mapperbase_group/flatter_hammer": {
    "criteria": {
      "has_stick": "2024-07-27 01:49:34 +0000"
    },
    "done": true
  },
  "cfm:recipes/cfm/stripped_birch_park_bench": {
    "criteria": {
      "has_log": "2024-07-27 01:48:59 +0000"
    },
    "done": true
  },
  "mca:recipes/misc/potions": {
    "criteria": {
      "has_item": "2024-07-27 01:38:37 +0000"
    },
    "done": true
  },
  "securitycraft:recipes/securitycraft/reinforced_diorite": {
    "criteria": {
      "has_cobblestone": "2024-07-27 01:49:43 +0000"
    },
    "done": true
  },
  "create:recipes/create.base/crafting/appliances/crafting_blueprint": {
    "criteria": {
      "has_item": "2024-07-27 01:49:24 +0000"
    },
    "done": true
  },
  "embellishcraft:recipes/embellishcraft_group/birch_large_suspended_stairs": {
    "criteria": {
      "has_birch_planks": "2024-07-27 01:49:21 +0000"
    },
    "done": true
  },
  "minecraft:recipes/redstone/oak_button": {
    "criteria": {
      "has_planks": "2024-07-27 01:47:44 +0000"
    },
    "done": true
  },
  "mca:recipes/building_blocks/rose_gold_block": {
    "criteria": {
      "has_item": "2024-07-27 01:38:37 +0000"
    },
    "done": true
  },
  "cfm:recipes/cfm/oak_cabinet": {
    "criteria": {
      "has_log": "2024-07-27 01:47:38 +0000"
    },
    "done": true
  },
  "tombstone:recipes/from_grave_dust": {
    "criteria": {
      "has_ingredient": "2024-07-27 01:47:57 +0000"
    },
    "done": true
  },
  "minecraft:recipes/building_blocks/stone": {
    "criteria": {
      "has_cobblestone": "2024-07-27 01:49:43 +0000"
    },
    "done": true
  },
  "minecraft:adventure/adventuring_time": {
    "criteria": {
      "minecraft:forest": "2024-07-27 01:38:37 +0000",
      "minecraft:mountains": "2024-07-27 01:45:22 +0000",
      "minecraft:river": "2024-07-27 01:39:12 +0000",
      "minecraft:plains": "2024-07-27 01:44:58 +0000"
    },
    "done": false
  },
  "embellishcraft:recipes/embellishcraft_group/green_birch_fancy_bed": {
    "criteria": {
      "has_birch_planks": "2024-07-27 01:49:21 +0000"
    },
    "done": true
  },
  "tombstone:adventure/find_easter_egg": {
    "criteria": {
      "coded_trigger": "2024-07-27 01:38:37 +0000"
    },
    "done": true
  },
  "embellishcraft:recipes/embellishcraft_group/lime_oak_fancy_bed": {
    "criteria": {
      "has_oak_planks": "2024-07-27 01:47:44 +0000"
    },
    "done": true
  },
  "embellishcraft:recipes/embellishcraft_group/brown_oak_fancy_bed": {
    "criteria": {
      "has_oak_planks": "2024-07-27 01:47:44 +0000"
    },
    "done": true
  },
  "minecraft:recipes/combat/stone_sword": {
    "criteria": {
      "has_cobblestone": "2024-07-27 01:49:43 +0000"
    },
    "done": true
  },
  "minecraft:recipes/decorations/cobblestone_wall": {
    "criteria": {
      "has_cobblestone": "2024-07-27 01:49:43 +0000"
    },
    "done": true
  },
  "minecraft:recipes/decorations/barrel": {
    "criteria": {
      "has_planks": "2024-07-27 01:47:44 +0000"
    },
    "done": true
  },
  "securitycraft:recipes/securitycraft/reinforced_warped_fence": {
    "criteria": {
      "has_stick": "2024-07-27 01:49:34 +0000"
    },
    "done": true
  },
  "cfm:recipes/cfm/stone_cabinet": {
    "criteria": {
      "has_planks": "2024-07-27 01:49:43 +0000"
    },
    "done": true
  },
  "minecraft:recipes/tools/stone_pickaxe": {
    "criteria": {
      "has_cobblestone": "2024-07-27 01:49:43 +0000"
    },
    "done": true
  },
  "embellishcraft:recipes/embellishcraft_group/birch_fancy_door": {
    "criteria": {
      "has_birch_planks": "2024-07-27 01:49:21 +0000"
    },
    "done": true
  },
  "cfm:recipes/cfm/oak_desk_cabinet": {
    "criteria": {
      "has_log": "2024-07-27 01:47:38 +0000"
    },
    "done": true
  },
  "minecraft:recipes/redstone/oak_door": {
    "criteria": {
      "has_planks": "2024-07-27 01:47:44 +0000"
    },
    "done": true
  },
  "embellishcraft:recipes/embellishcraft_group/oak_fancy_door": {
    "criteria": {
      "has_oak_planks": "2024-07-27 01:47:44 +0000"
    },
    "done": true
  },
  "securitycraft:recipes/securitycraft/motion_activated_light": {
    "criteria": {
      "has_stick": "2024-07-27 01:49:34 +0000"
    },
    "done": true
  },
  "mca:recipes/misc/staff_of_life": {
    "criteria": {
      "has_item": "2024-07-27 01:38:37 +0000"
    },
    "done": true
  },
  "minecraft:recipes/decorations/cobblestone_wall_from_cobblestone_stonecutting": {
    "criteria": {
      "has_cobblestone": "2024-07-27 01:49:43 +0000"
    },
    "done": true
  },
  "minecraft:recipes/building_blocks/birch_stairs": {
    "criteria": {
      "has_planks": "2024-07-27 01:49:21 +0000"
    },
    "done": true
  },
  "tconstruct:recipes/tconstruct/general/tables/pattern": {
    "criteria": {
      "has_item": "2024-07-27 01:49:34 +0000"
    },
    "done": true
  },
  "mysticalworld:recipes/misc/leather_from_rotten_flesh_x1": {
    "criteria": {
      "has_rotten_Flesh": "2024-07-27 01:46:37 +0000"
    },
    "done": true
  },
  "mysticalworld:recipes/mysticalworld/rose_cordial": {
    "criteria": {
      "has_first": "2024-07-27 01:45:03 +0000"
    },
    "done": true
  },
  "mysticalworld:recipes/misc/leather_from_rotten_flesh_x3": {
    "criteria": {
      "has_rotten_Flesh": "2024-07-27 01:46:37 +0000"
    },
    "done": true
  },
  "mysticalworld:recipes/misc/leather_from_rotten_flesh_x2": {
    "criteria": {
      "has_rotten_Flesh": "2024-07-27 01:46:37 +0000"
    },
    "done": true
  },
  "dungeons_arise:wda_root": {
    "criteria": {
      "WDA": "2024-07-27 01:38:37 +0000"
    },
    "done": true
  },
  "embellishcraft:recipes/embellishcraft_group/birch_plain_door": {
    "criteria": {
      "has_birch_log": "2024-07-27 01:48:59 +0000"
    },
    "done": true
  },
  "embellishcraft:recipes/embellishcraft_group/white_oak_fancy_bed": {
    "criteria": {
      "has_oak_planks": "2024-07-27 01:47:44 +0000"
    },
    "done": true
  },
  "minecraft:recipes/redstone/birch_trapdoor": {
    "criteria": {
      "has_planks": "2024-07-27 01:49:21 +0000"
    },
    "done": true
  },
  "minecraft:recipes/food/cooked_cod_from_smoking": {
    "criteria": {
      "has_cod": "2024-07-27 01:48:20 +0000"
    },
    "done": true
  },
  "cfm:recipes/cfm/stone_chair": {
    "criteria": {
      "has_planks": "2024-07-27 01:49:43 +0000"
    },
    "done": true
  },
  "securitycraft:recipes/securitycraft/reinforced_oak_fence_gate": {
    "criteria": {
      "has_stick": "2024-07-27 01:49:34 +0000"
    },
    "done": true
  },
  "cfm:recipes/cfm/stone_bedside_cabinet": {
    "criteria": {
      "has_planks": "2024-07-27 01:49:43 +0000"
    },
    "done": true
  },
  "cfm:recipes/cfm/oak_upgraded_fence": {
    "criteria": {
      "has_log": "2024-07-27 01:47:38 +0000"
    },
    "done": true
  },
  "cfm:recipes/cfm/birch_kitchen_drawer": {
    "criteria": {
      "has_log": "2024-07-27 01:48:59 +0000"
    },
    "done": true
  },
  "cfm:recipes/cfm/stone_table": {
    "criteria": {
      "has_planks": "2024-07-27 01:49:43 +0000"
    },
    "done": true
  },
  "embellishcraft:recipes/embellishcraft_group/red_birch_fancy_bed": {
    "criteria": {
      "has_birch_planks": "2024-07-27 01:49:21 +0000"
    },
    "done": true
  },
  "mca:recipes/misc/blueprint": {
    "criteria": {
      "has_item": "2024-07-27 01:38:37 +0000"
    },
    "done": true
  },
  "embellishcraft:recipes/embellishcraft_group/yellow_birch_fancy_bed": {
    "criteria": {
      "has_birch_planks": "2024-07-27 01:49:21 +0000"
    },
    "done": true
  },
  "minecraft:recipes/decorations/soul_campfire": {
    "criteria": {
      "has_stick": "2024-07-27 01:49:34 +0000"
    },
    "done": true
  },
  "minecraft:recipes/tools/stone_axe": {
    "criteria": {
      "has_cobblestone": "2024-07-27 01:49:43 +0000"
    },
    "done": true
  },
  "cfm:recipes/cfm/birch_cabinet": {
    "criteria": {
      "has_log": "2024-07-27 01:48:59 +0000"
    },
    "done": true
  },
  "embellishcraft:recipes/embellishcraft_group/white_birch_fancy_bed": {
    "criteria": {
      "has_birch_planks": "2024-07-27 01:49:21 +0000"
    },
    "done": true
  },
  "minecraft:recipes/food/cooked_cod_from_grill_cooking": {
    "criteria": {
      "has_cod": "2024-07-27 01:48:20 +0000"
    },
    "done": true
  },
  "securitycraft:recipes/securitycraft/reinforced_dark_oak_fence": {
    "criteria": {
      "has_stick": "2024-07-27 01:49:34 +0000"
    },
    "done": true
  },
  "cfm:recipes/cfm/oak_kitchen_sink_light": {
    "criteria": {
      "has_bottom": "2024-07-27 01:47:44 +0000"
    },
    "done": true
  },
  "cfm:recipes/cfm/oak_coffee_table": {
    "criteria": {
      "has_log": "2024-07-27 01:47:38 +0000"
    },
    "done": true
  },
  "cfm:recipes/cfm/birch_kitchen_sink_dark": {
    "criteria": {
      "has_bottom": "2024-07-27 01:49:21 +0000"
    },
    "done": true
  },
  "DataVersion": 2586
}