{
  "mca:recipes/building_blocks/headstones": {
    "criteria": {
      "has_ingredients": "2024-07-27 01:41:03 +0000"
    },
    "done": true
  },
  "immersiveengineering:recipes/immersiveengineering/crafting/blueprint_bullets": {
    "criteria": {
      "has_paper": "2024-07-27 01:42:55 +0000"
    },
    "done": true
  },
  "mca:recipes/misc/potions": {
    "criteria": {
      "has_item": "2024-07-27 01:41:03 +0000"
    },
    "done": true
  },
  "embellishcraft:recipes/embellishcraft_group/white_blue_wallpaper": {
    "criteria": {
      "has_paper": "2024-07-27 01:42:55 +0000"
    },
    "done": true
  },
  "tombstone:adventure/root": {
    "criteria": {
      "auto": "2024-07-27 01:41:03 +0000"
    },
    "done": true
  },
  "embellishcraft:recipes/embellishcraft_group/white_green_wallpaper": {
    "criteria": {
      "has_paper": "2024-07-27 01:42:55 +0000"
    },
    "done": true
  },
  "mysticalworld:root": {
    "criteria": {
      "auto": "2024-07-27 01:41:03 +0000"
    },
    "done": true
  },
  "mca:recipes/building_blocks/rose_gold_block": {
    "criteria": {
      "has_item": "2024-07-27 01:41:03 +0000"
    },
    "done": true
  },
  "morevillagers:first_village": {
    "criteria": {
      "village": "2024-07-27 01:41:05 +0000"
    },
    "done": true
  },
  "dungeons_arise:wda_root": {
    "criteria": {
      "WDA": "2024-07-27 01:41:02 +0000"
    },
    "done": true
  },
  "create:recipes/create.base/crafting/schematics/empty_schematic": {
    "criteria": {
      "has_item": "2024-07-27 01:42:55 +0000"
    },
    "done": true
  },
  "embellishcraft:recipes/embellishcraft_group/beige_flower_wallpaper": {
    "criteria": {
      "has_paper": "2024-07-27 01:42:55 +0000"
    },
    "done": true
  },
  "create:recipes/create.base/crafting/materials/sand_paper": {
    "criteria": {
      "has_item": "2024-07-27 01:42:55 +0000"
    },
    "done": true
  },
  "mca:recipes/misc/needle_and_thread": {
    "criteria": {
      "has_item": "2024-07-27 01:41:03 +0000"
    },
    "done": true
  },
  "tombstone:recipes/from_grave_key": {
    "criteria": {
      "has_ingredient": "2024-07-27 01:42:00 +0000"
    },
    "done": true
  },
  "immersiveengineering:recipes/immersiveengineering/crafting/blueprint_components": {
    "criteria": {
      "has_paper": "2024-07-27 01:42:55 +0000"
    },
    "done": true
  },
  "mca:recipes/misc/comb": {
    "criteria": {
      "has_item": "2024-07-27 01:41:03 +0000"
    },
    "done": true
  },
  "dungeons_arise:find_small_prairie_house": {
    "criteria": {
      "location0": "2024-07-27 01:42:01 +0000"
    },
    "done": true
  },
  "immersiveengineering:recipes/immersiveengineering/crafting/blueprint_bannerpatterns": {
    "criteria": {
      "has_paper": "2024-07-27 01:42:55 +0000"
    },
    "done": true
  },
  "mca:recipes/misc/rose_gold_ingot_blasting": {
    "criteria": {
      "has_item": "2024-07-27 01:41:03 +0000"
    },
    "done": true
  },
  "morevillagers:root": {
    "criteria": {
      "always": "2024-07-27 01:41:02 +0000"
    },
    "done": true
  },
  "minecraft:adventure/adventuring_time": {
    "criteria": {
      "minecraft:forest": "2024-07-27 01:41:03 +0000",
      "minecraft:river": "2024-07-27 01:41:05 +0000",
      "minecraft:plains": "2024-07-27 01:42:02 +0000"
    },
    "done": false
  },
  "mca:recipes/misc/family_tree": {
    "criteria": {
      "has_item": "2024-07-27 01:41:03 +0000"
    },
    "done": true
  },
  "mca:root": {
    "criteria": {
      "village_taiga": "2024-07-27 01:41:03 +0000",
      "village_savanna": "2024-07-27 01:41:03 +0000",
      "village_snowy": "2024-07-27 01:41:03 +0000",
      "village_desert": "2024-07-27 01:41:03 +0000",
      "village_plains": "2024-07-27 01:41:03 +0000"
    },
    "done": true
  },
  "minecraft:recipes/misc/book": {
    "criteria": {
      "has_paper": "2024-07-27 01:42:55 +0000"
    },
    "done": true
  },
  "create:root": {
    "criteria": {
      "0": "2024-07-27 01:41:03 +0000"
    },
    "done": true
  },
  "tombstone:adventure/find_easter_egg": {
    "criteria": {
      "coded_trigger": "2024-07-27 01:41:03 +0000"
    },
    "done": true
  },
  "immersiveengineering:recipes/immersiveengineering/crafting/blueprint_molds": {
    "criteria": {
      "has_paper": "2024-07-27 01:42:55 +0000"
    },
    "done": true
  },
  "embellishcraft:recipes/embellishcraft_group/pink_wallpaper": {
    "criteria": {
      "has_paper": "2024-07-27 01:42:55 +0000"
    },
    "done": true
  },
  "create:recipes/create.base/crafting/schematics/schematic_and_quill": {
    "criteria": {
      "has_item": "2024-07-27 01:42:55 +0000"
    },
    "done": true
  },
  "minecraft:recipes/decorations/cartography_table": {
    "criteria": {
      "has_paper": "2024-07-27 01:42:55 +0000"
    },
    "done": true
  },
  "mca:recipes/misc/rose_gold_ingot_smelting": {
    "criteria": {
      "has_item": "2024-07-27 01:41:03 +0000"
    },
    "done": true
  },
  "mca:recipes/misc/books": {
    "criteria": {
      "has_item": "2024-07-27 01:41:03 +0000"
    },
    "done": true
  },
  "mca:recipes/misc/blueprint": {
    "criteria": {
      "has_item": "2024-07-27 01:41:03 +0000"
    },
    "done": true
  },
  "sereneseasons:recipes/tools/calendar": {
    "criteria": {
      "has_paper": "2024-07-27 01:42:55 +0000"
    },
    "done": true
  },
  "tombstone:adventure/first_grave": {
    "criteria": {
      "coded_trigger": "2024-07-27 01:41:59 +0000"
    },
    "done": true
  },
  "mca:recipes/misc/whistle": {
    "criteria": {
      "has_item": "2024-07-27 01:41:03 +0000"
    },
    "done": true
  },
  "mca:recipes/misc/rose_gold_ingot": {
    "criteria": {
      "has_item": "2024-07-27 01:41:03 +0000"
    },
    "done": true
  },
  "minecraft:adventure/root": {
    "criteria": {
      "killed_by_something": "2024-07-27 01:41:59 +0000"
    },
    "done": true
  },
  "mca:recipes/misc/staff_of_life": {
    "criteria": {
      "has_item": "2024-07-27 01:41:03 +0000"
    },
    "done": true
  },
  "create:recipes/create.base/crafting/materials/red_sand_paper": {
    "criteria": {
      "has_item": "2024-07-27 01:42:55 +0000"
    },
    "done": true
  },
  "embellishcraft:recipes/embellishcraft_group/beige_wallpaper": {
    "criteria": {
      "has_paper": "2024-07-27 01:42:55 +0000"
    },
    "done": true
  },
  "DataVersion": 2586
}