{
  "smallships:recipes/lotr_green_oak_war_galley": {
    "criteria": {
      "in_water": "2024-08-15 03:09:03 +0000"
    },
    "done": true
  },
  "smallships:recipes/lotr_mallorn_dhow": {
    "criteria": {
      "in_water": "2024-08-15 03:09:03 +0000"
    },
    "done": true
  },
  "mcwbridges:recipes/rope_jungle_bridge": {
    "criteria": {
      "has_planks": "2024-08-15 03:05:25 +0000"
    },
    "done": true
  },
  "smallships:recipes/bop_hellbark_war_galley": {
    "criteria": {
      "in_water": "2024-08-15 03:09:03 +0000"
    },
    "done": true
  },
  "smallships:recipes/lotr_rotten_rowboat": {
    "criteria": {
      "in_water": "2024-08-15 03:09:03 +0000"
    },
    "done": true
  },
  "smallships:recipes/lotr_cherry_drakkar": {
    "criteria": {
      "in_water": "2024-08-15 03:09:03 +0000"
    },
    "done": true
  },
  "mysticalworld:root": {
    "criteria": {
      "auto": "2024-08-15 03:05:26 +0000"
    },
    "done": true
  },
  "morevillagers:first_village": {
    "criteria": {
      "village": "2024-08-15 03:07:15 +0000"
    },
    "done": true
  },
  "tconstruct:tools/materials_and_you": {
    "criteria": {
      "crafted_book": "2024-08-15 03:05:26 +0000"
    },
    "done": true
  },
  "mcwbridges:recipes/andesite_bridge_stair": {
    "criteria": {
      "has_planks": "2024-08-15 03:05:26 +0000"
    },
    "done": true
  },
  "mcwbridges:recipes/end_stone_bricks_bridge": {
    "criteria": {
      "has_planks": "2024-08-15 03:05:25 +0000"
    },
    "done": true
  },
  "smallships:recipes/lotr_cedar_dhow": {
    "criteria": {
      "in_water": "2024-08-15 03:09:03 +0000"
    },
    "done": true
  },
  "smallships:recipes/bop_mahogany_dhow": {
    "criteria": {
      "in_water": "2024-08-15 03:09:03 +0000"
    },
    "done": true
  },
  "mcwbridges:recipes/balustrade_nether_bricks_bridge": {
    "criteria": {
      "has_planks": "2024-08-15 03:05:25 +0000"
    },
    "done": true
  },
  "smallships:recipes/lotr_larch_brigg": {
    "criteria": {
      "in_water": "2024-08-15 03:09:03 +0000"
    },
    "done": true
  },
  "mcwroofs:recipes/birch_planks": {
    "criteria": {
      "has_planks": "2024-08-15 03:05:26 +0000"
    },
    "done": true
  },
  "mcwbridges:recipes/mossy_cobblestone_bridge": {
    "criteria": {
      "has_planks": "2024-08-15 03:05:25 +0000"
    },
    "done": true
  },
  "smallships:recipes/bop_palm_rowboat": {
    "criteria": {
      "in_water": "2024-08-15 03:09:03 +0000"
    },
    "done": true
  },
  "smallships:recipes/bop_mahogany_brigg": {
    "criteria": {
      "in_water": "2024-08-15 03:09:03 +0000"
    },
    "done": true
  },
  "smallships:recipes/lotr_beech_dhow": {
    "criteria": {
      "in_water": "2024-08-15 03:09:03 +0000"
    },
    "done": true
  },
  "smallships:recipes/lotr_pine_brigg": {
    "criteria": {
      "in_water": "2024-08-15 03:09:03 +0000"
    },
    "done": true
  },
  "mcwroofs:recipes/grass": {
    "criteria": {
      "has_planks": "2024-08-15 03:05:25 +0000"
    },
    "done": true
  },
  "smallships:recipes/lotr_mallorn_galley": {
    "criteria": {
      "in_water": "2024-08-15 03:09:03 +0000"
    },
    "done": true
  },
  "mts:rtfm": {
    "criteria": {
      "has_manual": "2024-08-15 03:05:28 +0000"
    },
    "done": true
  },
  "mcwroofs:recipes/dark_oak": {
    "criteria": {
      "has_planks": "2024-08-15 03:05:25 +0000"
    },
    "done": true
  },
  "smallships:recipes/spruce_brigg": {
    "criteria": {
      "in_water": "2024-08-15 03:09:03 +0000"
    },
    "done": true
  },
  "smallships:recipes/lotr_cypress_drakkar": {
    "criteria": {
      "in_water": "2024-08-15 03:09:03 +0000"
    },
    "done": true
  },
  "smallships:recipes/bop_umbran_galley": {
    "criteria": {
      "in_water": "2024-08-15 03:09:03 +0000"
    },
    "done": true
  },
  "mcwwindows:recipes/dark_prismarine": {
    "criteria": {
      "has_wood": "2024-08-15 03:05:25 +0000"
    },
    "done": true
  },
  "mcwroofs:recipes/spruce": {
    "criteria": {
      "has_planks": "2024-08-15 03:05:25 +0000"
    },
    "done": true
  },
  "morevillagers:all_villages": {
    "criteria": {
      "taiga_village": "2024-08-15 03:07:15 +0000"
    },
    "done": false
  },
  "mcwbridges:recipes/oak_log_bridge_stair": {
    "criteria": {
      "has_planks": "2024-08-15 03:05:25 +0000"
    },
    "done": true
  },
  "smallships:recipes/lotr_lebethron_galley": {
    "criteria": {
      "in_water": "2024-08-15 03:09:03 +0000"
    },
    "done": true
  },
  "smallships:recipes/lotr_charred_war_galley": {
    "criteria": {
      "in_water": "2024-08-15 03:09:03 +0000"
    },
    "done": true
  },
  "smallships:recipes/lotr_cherry_rowboat": {
    "criteria": {
      "in_water": "2024-08-15 03:09:03 +0000"
    },
    "done": true
  },
  "smallships:recipes/lotr_maple_rowboat": {
    "criteria": {
      "in_water": "2024-08-15 03:09:03 +0000"
    },
    "done": true
  },
  "smallships:recipes/bop_umbran_drakkar": {
    "criteria": {
      "in_water": "2024-08-15 03:09:03 +0000"
    },
    "done": true
  },
  "smallships:recipes/lotr_fir_war_galley": {
    "criteria": {
      "in_water": "2024-08-15 03:09:03 +0000"
    },
    "done": true
  },
  "smallships:recipes/lotr_larch_war_galley": {
    "criteria": {
      "in_water": "2024-08-15 03:09:03 +0000"
    },
    "done": true
  },
  "mcwfurnitures:recipes/warped": {
    "criteria": {
      "has_wood": "2024-08-15 03:05:25 +0000"
    },
    "done": true
  },
  "mcwroofs:recipes/prismarine": {
    "criteria": {
      "has_planks": "2024-08-15 03:05:25 +0000"
    },
    "done": true
  },
  "mcwbridges:recipes/cobblestone_bridge": {
    "criteria": {
      "has_planks": "2024-08-15 03:05:25 +0000"
    },
    "done": true
  },
  "smallships:recipes/bop_redwood_drakkar": {
    "criteria": {
      "in_water": "2024-08-15 03:09:03 +0000"
    },
    "done": true
  },
  "mcwbridges:recipes/balustrade_mossy_stone_bricks_bridge": {
    "criteria": {
      "has_planks": "2024-08-15 03:05:25 +0000"
    },
    "done": true
  },
  "smallships:recipes/birch_war_galley": {
    "criteria": {
      "in_water": "2024-08-15 03:09:03 +0000"
    },
    "done": true
  },
  "smallships:recipes/bop_umbran_cog": {
    "criteria": {
      "in_water": "2024-08-15 03:09:03 +0000"
    },
    "done": true
  },
  "mcwlights:recipes/iron_stuff": {
    "criteria": {
      "has_wood": "2024-08-15 03:05:25 +0000"
    },
    "done": true
  },
  "smallships:recipes/lotr_green_oak_drakkar": {
    "criteria": {
      "in_water": "2024-08-15 03:09:03 +0000"
    },
    "done": true
  },
  "smallships:recipes/lotr_cypress_rowboat": {
    "criteria": {
      "in_water": "2024-08-15 03:09:03 +0000"
    },
    "done": true
  },
  "mcwbridges:recipes/iron_bridge": {
    "criteria": {
      "has_planks": "2024-08-15 03:05:25 +0000"
    },
    "done": true
  },
  "smallships:recipes/lotr_aspen_cog": {
    "criteria": {
      "in_water": "2024-08-15 03:09:03 +0000"
    },
    "done": true
  },
  "smallships:recipes/birch_brigg": {
    "criteria": {
      "in_water": "2024-08-15 03:09:03 +0000"
    },
    "done": true
  },
  "mcwbridges:recipes/diorite_bridge_stair": {
    "criteria": {
      "has_planks": "2024-08-15 03:05:25 +0000"
    },
    "done": true
  },
  "mcwbridges:recipes/bamboo_bridge_stair": {
    "criteria": {
      "has_planks": "2024-08-15 03:05:25 +0000"
    },
    "done": true
  },
  "mcwlights:recipes/redstone_slab": {
    "criteria": {
      "has_wood": "2024-08-15 03:05:25 +0000"
    },
    "done": true
  },
  "biomesoplenty:recipes/transportation/cherry_boat": {
    "criteria": {
      "in_water": "2024-08-15 03:09:03 +0000"
    },
    "done": true
  },
  "smallships:recipes/envi_cherry_galley": {
    "criteria": {
      "in_water": "2024-08-15 03:09:03 +0000"
    },
    "done": true
  },
  "mcwfurnitures:recipes/birch": {
    "criteria": {
      "has_wood": "2024-08-15 03:05:25 +0000"
    },
    "done": true
  },
  "biomesoplenty:recipes/transportation/fir_boat": {
    "criteria": {
      "in_water": "2024-08-15 03:09:03 +0000"
    },
    "done": true
  },
  "smallships:recipes/lotr_apple_dhow": {
    "criteria": {
      "in_water": "2024-08-15 03:09:03 +0000"
    },
    "done": true
  },
  "smallships:recipes/lotr_cherry_war_galley": {
    "criteria": {
      "in_water": "2024-08-15 03:09:03 +0000"
    },
    "done": true
  },
  "smallships:recipes/dark_oak_brigg": {
    "criteria": {
      "in_water": "2024-08-15 03:09:03 +0000"
    },
    "done": true
  },
  "mcwbridges:recipes/jungle_rope_bridge_stair": {
    "criteria": {
      "has_planks": "2024-08-15 03:05:25 +0000"
    },
    "done": true
  },
  "mcwbridges:recipes/glass_bridge_pier": {
    "criteria": {
      "has_planks": "2024-08-15 03:05:25 +0000"
    },
    "done": true
  },
  "smallships:recipes/lotr_rotten_dhow": {
    "criteria": {
      "in_water": "2024-08-15 03:09:03 +0000"
    },
    "done": true
  },
  "smallships:recipes/oak_dhow": {
    "criteria": {
      "in_water": "2024-08-15 03:09:03 +0000"
    },
    "done": true
  },
  "smallships:recipes/lotr_mallorn_rowboat": {
    "criteria": {
      "in_water": "2024-08-15 03:09:03 +0000"
    },
    "done": true
  },
  "mcwbridges:recipes/mossy_stone_brick_bridge": {
    "criteria": {
      "has_planks": "2024-08-15 03:05:25 +0000"
    },
    "done": true
  },
  "smallships:recipes/bop_dead_dhow": {
    "criteria": {
      "in_water": "2024-08-15 03:09:03 +0000"
    },
    "done": true
  },
  "smallships:recipes/dark_oak_cog": {
    "criteria": {
      "in_water": "2024-08-15 03:09:03 +0000"
    },
    "done": true
  },
  "mcwbridges:recipes/balustrade_mossy_cobblestone_bridge": {
    "criteria": {
      "has_planks": "2024-08-15 03:05:25 +0000"
    },
    "done": true
  },
  "morevillagers:root": {
    "criteria": {
      "always": "2024-08-15 03:05:26 +0000"
    },
    "done": true
  },
  "smallships:recipes/lotr_pine_galley": {
    "criteria": {
      "in_water": "2024-08-15 03:09:03 +0000"
    },
    "done": true
  },
  "smallships:recipes/lotr_cedar_galley": {
    "criteria": {
      "in_water": "2024-08-15 03:09:03 +0000"
    },
    "done": true
  },
  "smallships:recipes/bop_mahogany_galley": {
    "criteria": {
      "in_water": "2024-08-15 03:09:03 +0000"
    },
    "done": true
  },
  "mcwroofs:recipes/acacia_planks": {
    "criteria": {
      "has_planks": "2024-08-15 03:05:25 +0000"
    },
    "done": true
  },
  "smallships:recipes/lotr_holly_brigg": {
    "criteria": {
      "in_water": "2024-08-15 03:09:03 +0000"
    },
    "done": true
  },
  "smallships:recipes/bop_umbran_dhow": {
    "criteria": {
      "in_water": "2024-08-15 03:09:03 +0000"
    },
    "done": true
  },
  "minecraft:recipes/transportation/acacia_boat": {
    "criteria": {
      "in_water": "2024-08-15 03:09:03 +0000"
    },
    "done": true
  },
  "smallships:recipes/sail_item": {
    "criteria": {
      "in_water": "2024-08-15 03:09:03 +0000"
    },
    "done": true
  },
  "smallships:recipes/lotr_larch_rowboat": {
    "criteria": {
      "in_water": "2024-08-15 03:09:03 +0000"
    },
    "done": true
  },
  "mcwbridges:recipes/dry_bamboo_bridge_pier": {
    "criteria": {
      "has_planks": "2024-08-15 03:05:25 +0000"
    },
    "done": true
  },
  "mcwbridges:recipes/jungle_log_bridge_middle": {
    "criteria": {
      "has_planks": "2024-08-15 03:05:25 +0000"
    },
    "done": true
  },
  "mcwbridges:recipes/blackstone_bridge_stair": {
    "criteria": {
      "has_planks": "2024-08-15 03:05:25 +0000"
    },
    "done": true
  },
  "mcwwindows:recipes/acacia": {
    "criteria": {
      "has_wood": "2024-08-15 03:05:25 +0000"
    },
    "done": true
  },
  "mcwbridges:recipes/brick_bridge_stair": {
    "criteria": {
      "has_planks": "2024-08-15 03:05:25 +0000"
    },
    "done": true
  },
  "mcwbridges:recipes/dark_oak_bridge_pier": {
    "criteria": {
      "has_planks": "2024-08-15 03:05:25 +0000"
    },
    "done": true
  },
  "mcwbridges:recipes/sandstone_bridge_pier": {
    "criteria": {
      "has_planks": "2024-08-15 03:05:25 +0000"
    },
    "done": true
  },
  "smallships:recipes/envi_willow_dhow": {
    "criteria": {
      "in_water": "2024-08-15 03:09:03 +0000"
    },
    "done": true
  },
  "mcwbridges:recipes/dark_oak_log_bridge_stair": {
    "criteria": {
      "has_planks": "2024-08-15 03:05:25 +0000"
    },
    "done": true
  },
  "mcwbridges:recipes/jungle_log_bridge_stair": {
    "criteria": {
      "has_planks": "2024-08-15 03:05:25 +0000"
    },
    "done": true
  },
  "mcwbridges:recipes/granite_bridge": {
    "criteria": {
      "has_planks": "2024-08-15 03:05:25 +0000"
    },
    "done": true
  },
  "smallships:recipes/lotr_apple_brigg": {
    "criteria": {
      "in_water": "2024-08-15 03:09:03 +0000"
    },
    "done": true
  },
  "mcwbridges:recipes/end_stone_bricks_bridge_pier": {
    "criteria": {
      "has_planks": "2024-08-15 03:05:25 +0000"
    },
    "done": true
  },
  "smallships:recipes/lotr_cypress_war_galley": {
    "criteria": {
      "in_water": "2024-08-15 03:09:03 +0000"
    },
    "done": true
  },
  "mcwbridges:recipes/cobblestone_bridge_stair": {
    "criteria": {
      "has_planks": "2024-08-15 03:05:25 +0000"
    },
    "done": true
  },
  "smallships:recipes/lotr_holly_drakkar": {
    "criteria": {
      "in_water": "2024-08-15 03:09:03 +0000"
    },
    "done": true
  },
  "smallships:recipes/lotr_cypress_galley": {
    "criteria": {
      "in_water": "2024-08-15 03:09:03 +0000"
    },
    "done": true
  },
  "mcwbridges:recipes/granite_bridge_pier": {
    "criteria": {
      "has_planks": "2024-08-15 03:05:25 +0000"
    },
    "done": true
  },
  "smallships:recipes/lotr_charred_galley": {
    "criteria": {
      "in_water": "2024-08-15 03:09:03 +0000"
    },
    "done": true
  },
  "smallships:recipes/lotr_cherry_brigg": {
    "criteria": {
      "in_water": "2024-08-15 03:09:03 +0000"
    },
    "done": true
  },
  "mcwbridges:recipes/glass_bridge": {
    "criteria": {
      "has_planks": "2024-08-15 03:05:25 +0000"
    },
    "done": true
  },
  "mca:recipes/misc/family_tree": {
    "criteria": {
      "has_item": "2024-08-15 03:05:25 +0000"
    },
    "done": true
  },
  "mca:root": {
    "criteria": {
      "village_taiga": "2024-08-15 03:05:26 +0000",
      "village_savanna": "2024-08-15 03:05:26 +0000",
      "village_snowy": "2024-08-15 03:05:26 +0000",
      "village_desert": "2024-08-15 03:05:26 +0000",
      "village_plains": "2024-08-15 03:05:26 +0000"
    },
    "done": true
  },
  "mcwbridges:recipes/balustrade_cobblestone_bridge": {
    "criteria": {
      "has_planks": "2024-08-15 03:05:25 +0000"
    },
    "done": true
  },
  "mcwroofs:recipes/warped_planks": {
    "criteria": {
      "has_planks": "2024-08-15 03:05:25 +0000"
    },
    "done": true
  },
  "smallships:recipes/lotr_maple_war_galley": {
    "criteria": {
      "in_water": "2024-08-15 03:09:03 +0000"
    },
    "done": true
  },
  "smallships:recipes/bop_jacaranda_war_galley": {
    "criteria": {
      "in_water": "2024-08-15 03:09:03 +0000"
    },
    "done": true
  },
  "mcwwindows:recipes/diorite": {
    "criteria": {
      "has_wood": "2024-08-15 03:05:25 +0000"
    },
    "done": true
  },
  "smallships:recipes/bop_magic_rowboat": {
    "criteria": {
      "in_water": "2024-08-15 03:09:03 +0000"
    },
    "done": true
  },
  "smallships:recipes/lotr_rotten_drakkar": {
    "criteria": {
      "in_water": "2024-08-15 03:09:03 +0000"
    },
    "done": true
  },
  "mcwfurnitures:recipes/acacia": {
    "criteria": {
      "has_wood": "2024-08-15 03:05:25 +0000"
    },
    "done": true
  },
  "smallships:recipes/lotr_pine_rowboat": {
    "criteria": {
      "in_water": "2024-08-15 03:09:03 +0000"
    },
    "done": true
  },
  "smallships:recipes/bop_palm_drakkar": {
    "criteria": {
      "in_water": "2024-08-15 03:09:03 +0000"
    },
    "done": true
  },
  "smallships:recipes/lotr_charred_cog": {
    "criteria": {
      "in_water": "2024-08-15 03:09:03 +0000"
    },
    "done": true
  },
  "mcwroofs:recipes/red_sandstone": {
    "criteria": {
      "has_planks": "2024-08-15 03:05:25 +0000"
    },
    "done": true
  },
  "mcwbridges:recipes/diorite_bridge": {
    "criteria": {
      "has_planks": "2024-08-15 03:05:25 +0000"
    },
    "done": true
  },
  "mcwwindows:recipes/granite": {
    "criteria": {
      "has_wood": "2024-08-15 03:05:25 +0000"
    },
    "done": true
  },
  "mcwroofs:recipes/sandstone": {
    "criteria": {
      "has_planks": "2024-08-15 03:05:25 +0000"
    },
    "done": true
  },
  "mcwbridges:recipes/warped_bridge_pier": {
    "criteria": {
      "has_planks": "2024-08-15 03:05:25 +0000"
    },
    "done": true
  },
  "smallships:recipes/bop_magic_galley": {
    "criteria": {
      "in_water": "2024-08-15 03:09:03 +0000"
    },
    "done": true
  },
  "mca:recipes/building_blocks/headstones": {
    "criteria": {
      "has_ingredients": "2024-08-15 03:05:25 +0000"
    },
    "done": true
  },
  "mcwbridges:recipes/sandstone_bridge_stair": {
    "criteria": {
      "has_planks": "2024-08-15 03:05:25 +0000"
    },
    "done": true
  },
  "mcwbridges:recipes/acacia_log_bridge_middle": {
    "criteria": {
      "has_planks": "2024-08-15 03:05:25 +0000"
    },
    "done": true
  },
  "smallships:recipes/bop_fir_drakkar": {
    "criteria": {
      "in_water": "2024-08-15 03:09:03 +0000"
    },
    "done": true
  },
  "smallships:recipes/spruce_drakkar": {
    "criteria": {
      "in_water": "2024-08-15 03:09:03 +0000",
      "has_the_recipe": "2024-08-15 03:09:03 +0000"
    },
    "done": true
  },
  "smallships:recipes/bop_willow_war_galley": {
    "criteria": {
      "in_water": "2024-08-15 03:09:03 +0000"
    },
    "done": true
  },
  "smallships:recipes/lotr_beech_brigg": {
    "criteria": {
      "in_water": "2024-08-15 03:09:03 +0000"
    },
    "done": true
  },
  "mcwroofs:recipes/terracotta": {
    "criteria": {
      "has_planks": "2024-08-15 03:05:25 +0000"
    },
    "done": true
  },
  "mcwbridges:recipes/spruce_log_bridge_stair": {
    "criteria": {
      "has_planks": "2024-08-15 03:05:26 +0000"
    },
    "done": true
  },
  "mcwbridges:recipes/jungle_rail_bridge": {
    "criteria": {
      "has_planks": "2024-08-15 03:05:25 +0000"
    },
    "done": true
  },
  "mcwwindows:recipes/andesite": {
    "criteria": {
      "has_wood": "2024-08-15 03:05:25 +0000"
    },
    "done": true
  },
  "smallships:recipes/lotr_aspen_brigg": {
    "criteria": {
      "in_water": "2024-08-15 03:09:03 +0000"
    },
    "done": true
  },
  "smallships:recipes/lotr_mirk_oak_rowboat": {
    "criteria": {
      "in_water": "2024-08-15 03:09:03 +0000"
    },
    "done": true
  },
  "smallships:recipes/oak_brigg": {
    "criteria": {
      "in_water": "2024-08-15 03:09:03 +0000"
    },
    "done": true
  },
  "biomesoplenty:recipes/transportation/umbran_boat": {
    "criteria": {
      "in_water": "2024-08-15 03:09:03 +0000"
    },
    "done": true
  },
  "smallships:recipes/jungle_galley": {
    "criteria": {
      "in_water": "2024-08-15 03:09:03 +0000"
    },
    "done": true
  },
  "smallships:recipes/lotr_larch_drakkar": {
    "criteria": {
      "in_water": "2024-08-15 03:09:03 +0000"
    },
    "done": true
  },
  "mcwbridges:recipes/spruce_bridge_pier": {
    "criteria": {
      "has_planks": "2024-08-15 03:05:25 +0000"
    },
    "done": true
  },
  "mcwwindows:recipes/sandstone": {
    "criteria": {
      "has_wood": "2024-08-15 03:05:25 +0000",
      "has_the_recipe": "2024-08-15 03:05:25 +0000"
    },
    "done": true
  },
  "mcwbridges:recipes/nether_bricks_bridge_pier": {
    "criteria": {
      "has_planks": "2024-08-15 03:05:25 +0000"
    },
    "done": true
  },
  "smallships:recipes/lotr_lairelosse_galley": {
    "criteria": {
      "in_water": "2024-08-15 03:09:03 +0000"
    },
    "done": true
  },
  "mcwwindows:recipes/bricks": {
    "criteria": {
      "has_wood": "2024-08-15 03:05:25 +0000"
    },
    "done": true
  },
  "mca:recipes/misc/rose_gold_ingot_smelting": {
    "criteria": {
      "has_item": "2024-08-15 03:05:25 +0000"
    },
    "done": true
  },
  "mcwbridges:recipes/oak_bridge_pier": {
    "criteria": {
      "has_planks": "2024-08-15 03:05:25 +0000"
    },
    "done": true
  },
  "smallships:recipes/spruce_cog": {
    "criteria": {
      "in_water": "2024-08-15 03:09:03 +0000"
    },
    "done": true
  },
  "mcwwindows:recipes/arrow_slits_gothic": {
    "criteria": {
      "has_wood": "2024-08-15 03:05:25 +0000"
    },
    "done": true
  },
  "smallships:recipes/lotr_lairelosse_cog": {
    "criteria": {
      "in_water": "2024-08-15 03:09:03 +0000"
    },
    "done": true
  },
  "smallships:recipes/oak_war_galley": {
    "criteria": {
      "in_water": "2024-08-15 03:09:03 +0000"
    },
    "done": true
  },
  "smallships:recipes/envi_willow_cog": {
    "criteria": {
      "in_water": "2024-08-15 03:09:03 +0000"
    },
    "done": true
  },
  "mcwlights:recipes/glowstone_slab": {
    "criteria": {
      "has_wood": "2024-08-15 03:05:25 +0000"
    },
    "done": true
  },
  "smallships:recipes/acacia_cog": {
    "criteria": {
      "in_water": "2024-08-15 03:09:03 +0000"
    },
    "done": true
  },
  "smallships:recipes/jungle_war_galley": {
    "criteria": {
      "in_water": "2024-08-15 03:09:03 +0000"
    },
    "done": true
  },
  "smallships:recipes/bop_magic_dhow": {
    "criteria": {
      "in_water": "2024-08-15 03:09:03 +0000"
    },
    "done": true
  },
  "mcwfurnitures:recipes/oak": {
    "criteria": {
      "has_wood": "2024-08-15 03:05:25 +0000"
    },
    "done": true
  },
  "mcwbridges:recipes/dark_oak_log_bridge_middle": {
    "criteria": {
      "has_planks": "2024-08-15 03:05:25 +0000"
    },
    "done": true
  },
  "mcwbridges:recipes/crimson_rail_bridge": {
    "criteria": {
      "has_planks": "2024-08-15 03:05:25 +0000"
    },
    "done": true
  },
  "smallships:recipes/bop_hellbark_cog": {
    "criteria": {
      "in_water": "2024-08-15 03:09:03 +0000"
    },
    "done": true
  },
  "smallships:recipes/lotr_beech_rowboat": {
    "criteria": {
      "in_water": "2024-08-15 03:09:03 +0000"
    },
    "done": true
  },
  "smallships:recipes/lotr_beech_cog": {
    "criteria": {
      "in_water": "2024-08-15 03:09:03 +0000"
    },
    "done": true
  },
  "mcwbridges:recipes/prismarine_bricks_bridge": {
    "criteria": {
      "has_planks": "2024-08-15 03:05:25 +0000"
    },
    "done": true
  },
  "smallships:recipes/lotr_larch_cog": {
    "criteria": {
      "in_water": "2024-08-15 03:09:03 +0000"
    },
    "done": true
  },
  "mca:recipes/misc/comb": {
    "criteria": {
      "has_item": "2024-08-15 03:05:25 +0000"
    },
    "done": true
  },
  "mcwbridges:recipes/warped_rail_bridge": {
    "criteria": {
      "has_planks": "2024-08-15 03:05:26 +0000"
    },
    "done": true
  },
  "mcwlights:recipes/sea_lantern_slab": {
    "criteria": {
      "has_wood": "2024-08-15 03:05:25 +0000"
    },
    "done": true
  },
  "smallships:recipes/bop_hellbark_dhow": {
    "criteria": {
      "in_water": "2024-08-15 03:09:03 +0000"
    },
    "done": true
  },
  "mcwbridges:recipes/birch_log_bridge_middle": {
    "criteria": {
      "has_planks": "2024-08-15 03:05:25 +0000"
    },
    "done": true
  },
  "mcwbridges:recipes/blackstone_bridge": {
    "criteria": {
      "has_planks": "2024-08-15 03:05:26 +0000"
    },
    "done": true
  },
  "smallships:recipes/spruce_dhow": {
    "criteria": {
      "in_water": "2024-08-15 03:09:03 +0000"
    },
    "done": true
  },
  "smallships:recipes/bop_willow_brigg": {
    "criteria": {
      "in_water": "2024-08-15 03:09:03 +0000"
    },
    "done": true
  },
  "mcwbridges:recipes/rope_dark_oak_bridge": {
    "criteria": {
      "has_planks": "2024-08-15 03:05:25 +0000"
    },
    "done": true
  },
  "smallships:recipes/lotr_mallorn_cog": {
    "criteria": {
      "in_water": "2024-08-15 03:09:03 +0000"
    },
    "done": true
  },
  "smallships:recipes/bop_dead_war_galley": {
    "criteria": {
      "in_water": "2024-08-15 03:09:03 +0000"
    },
    "done": true
  },
  "mcwwindows:recipes/components": {
    "criteria": {
      "has_wood": "2024-08-15 03:05:25 +0000"
    },
    "done": true
  },
  "smallships:recipes/bop_palm_war_galley": {
    "criteria": {
      "in_water": "2024-08-15 03:09:03 +0000"
    },
    "done": true
  },
  "smallships:recipes/envi_wisteria_galley": {
    "criteria": {
      "in_water": "2024-08-15 03:09:03 +0000"
    },
    "done": true
  },
  "smallships:recipes/bop_mahogany_cog": {
    "criteria": {
      "in_water": "2024-08-15 03:09:03 +0000"
    },
    "done": true
  },
  "smallships:recipes/oak_galley": {
    "criteria": {
      "in_water": "2024-08-15 03:09:03 +0000"
    },
    "done": true
  },
  "smallships:recipes/lotr_cypress_brigg": {
    "criteria": {
      "in_water": "2024-08-15 03:09:03 +0000"
    },
    "done": true
  },
  "mcwwindows:recipes/warped": {
    "criteria": {
      "has_wood": "2024-08-15 03:05:25 +0000"
    },
    "done": true
  },
  "mcwbridges:recipes/red_sandstone_bridge_stair": {
    "criteria": {
      "has_planks": "2024-08-15 03:05:25 +0000"
    },
    "done": true
  },
  "smallships:recipes/bop_jacaranda_galley": {
    "criteria": {
      "in_water": "2024-08-15 03:09:03 +0000"
    },
    "done": true
  },
  "smallships:recipes/lotr_cherry_dhow": {
    "criteria": {
      "in_water": "2024-08-15 03:09:03 +0000"
    },
    "done": true
  },
  "smallships:recipes/lotr_green_oak_cog": {
    "criteria": {
      "in_water": "2024-08-15 03:09:03 +0000"
    },
    "done": true
  },
  "mcwbridges:recipes/spruce_rail_bridge": {
    "criteria": {
      "has_planks": "2024-08-15 03:05:26 +0000"
    },
    "done": true
  },
  "mcwroofs:recipes/birch": {
    "criteria": {
      "has_planks": "2024-08-15 03:05:26 +0000"
    },
    "done": true
  },
  "mcwbridges:recipes/birch_rail_bridge": {
    "criteria": {
      "has_planks": "2024-08-15 03:05:25 +0000"
    },
    "done": true
  },
  "smallships:recipes/lotr_charred_rowboat": {
    "criteria": {
      "in_water": "2024-08-15 03:09:03 +0000"
    },
    "done": true
  },
  "smallships:recipes/jungle_dhow": {
    "criteria": {
      "in_water": "2024-08-15 03:09:03 +0000"
    },
    "done": true
  },
  "smallships:recipes/lotr_maple_drakkar": {
    "criteria": {
      "in_water": "2024-08-15 03:09:03 +0000"
    },
    "done": true
  },
  "smallships:recipes/bop_cherry_brigg": {
    "criteria": {
      "in_water": "2024-08-15 03:09:03 +0000"
    },
    "done": true
  },
  "smallships:recipes/bop_dead_brigg": {
    "criteria": {
      "in_water": "2024-08-15 03:09:03 +0000"
    },
    "done": true
  },
  "smallships:recipes/envi_wisteria_war_galley": {
    "criteria": {
      "in_water": "2024-08-15 03:09:03 +0000"
    },
    "done": true
  },
  "smallships:recipes/bop_cherry_drakkar": {
    "criteria": {
      "in_water": "2024-08-15 03:09:03 +0000"
    },
    "done": true
  },
  "smallships:recipes/bop_jacaranda_rowboat": {
    "criteria": {
      "in_water": "2024-08-15 03:09:03 +0000"
    },
    "done": true
  },
  "mca:recipes/building_blocks/rose_gold_block": {
    "criteria": {
      "has_item": "2024-08-15 03:05:25 +0000"
    },
    "done": true
  },
  "smallships:recipes/lotr_green_oak_galley": {
    "criteria": {
      "in_water": "2024-08-15 03:09:03 +0000"
    },
    "done": true
  },
  "smallships:recipes/acacia_drakkar": {
    "criteria": {
      "in_water": "2024-08-15 03:09:03 +0000",
      "has_the_recipe": "2024-08-15 03:09:03 +0000"
    },
    "done": true
  },
  "mcwfurnitures:recipes/crimson": {
    "criteria": {
      "has_wood": "2024-08-15 03:05:25 +0000"
    },
    "done": true
  },
  "smallships:recipes/bop_mahogany_rowboat": {
    "criteria": {
      "in_water": "2024-08-15 03:09:03 +0000"
    },
    "done": true
  },
  "smallships:recipes/lotr_lebethron_war_galley": {
    "criteria": {
      "in_water": "2024-08-15 03:09:03 +0000"
    },
    "done": true
  },
  "mcwbridges:recipes/spruce_rope_bridge_stair": {
    "criteria": {
      "has_planks": "2024-08-15 03:05:25 +0000"
    },
    "done": true
  },
  "smallships:recipes/bop_palm_cog": {
    "criteria": {
      "in_water": "2024-08-15 03:09:03 +0000"
    },
    "done": true
  },
  "biomesoplenty:recipes/transportation/hellbark_boat": {
    "criteria": {
      "in_water": "2024-08-15 03:09:03 +0000"
    },
    "done": true
  },
  "smallships:recipes/envi_willow_drakkar": {
    "criteria": {
      "in_water": "2024-08-15 03:09:03 +0000"
    },
    "done": true
  },
  "smallships:recipes/dark_oak_dhow": {
    "criteria": {
      "in_water": "2024-08-15 03:09:03 +0000"
    },
    "done": true
  },
  "minecraft:adventure/adventuring_time": {
    "criteria": {
      "minecraft:taiga": "2024-08-15 03:07:15 +0000",
      "minecraft:river": "2024-08-15 03:05:26 +0000"
    },
    "done": false
  },
  "smallships:recipes/lotr_pear_war_galley": {
    "criteria": {
      "in_water": "2024-08-15 03:09:03 +0000"
    },
    "done": true
  },
  "smallships:recipes/bop_jacaranda_brigg": {
    "criteria": {
      "in_water": "2024-08-15 03:09:03 +0000"
    },
    "done": true
  },
  "mcwwindows:recipes/curtain_rods": {
    "criteria": {
      "has_wood": "2024-08-15 03:05:25 +0000",
      "has_the_recipe": "2024-08-15 03:05:25 +0000"
    },
    "done": true
  },
  "smallships:recipes/envi_willow_war_galley": {
    "criteria": {
      "in_water": "2024-08-15 03:09:03 +0000"
    },
    "done": true
  },
  "mcwbridges:recipes/bamboo_bridge_pier": {
    "criteria": {
      "has_planks": "2024-08-15 03:05:26 +0000"
    },
    "done": true
  },
  "mcwbridges:recipes/birch_rope_bridge_stair": {
    "criteria": {
      "has_planks": "2024-08-15 03:05:25 +0000"
    },
    "done": true
  },
  "mcwbridges:recipes/dark_oak_rope_bridge_stair": {
    "criteria": {
      "has_planks": "2024-08-15 03:05:25 +0000"
    },
    "done": true
  },
  "smallships:recipes/lotr_aspen_dhow": {
    "criteria": {
      "in_water": "2024-08-15 03:09:03 +0000"
    },
    "done": true
  },
  "smallships:recipes/envi_cherry_war_galley": {
    "criteria": {
      "in_water": "2024-08-15 03:09:03 +0000"
    },
    "done": true
  },
  "mcwbridges:recipes/balustrade_stone_bricks_bridge": {
    "criteria": {
      "has_planks": "2024-08-15 03:05:25 +0000"
    },
    "done": true
  },
  "mcwbridges:recipes/bridge_torch": {
    "criteria": {
      "has_planks": "2024-08-15 03:05:25 +0000"
    },
    "done": true
  },
  "mcwbridges:recipes/dark_oak_rail_bridge": {
    "criteria": {
      "has_planks": "2024-08-15 03:05:25 +0000"
    },
    "done": true
  },
  "mcwroofs:recipes/concrete": {
    "criteria": {
      "has_planks": "2024-08-15 03:05:25 +0000"
    },
    "done": true
  },
  "smallships:recipes/bop_palm_dhow": {
    "criteria": {
      "in_water": "2024-08-15 03:09:03 +0000"
    },
    "done": true
  },
  "smallships:recipes/lotr_apple_drakkar": {
    "criteria": {
      "in_water": "2024-08-15 03:09:03 +0000"
    },
    "done": true
  },
  "smallships:recipes/envi_wisteria_brigg": {
    "criteria": {
      "in_water": "2024-08-15 03:09:03 +0000"
    },
    "done": true
  },
  "smallships:recipes/lotr_pine_dhow": {
    "criteria": {
      "in_water": "2024-08-15 03:09:03 +0000"
    },
    "done": true
  },
  "smallships:recipes/lotr_mallorn_war_galley": {
    "criteria": {
      "in_water": "2024-08-15 03:09:03 +0000"
    },
    "done": true
  },
  "mcwbridges:recipes/balustrade_prismarine_bricks_bridge": {
    "criteria": {
      "has_planks": "2024-08-15 03:05:25 +0000"
    },
    "done": true
  },
  "smallships:recipes/lotr_rotten_cog": {
    "criteria": {
      "in_water": "2024-08-15 03:09:03 +0000"
    },
    "done": true
  },
  "smallships:recipes/lotr_mallorn_drakkar": {
    "criteria": {
      "in_water": "2024-08-15 03:09:03 +0000"
    },
    "done": true
  },
  "mcwwindows:recipes/oak": {
    "criteria": {
      "has_wood": "2024-08-15 03:05:25 +0000"
    },
    "done": true
  },
  "dungeons_arise:wda_root": {
    "criteria": {
      "WDA": "2024-08-15 03:05:26 +0000"
    },
    "done": true
  },
  "mcwwindows:recipes/quartz": {
    "criteria": {
      "has_wood": "2024-08-15 03:05:25 +0000"
    },
    "done": true
  },
  "mcwbridges:recipes/balustrade_diorite_bridge": {
    "criteria": {
      "has_planks": "2024-08-15 03:05:25 +0000"
    },
    "done": true
  },
  "mcwbridges:recipes/spruce_log_bridge_middle": {
    "criteria": {
      "has_planks": "2024-08-15 03:05:25 +0000"
    },
    "done": true
  },
  "biomesoplenty:recipes/transportation/jacaranda_boat": {
    "criteria": {
      "in_water": "2024-08-15 03:09:03 +0000"
    },
    "done": true
  },
  "smallships:recipes/lotr_aspen_rowboat": {
    "criteria": {
      "in_water": "2024-08-15 03:09:03 +0000"
    },
    "done": true
  },
  "mcwroofs:recipes/thatch": {
    "criteria": {
      "has_planks": "2024-08-15 03:05:25 +0000"
    },
    "done": true
  },
  "mcwbridges:recipes/acacia_rope_bridge_stair": {
    "criteria": {
      "has_planks": "2024-08-15 03:05:26 +0000"
    },
    "done": true
  },
  "mcwbridges:recipes/iron_bridge_stair": {
    "criteria": {
      "has_planks": "2024-08-15 03:05:25 +0000"
    },
    "done": true
  },
  "mcwwindows:recipes/stone": {
    "criteria": {
      "has_wood": "2024-08-15 03:05:25 +0000"
    },
    "done": true
  },
  "smallships:recipes/lotr_apple_galley": {
    "criteria": {
      "in_water": "2024-08-15 03:09:03 +0000"
    },
    "done": true
  },
  "smallships:recipes/lotr_larch_dhow": {
    "criteria": {
      "in_water": "2024-08-15 03:09:03 +0000"
    },
    "done": true
  },
  "mcwbridges:recipes/stone_bridge_pier": {
    "criteria": {
      "has_planks": "2024-08-15 03:05:25 +0000"
    },
    "done": true
  },
  "smallships:recipes/lotr_lairelosse_drakkar": {
    "criteria": {
      "in_water": "2024-08-15 03:09:03 +0000"
    },
    "done": true
  },
  "smallships:recipes/bop_cherry_cog": {
    "criteria": {
      "in_water": "2024-08-15 03:09:03 +0000"
    },
    "done": true
  },
  "biomesoplenty:recipes/transportation/willow_boat": {
    "criteria": {
      "in_water": "2024-08-15 03:09:03 +0000"
    },
    "done": true
  },
  "mca:recipes/misc/needle_and_thread": {
    "criteria": {
      "has_item": "2024-08-15 03:05:25 +0000"
    },
    "done": true
  },
  "mcwroofs:recipes/stone": {
    "criteria": {
      "has_planks": "2024-08-15 03:05:25 +0000"
    },
    "done": true
  },
  "smallships:recipes/lotr_holly_galley": {
    "criteria": {
      "in_water": "2024-08-15 03:09:03 +0000"
    },
    "done": true
  },
  "smallships:recipes/lotr_fir_cog": {
    "criteria": {
      "in_water": "2024-08-15 03:09:03 +0000"
    },
    "done": true
  },
  "mcwroofs:recipes/jungle": {
    "criteria": {
      "has_planks": "2024-08-15 03:05:25 +0000"
    },
    "done": true
  },
  "smallships:recipes/lotr_fir_rowboat": {
    "criteria": {
      "in_water": "2024-08-15 03:09:03 +0000"
    },
    "done": true
  },
  "mcwbridges:recipes/brick_bridge": {
    "criteria": {
      "has_planks": "2024-08-15 03:05:25 +0000"
    },
    "done": true
  },
  "mcwbridges:recipes/rope_spruce_bridge": {
    "criteria": {
      "has_planks": "2024-08-15 03:05:26 +0000"
    },
    "done": true
  },
  "smallships:recipes/envi_cherry_brigg": {
    "criteria": {
      "in_water": "2024-08-15 03:09:03 +0000"
    },
    "done": true
  },
  "mcwbridges:recipes/granite_bridge_stair": {
    "criteria": {
      "has_planks": "2024-08-15 03:05:25 +0000"
    },
    "done": true
  },
  "smallships:recipes/envi_wisteria_drakkar": {
    "criteria": {
      "in_water": "2024-08-15 03:09:03 +0000"
    },
    "done": true
  },
  "mcwbridges:recipes/mossy_cobblestone_bridge_pier": {
    "criteria": {
      "has_planks": "2024-08-15 03:05:25 +0000"
    },
    "done": true
  },
  "smallships:recipes/lotr_cedar_cog": {
    "criteria": {
      "in_water": "2024-08-15 03:09:03 +0000"
    },
    "done": true
  },
  "mcwbridges:recipes/asian_red_bridge": {
    "criteria": {
      "has_planks": "2024-08-15 03:05:25 +0000"
    },
    "done": true
  },
  "smallships:recipes/lotr_maple_brigg": {
    "criteria": {
      "in_water": "2024-08-15 03:09:03 +0000"
    },
    "done": true
  },
  "biomesoplenty:recipes/transportation/mahogany_boat": {
    "criteria": {
      "in_water": "2024-08-15 03:09:03 +0000"
    },
    "done": true
  },
  "mcwroofs:recipes/oak": {
    "criteria": {
      "has_planks": "2024-08-15 03:05:25 +0000"
    },
    "done": true
  },
  "smallships:recipes/lotr_aspen_war_galley": {
    "criteria": {
      "in_water": "2024-08-15 03:09:03 +0000"
    },
    "done": true
  },
  "mca:recipes/misc/rose_gold_ingot": {
    "criteria": {
      "has_item": "2024-08-15 03:05:25 +0000"
    },
    "done": true
  },
  "smallships:recipes/lotr_holly_war_galley": {
    "criteria": {
      "in_water": "2024-08-15 03:09:03 +0000"
    },
    "done": true
  },
  "smallships:recipes/bop_fir_galley": {
    "criteria": {
      "in_water": "2024-08-15 03:09:03 +0000"
    },
    "done": true
  },
  "biomesoplenty:recipes/transportation/dead_boat": {
    "criteria": {
      "in_water": "2024-08-15 03:09:03 +0000"
    },
    "done": true
  },
  "smallships:recipes/bop_magic_war_galley": {
    "criteria": {
      "in_water": "2024-08-15 03:09:03 +0000"
    },
    "done": true
  },
  "smallships:recipes/lotr_beech_galley": {
    "criteria": {
      "in_water": "2024-08-15 03:09:03 +0000"
    },
    "done": true
  },
  "minecraft:recipes/transportation/spruce_boat": {
    "criteria": {
      "in_water": "2024-08-15 03:09:03 +0000"
    },
    "done": true
  },
  "mcwbridges:recipes/acacia_rail_bridge": {
    "criteria": {
      "has_planks": "2024-08-15 03:05:25 +0000"
    },
    "done": true
  },
  "smallships:recipes/bop_jacaranda_drakkar": {
    "criteria": {
      "in_water": "2024-08-15 03:09:03 +0000"
    },
    "done": true
  },
  "smallships:recipes/lotr_larch_galley": {
    "criteria": {
      "in_water": "2024-08-15 03:09:03 +0000"
    },
    "done": true
  },
  "smallships:recipes/envi_cherry_drakkar": {
    "criteria": {
      "in_water": "2024-08-15 03:09:03 +0000"
    },
    "done": true
  },
  "mcwbridges:recipes/rope_acacia_bridge": {
    "criteria": {
      "has_planks": "2024-08-15 03:05:25 +0000"
    },
    "done": true
  },
  "smallships:recipes/birch_dhow": {
    "criteria": {
      "in_water": "2024-08-15 03:09:03 +0000"
    },
    "done": true
  },
  "smallships:recipes/bop_umbran_brigg": {
    "criteria": {
      "in_water": "2024-08-15 03:09:03 +0000"
    },
    "done": true
  },
  "smallships:recipes/lotr_rotten_galley": {
    "criteria": {
      "in_water": "2024-08-15 03:09:03 +0000"
    },
    "done": true
  },
  "mcwbridges:recipes/blackstone_bridge_pier": {
    "criteria": {
      "has_planks": "2024-08-15 03:05:25 +0000"
    },
    "done": true
  },
  "mcwroofs:recipes/oak_planks": {
    "criteria": {
      "has_planks": "2024-08-15 03:05:25 +0000"
    },
    "done": true
  },
  "smallships:recipes/lotr_pine_war_galley": {
    "criteria": {
      "in_water": "2024-08-15 03:09:03 +0000"
    },
    "done": true
  },
  "smallships:recipes/bop_jacaranda_cog": {
    "criteria": {
      "in_water": "2024-08-15 03:09:03 +0000"
    },
    "done": true
  },
  "minecraft:husbandry/balanced_diet": {
    "criteria": {
      "sweet_berries": "2024-08-15 03:09:10 +0000"
    },
    "done": false
  },
  "mcwwindows:recipes/dark_oak": {
    "criteria": {
      "has_wood": "2024-08-15 03:05:25 +0000"
    },
    "done": true
  },
  "mcwbridges:recipes/sandstone_bridge": {
    "criteria": {
      "has_planks": "2024-08-15 03:05:25 +0000"
    },
    "done": true
  },
  "mcwroofs:recipes/jungle_planks": {
    "criteria": {
      "has_planks": "2024-08-15 03:05:25 +0000"
    },
    "done": true
  },
  "smallships:recipes/lotr_apple_war_galley": {
    "criteria": {
      "in_water": "2024-08-15 03:09:03 +0000"
    },
    "done": true
  },
  "smallships:recipes/lotr_cedar_brigg": {
    "criteria": {
      "in_water": "2024-08-15 03:09:03 +0000"
    },
    "done": true
  },
  "mca:recipes/misc/rose_gold_ingot_blasting": {
    "criteria": {
      "has_item": "2024-08-15 03:05:25 +0000"
    },
    "done": true
  },
  "smallships:recipes/lotr_rotten_brigg": {
    "criteria": {
      "in_water": "2024-08-15 03:09:03 +0000"
    },
    "done": true
  },
  "smallships:recipes/lotr_holly_dhow": {
    "criteria": {
      "in_water": "2024-08-15 03:09:03 +0000"
    },
    "done": true
  },
  "biomesoplenty:recipes/transportation/magic_boat": {
    "criteria": {
      "in_water": "2024-08-15 03:09:03 +0000"
    },
    "done": true
  },
  "mcwbridges:recipes/red_sandstone_bridge_pier": {
    "criteria": {
      "has_planks": "2024-08-15 03:05:25 +0000"
    },
    "done": true
  },
  "smallships:recipes/jungle_drakkar": {
    "criteria": {
      "in_water": "2024-08-15 03:09:03 +0000",
      "has_the_recipe": "2024-08-15 03:09:03 +0000"
    },
    "done": true
  },
  "smallships:recipes/bop_willow_galley": {
    "criteria": {
      "in_water": "2024-08-15 03:09:03 +0000"
    },
    "done": true
  },
  "smallships:recipes/lotr_green_oak_dhow": {
    "criteria": {
      "in_water": "2024-08-15 03:09:03 +0000"
    },
    "done": true
  },
  "mcwbridges:recipes/cobblestone_bridge_pier": {
    "criteria": {
      "has_planks": "2024-08-15 03:05:25 +0000"
    },
    "done": true
  },
  "mcwwindows:recipes/prismarine": {
    "criteria": {
      "has_wood": "2024-08-15 03:05:25 +0000"
    },
    "done": true
  },
  "smallships:recipes/dark_oak_drakkar": {
    "criteria": {
      "in_water": "2024-08-15 03:09:03 +0000",
      "has_the_recipe": "2024-08-15 03:09:03 +0000"
    },
    "done": true
  },
  "mcwbridges:recipes/glass_bridge_stair": {
    "criteria": {
      "has_planks": "2024-08-15 03:05:25 +0000"
    },
    "done": true
  },
  "smallships:recipes/lotr_pear_drakkar": {
    "criteria": {
      "in_water": "2024-08-15 03:09:03 +0000"
    },
    "done": true
  },
  "mcwwindows:recipes/crimson": {
    "criteria": {
      "has_wood": "2024-08-15 03:05:25 +0000"
    },
    "done": true
  },
  "mcwroofs:recipes/crimson_planks": {
    "criteria": {
      "has_planks": "2024-08-15 03:05:25 +0000"
    },
    "done": true
  },
  "smallships:recipes/bop_fir_brigg": {
    "criteria": {
      "in_water": "2024-08-15 03:09:03 +0000"
    },
    "done": true
  },
  "smallships:recipes/bop_cherry_dhow": {
    "criteria": {
      "in_water": "2024-08-15 03:09:03 +0000"
    },
    "done": true
  },
  "mcwbridges:recipes/asian_red_bridge_pier": {
    "criteria": {
      "has_planks": "2024-08-15 03:05:25 +0000"
    },
    "done": true
  },
  "smallships:recipes/bop_hellbark_rowboat": {
    "criteria": {
      "in_water": "2024-08-15 03:09:03 +0000"
    },
    "done": true
  },
  "smallships:recipes/bop_redwood_war_galley": {
    "criteria": {
      "in_water": "2024-08-15 03:09:03 +0000"
    },
    "done": true
  },
  "mcwbridges:recipes/andesite_bridge": {
    "criteria": {
      "has_planks": "2024-08-15 03:05:25 +0000"
    },
    "done": true
  },
  "smallships:recipes/lotr_beech_war_galley": {
    "criteria": {
      "in_water": "2024-08-15 03:09:03 +0000"
    },
    "done": true
  },
  "smallships:recipes/bop_cherry_galley": {
    "criteria": {
      "in_water": "2024-08-15 03:09:03 +0000"
    },
    "done": true
  },
  "smallships:recipes/bop_willow_cog": {
    "criteria": {
      "in_water": "2024-08-15 03:09:03 +0000"
    },
    "done": true
  },
  "smallships:recipes/lotr_pear_cog": {
    "criteria": {
      "in_water": "2024-08-15 03:09:03 +0000"
    },
    "done": true
  },
  "smallships:recipes/envi_cherry_rowboat": {
    "criteria": {
      "in_water": "2024-08-15 03:09:03 +0000"
    },
    "done": true
  },
  "smallships:recipes/envi_cherry_dhow": {
    "criteria": {
      "in_water": "2024-08-15 03:09:03 +0000"
    },
    "done": true
  },
  "smallships:recipes/lotr_lebethron_cog": {
    "criteria": {
      "in_water": "2024-08-15 03:09:03 +0000"
    },
    "done": true
  },
  "smallships:recipes/lotr_apple_rowboat": {
    "criteria": {
      "in_water": "2024-08-15 03:09:03 +0000"
    },
    "done": true
  },
  "mcwroofs:recipes/acacia": {
    "criteria": {
      "has_planks": "2024-08-15 03:05:25 +0000"
    },
    "done": true
  },
  "smallships:recipes/bop_hellbark_drakkar": {
    "criteria": {
      "in_water": "2024-08-15 03:09:03 +0000"
    },
    "done": true
  },
  "minecraft:husbandry/root": {
    "criteria": {
      "consumed_item": "2024-08-15 03:09:10 +0000"
    },
    "done": true
  },
  "smallships:recipes/lotr_mallorn_brigg": {
    "criteria": {
      "in_water": "2024-08-15 03:09:03 +0000"
    },
    "done": true
  },
  "mcwwindows:recipes/one_way_glass": {
    "criteria": {
      "has_wood": "2024-08-15 03:05:25 +0000"
    },
    "done": true
  },
  "minecraft:recipes/transportation/birch_boat": {
    "criteria": {
      "in_water": "2024-08-15 03:09:03 +0000"
    },
    "done": true
  },
  "smallships:recipes/acacia_war_galley": {
    "criteria": {
      "in_water": "2024-08-15 03:09:03 +0000"
    },
    "done": true
  },
  "tombstone:adventure/eat_easter_egg_food": {
    "criteria": {
      "coded_trigger": "2024-08-15 03:09:10 +0000"
    },
    "done": true
  },
  "mcwbridges:recipes/dry_bamboo_bridge": {
    "criteria": {
      "has_planks": "2024-08-15 03:05:25 +0000"
    },
    "done": true
  },
  "smallships:recipes/acacia_rowboat": {
    "criteria": {
      "in_water": "2024-08-15 03:09:03 +0000"
    },
    "done": true
  },
  "smallships:recipes/jungle_cog": {
    "criteria": {
      "in_water": "2024-08-15 03:09:03 +0000"
    },
    "done": true
  },
  "smallships:recipes/lotr_pear_rowboat": {
    "criteria": {
      "in_water": "2024-08-15 03:09:03 +0000"
    },
    "done": true
  },
  "smallships:recipes/bop_jacaranda_dhow": {
    "criteria": {
      "in_water": "2024-08-15 03:09:03 +0000"
    },
    "done": true
  },
  "smallships:recipes/jungle_rowboat": {
    "criteria": {
      "in_water": "2024-08-15 03:09:03 +0000"
    },
    "done": true
  },
  "smallships:recipes/lotr_fir_galley": {
    "criteria": {
      "in_water": "2024-08-15 03:09:03 +0000"
    },
    "done": true
  },
  "smallships:recipes/lotr_pear_galley": {
    "criteria": {
      "in_water": "2024-08-15 03:09:03 +0000"
    },
    "done": true
  },
  "smallships:recipes/birch_cog": {
    "criteria": {
      "in_water": "2024-08-15 03:09:03 +0000"
    },
    "done": true
  },
  "smallships:recipes/lotr_fir_brigg": {
    "criteria": {
      "in_water": "2024-08-15 03:09:03 +0000"
    },
    "done": true
  },
  "smallships:recipes/bop_redwood_galley": {
    "criteria": {
      "in_water": "2024-08-15 03:09:03 +0000"
    },
    "done": true
  },
  "smallships:recipes/birch_drakkar": {
    "criteria": {
      "in_water": "2024-08-15 03:09:03 +0000",
      "has_the_recipe": "2024-08-15 03:09:03 +0000"
    },
    "done": true
  },
  "smallships:recipes/acacia_brigg": {
    "criteria": {
      "in_water": "2024-08-15 03:09:03 +0000"
    },
    "done": true
  },
  "smallships:recipes/lotr_charred_dhow": {
    "criteria": {
      "in_water": "2024-08-15 03:09:03 +0000"
    },
    "done": true
  },
  "smallships:recipes/bop_magic_brigg": {
    "criteria": {
      "in_water": "2024-08-15 03:09:03 +0000"
    },
    "done": true
  },
  "smallships:recipes/bop_fir_war_galley": {
    "criteria": {
      "in_water": "2024-08-15 03:09:03 +0000"
    },
    "done": true
  },
  "smallships:recipes/dark_oak_galley": {
    "criteria": {
      "in_water": "2024-08-15 03:09:03 +0000"
    },
    "done": true
  },
  "smallships:recipes/lotr_aspen_drakkar": {
    "criteria": {
      "in_water": "2024-08-15 03:09:03 +0000"
    },
    "done": true
  },
  "smallships:recipes/lotr_mirk_oak_dhow": {
    "criteria": {
      "in_water": "2024-08-15 03:09:03 +0000"
    },
    "done": true
  },
  "mcwwindows:recipes/curtains": {
    "criteria": {
      "has_wood": "2024-08-15 03:05:25 +0000"
    },
    "done": true
  },
  "smallships:recipes/envi_willow_rowboat": {
    "criteria": {
      "in_water": "2024-08-15 03:09:03 +0000"
    },
    "done": true
  },
  "mcwwindows:recipes/parapets": {
    "criteria": {
      "has_wood": "2024-08-15 03:05:25 +0000"
    },
    "done": true
  },
  "mcwbridges:recipes/brick_bridge_pier": {
    "criteria": {
      "has_planks": "2024-08-15 03:05:26 +0000"
    },
    "done": true
  },
  "smallships:recipes/lotr_lebethron_dhow": {
    "criteria": {
      "in_water": "2024-08-15 03:09:03 +0000"
    },
    "done": true
  },
  "mcwbridges:recipes/acacia_log_bridge_stair": {
    "criteria": {
      "has_planks": "2024-08-15 03:05:26 +0000"
    },
    "done": true
  },
  "smallships:recipes/lotr_lebethron_drakkar": {
    "criteria": {
      "in_water": "2024-08-15 03:09:03 +0000"
    },
    "done": true
  },
  "smallships:recipes/bop_redwood_dhow": {
    "criteria": {
      "in_water": "2024-08-15 03:09:03 +0000"
    },
    "done": true
  },
  "mcwbridges:recipes/orange_sandstone_bridge": {
    "criteria": {
      "has_planks": "2024-08-15 03:05:25 +0000"
    },
    "done": true
  },
  "smallships:recipes/bop_cherry_rowboat": {
    "criteria": {
      "in_water": "2024-08-15 03:09:03 +0000"
    },
    "done": true
  },
  "smallships:recipes/oak_rowboat": {
    "criteria": {
      "in_water": "2024-08-15 03:09:03 +0000"
    },
    "done": true
  },
  "smallships:recipes/lotr_fir_dhow": {
    "criteria": {
      "in_water": "2024-08-15 03:09:03 +0000"
    },
    "done": true
  },
  "smallships:recipes/bop_redwood_cog": {
    "criteria": {
      "in_water": "2024-08-15 03:09:03 +0000"
    },
    "done": true
  },
  "smallships:recipes/lotr_lairelosse_rowboat": {
    "criteria": {
      "in_water": "2024-08-15 03:09:03 +0000"
    },
    "done": true
  },
  "smallships:recipes/bop_fir_rowboat": {
    "criteria": {
      "in_water": "2024-08-15 03:09:03 +0000"
    },
    "done": true
  },
  "smallships:recipes/lotr_rotten_war_galley": {
    "criteria": {
      "in_water": "2024-08-15 03:09:03 +0000"
    },
    "done": true
  },
  "mcwroofs:recipes/granite": {
    "criteria": {
      "has_planks": "2024-08-15 03:05:26 +0000"
    },
    "done": true
  },
  "mcwwindows:recipes/red_sandstone": {
    "criteria": {
      "has_wood": "2024-08-15 03:05:26 +0000",
      "has_the_recipe": "2024-08-15 03:05:25 +0000"
    },
    "done": true
  },
  "smallships:recipes/lotr_mirk_oak_brigg": {
    "criteria": {
      "in_water": "2024-08-15 03:09:03 +0000"
    },
    "done": true
  },
  "smallships:recipes/oak_cog": {
    "criteria": {
      "in_water": "2024-08-15 03:09:03 +0000"
    },
    "done": true
  },
  "tombstone:adventure/first_knowledge": {
    "criteria": {
      "coded_trigger": "2024-08-15 03:09:10 +0000"
    },
    "done": true
  },
  "smallships:recipes/envi_wisteria_cog": {
    "criteria": {
      "in_water": "2024-08-15 03:09:03 +0000"
    },
    "done": true
  },
  "smallships:recipes/bop_dead_rowboat": {
    "criteria": {
      "in_water": "2024-08-15 03:09:03 +0000"
    },
    "done": true
  },
  "minecraft:recipes/transportation/oak_boat": {
    "criteria": {
      "in_water": "2024-08-15 03:09:03 +0000"
    },
    "done": true
  },
  "mcwroofs:recipes/diorite": {
    "criteria": {
      "has_planks": "2024-08-15 03:05:25 +0000"
    },
    "done": true
  },
  "smallships:recipes/lotr_fir_drakkar": {
    "criteria": {
      "in_water": "2024-08-15 03:09:03 +0000"
    },
    "done": true
  },
  "mcwbridges:recipes/mossy_stone_bridge_pier": {
    "criteria": {
      "has_planks": "2024-08-15 03:05:25 +0000"
    },
    "done": true
  },
  "smallships:recipes/dark_oak_war_galley": {
    "criteria": {
      "in_water": "2024-08-15 03:09:03 +0000"
    },
    "done": true
  },
  "smallships:recipes/envi_wisteria_rowboat": {
    "criteria": {
      "in_water": "2024-08-15 03:09:03 +0000"
    },
    "done": true
  },
  "mcwroofs:recipes/nether_bricks": {
    "criteria": {
      "has_planks": "2024-08-15 03:05:25 +0000"
    },
    "done": true
  },
  "smallships:recipes/bop_magic_cog": {
    "criteria": {
      "in_water": "2024-08-15 03:09:03 +0000"
    },
    "done": true
  },
  "mcwbridges:recipes/balustrade_orange_sandstone_bridge": {
    "criteria": {
      "has_planks": "2024-08-15 03:05:25 +0000"
    },
    "done": true
  },
  "smallships:recipes/bop_hellbark_brigg": {
    "criteria": {
      "in_water": "2024-08-15 03:09:03 +0000"
    },
    "done": true
  },
  "smallships:recipes/lotr_pine_cog": {
    "criteria": {
      "in_water": "2024-08-15 03:09:03 +0000"
    },
    "done": true
  },
  "smallships:recipes/bop_umbran_war_galley": {
    "criteria": {
      "in_water": "2024-08-15 03:09:03 +0000"
    },
    "done": true
  },
  "mcwbridges:recipes/balustrade_bricks_bridge": {
    "criteria": {
      "has_planks": "2024-08-15 03:05:25 +0000"
    },
    "done": true
  },
  "smallships:recipes/bop_willow_rowboat": {
    "criteria": {
      "in_water": "2024-08-15 03:09:03 +0000"
    },
    "done": true
  },
  "biomesoplenty:recipes/transportation/palm_boat": {
    "criteria": {
      "in_water": "2024-08-15 03:09:03 +0000"
    },
    "done": true
  },
  "mcwbridges:recipes/rope_birch_bridge": {
    "criteria": {
      "has_planks": "2024-08-15 03:05:25 +0000"
    },
    "done": true
  },
  "mcwroofs:recipes/stone_bricks": {
    "criteria": {
      "has_planks": "2024-08-15 03:05:25 +0000"
    },
    "done": true
  },
  "mcwbridges:recipes/oak_log_bridge_middle": {
    "criteria": {
      "has_planks": "2024-08-15 03:05:25 +0000"
    },
    "done": true
  },
  "mcwwindows:recipes/blinds": {
    "criteria": {
      "has_wood": "2024-08-15 03:05:25 +0000"
    },
    "done": true
  },
  "mcwbridges:recipes/crimson_log_bridge_middle": {
    "criteria": {
      "has_planks": "2024-08-15 03:05:26 +0000"
    },
    "done": true
  },
  "smallships:recipes/lotr_cherry_galley": {
    "criteria": {
      "in_water": "2024-08-15 03:09:03 +0000"
    },
    "done": true
  },
  "smallships:recipes/envi_wisteria_dhow": {
    "criteria": {
      "in_water": "2024-08-15 03:09:03 +0000"
    },
    "done": true
  },
  "mcwroofs:recipes/gutters": {
    "criteria": {
      "has_planks": "2024-08-15 03:05:25 +0000"
    },
    "done": true
  },
  "biomesoplenty:recipes/transportation/redwood_boat": {
    "criteria": {
      "in_water": "2024-08-15 03:09:03 +0000"
    },
    "done": true
  },
  "smallships:recipes/spruce_galley": {
    "criteria": {
      "in_water": "2024-08-15 03:09:03 +0000"
    },
    "done": true
  },
  "mcwbridges:recipes/iron_bridge_pier": {
    "criteria": {
      "has_planks": "2024-08-15 03:05:25 +0000"
    },
    "done": true
  },
  "mcwbridges:recipes/dry_bamboo_bridge_stair": {
    "criteria": {
      "has_planks": "2024-08-15 03:05:25 +0000"
    },
    "done": true
  },
  "smallships:recipes/lotr_cedar_rowboat": {
    "criteria": {
      "in_water": "2024-08-15 03:09:03 +0000"
    },
    "done": true
  },
  "mcwwindows:recipes/metal": {
    "criteria": {
      "has_wood": "2024-08-15 03:05:25 +0000"
    },
    "done": true
  },
  "mcwbridges:recipes/pliers": {
    "criteria": {
      "has_planks": "2024-08-15 03:05:25 +0000"
    },
    "done": true
  },
  "mcwfurnitures:recipes/dark_oak": {
    "criteria": {
      "has_wood": "2024-08-15 03:05:26 +0000"
    },
    "done": true
  },
  "mca:recipes/misc/books": {
    "criteria": {
      "has_item": "2024-08-15 03:05:25 +0000"
    },
    "done": true
  },
  "mcwroofs:recipes/cobblestone": {
    "criteria": {
      "has_planks": "2024-08-15 03:05:25 +0000"
    },
    "done": true
  },
  "mcwfurnitures:recipes/jungle": {
    "criteria": {
      "has_wood": "2024-08-15 03:05:25 +0000"
    },
    "done": true
  },
  "mcwbridges:recipes/mossy_stone_bridge_stair": {
    "criteria": {
      "has_planks": "2024-08-15 03:05:25 +0000"
    },
    "done": true
  },
  "smallships:recipes/lotr_aspen_galley": {
    "criteria": {
      "in_water": "2024-08-15 03:09:03 +0000"
    },
    "done": true
  },
  "smallships:recipes/lotr_lairelosse_dhow": {
    "criteria": {
      "in_water": "2024-08-15 03:09:03 +0000"
    },
    "done": true
  },
  "mcwfurnitures:recipes/spruce": {
    "criteria": {
      "has_wood": "2024-08-15 03:05:25 +0000"
    },
    "done": true
  },
  "smallships:recipes/bop_fir_cog": {
    "criteria": {
      "in_water": "2024-08-15 03:09:03 +0000"
    },
    "done": true
  },
  "smallships:recipes/bop_willow_drakkar": {
    "criteria": {
      "in_water": "2024-08-15 03:09:03 +0000"
    },
    "done": true
  },
  "mcwbridges:recipes/nether_bricks_bridge": {
    "criteria": {
      "has_planks": "2024-08-15 03:05:26 +0000"
    },
    "done": true
  },
  "mcwbridges:recipes/crimson_rope_bridge_stair": {
    "criteria": {
      "has_planks": "2024-08-15 03:05:25 +0000"
    },
    "done": true
  },
  "smallships:recipes/acacia_galley": {
    "criteria": {
      "in_water": "2024-08-15 03:09:03 +0000"
    },
    "done": true
  },
  "smallships:recipes/spruce_rowboat": {
    "criteria": {
      "in_water": "2024-08-15 03:09:03 +0000"
    },
    "done": true
  },
  "mcwbridges:recipes/mossy_cobblestone_bridge_stair": {
    "criteria": {
      "has_planks": "2024-08-15 03:05:25 +0000"
    },
    "done": true
  },
  "mcwroofs:recipes/warped": {
    "criteria": {
      "has_planks": "2024-08-15 03:05:25 +0000"
    },
    "done": true
  },
  "smallships:recipes/bop_mahogany_drakkar": {
    "criteria": {
      "in_water": "2024-08-15 03:09:03 +0000"
    },
    "done": true
  },
  "smallships:recipes/lotr_maple_cog": {
    "criteria": {
      "in_water": "2024-08-15 03:09:03 +0000"
    },
    "done": true
  },
  "mcwbridges:recipes/asian_red_bridge_stair": {
    "criteria": {
      "has_planks": "2024-08-15 03:05:25 +0000"
    },
    "done": true
  },
  "tombstone:adventure/root": {
    "criteria": {
      "auto": "2024-08-15 03:05:26 +0000"
    },
    "done": true
  },
  "smallships:recipes/bop_palm_galley": {
    "criteria": {
      "in_water": "2024-08-15 03:09:03 +0000"
    },
    "done": true
  },
  "mcwbridges:recipes/balustrade_blackstone_bridge": {
    "criteria": {
      "has_planks": "2024-08-15 03:05:25 +0000"
    },
    "done": true
  },
  "smallships:recipes/birch_galley": {
    "criteria": {
      "in_water": "2024-08-15 03:09:03 +0000"
    },
    "done": true
  },
  "mcwbridges:recipes/bamboo_bridge": {
    "criteria": {
      "has_planks": "2024-08-15 03:05:25 +0000"
    },
    "done": true
  },
  "mcwbridges:recipes/warped_log_bridge_stair": {
    "criteria": {
      "has_planks": "2024-08-15 03:05:25 +0000"
    },
    "done": true
  },
  "mcwbridges:recipes/nether_bricks_bridge_stair": {
    "criteria": {
      "has_planks": "2024-08-15 03:05:26 +0000"
    },
    "done": true
  },
  "smallships:recipes/envi_willow_galley": {
    "criteria": {
      "in_water": "2024-08-15 03:09:03 +0000"
    },
    "done": true
  },
  "mcwbridges:recipes/oak_rope_bridge_stair": {
    "criteria": {
      "has_planks": "2024-08-15 03:05:25 +0000"
    },
    "done": true
  },
  "mcwbridges:recipes/balustrade_sandstone_bridge": {
    "criteria": {
      "has_planks": "2024-08-15 03:05:26 +0000"
    },
    "done": true
  },
  "smallships:recipes/bop_palm_brigg": {
    "criteria": {
      "in_water": "2024-08-15 03:09:03 +0000"
    },
    "done": true
  },
  "smallships:recipes/lotr_apple_cog": {
    "criteria": {
      "in_water": "2024-08-15 03:09:03 +0000"
    },
    "done": true
  },
  "mcwbridges:recipes/end_stone_bricks_bridge_stair": {
    "criteria": {
      "has_planks": "2024-08-15 03:05:25 +0000"
    },
    "done": true
  },
  "mcwbridges:recipes/stone_brick_bridge_stair": {
    "criteria": {
      "has_planks": "2024-08-15 03:05:25 +0000"
    },
    "done": true
  },
  "mcwwindows:recipes/birch": {
    "criteria": {
      "has_wood": "2024-08-15 03:05:25 +0000"
    },
    "done": true
  },
  "mcwwindows:recipes/shutters": {
    "criteria": {
      "has_wood": "2024-08-15 03:05:26 +0000"
    },
    "done": true
  },
  "smallships:recipes/lotr_charred_brigg": {
    "criteria": {
      "in_water": "2024-08-15 03:09:03 +0000"
    },
    "done": true
  },
  "smallships:recipes/lotr_cypress_dhow": {
    "criteria": {
      "in_water": "2024-08-15 03:09:03 +0000"
    },
    "done": true
  },
  "mcwlights:recipes/shroomlight_slab": {
    "criteria": {
      "has_wood": "2024-08-15 03:05:25 +0000"
    },
    "done": true
  },
  "smallships:recipes/bop_redwood_brigg": {
    "criteria": {
      "in_water": "2024-08-15 03:09:03 +0000"
    },
    "done": true
  },
  "mcwbridges:recipes/warped_rope_bridge_stair": {
    "criteria": {
      "has_planks": "2024-08-15 03:05:25 +0000"
    },
    "done": true
  },
  "mcwbridges:recipes/rope_oak_bridge": {
    "criteria": {
      "has_planks": "2024-08-15 03:05:25 +0000"
    },
    "done": true
  },
  "smallships:recipes/lotr_green_oak_brigg": {
    "criteria": {
      "in_water": "2024-08-15 03:09:03 +0000"
    },
    "done": true
  },
  "mcwroofs:recipes/red_nether_bricks": {
    "criteria": {
      "has_planks": "2024-08-15 03:05:25 +0000"
    },
    "done": true
  },
  "mcwroofs:recipes/crimson": {
    "criteria": {
      "has_planks": "2024-08-15 03:05:26 +0000"
    },
    "done": true
  },
  "smallships:recipes/lotr_pear_dhow": {
    "criteria": {
      "in_water": "2024-08-15 03:09:03 +0000"
    },
    "done": true
  },
  "smallships:recipes/lotr_cedar_drakkar": {
    "criteria": {
      "in_water": "2024-08-15 03:09:03 +0000"
    },
    "done": true
  },
  "smallships:recipes/bop_dead_cog": {
    "criteria": {
      "in_water": "2024-08-15 03:09:03 +0000"
    },
    "done": true
  },
  "smallships:recipes/bop_dead_galley": {
    "criteria": {
      "in_water": "2024-08-15 03:09:03 +0000"
    },
    "done": true
  },
  "mca:recipes/misc/whistle": {
    "criteria": {
      "has_item": "2024-08-15 03:05:25 +0000"
    },
    "done": true
  },
  "smallships:recipes/bop_cherry_war_galley": {
    "criteria": {
      "in_water": "2024-08-15 03:09:03 +0000"
    },
    "done": true
  },
  "mcwroofs:recipes/dark_oak_planks": {
    "criteria": {
      "has_planks": "2024-08-15 03:05:25 +0000"
    },
    "done": true
  },
  "mcwbridges:recipes/diorite_bridge_pier": {
    "criteria": {
      "has_planks": "2024-08-15 03:05:25 +0000"
    },
    "done": true
  },
  "mcwbridges:recipes/birch_log_bridge_stair": {
    "criteria": {
      "has_planks": "2024-08-15 03:05:25 +0000"
    },
    "done": true
  },
  "mcwbridges:recipes/balustrade_andesite_bridge": {
    "criteria": {
      "has_planks": "2024-08-15 03:05:25 +0000"
    },
    "done": true
  },
  "mca:recipes/misc/potions": {
    "criteria": {
      "has_item": "2024-08-15 03:05:25 +0000"
    },
    "done": true
  },
  "mcwlights:recipes/gold_stuff": {
    "criteria": {
      "has_wood": "2024-08-15 03:05:25 +0000"
    },
    "done": true
  },
  "smallships:recipes/lotr_beech_drakkar": {
    "criteria": {
      "in_water": "2024-08-15 03:09:03 +0000"
    },
    "done": true
  },
  "mcwwindows:recipes/mosaic_glass": {
    "criteria": {
      "has_wood": "2024-08-15 03:05:25 +0000"
    },
    "done": true
  },
  "smallships:recipes/lotr_holly_cog": {
    "criteria": {
      "in_water": "2024-08-15 03:09:03 +0000"
    },
    "done": true
  },
  "mcwbridges:recipes/andesite_bridge_pier": {
    "criteria": {
      "has_planks": "2024-08-15 03:05:25 +0000"
    },
    "done": true
  },
  "smallships:recipes/lotr_lairelosse_war_galley": {
    "criteria": {
      "in_water": "2024-08-15 03:09:03 +0000"
    },
    "done": true
  },
  "smallships:recipes/oak_drakkar": {
    "criteria": {
      "in_water": "2024-08-15 03:09:03 +0000",
      "has_the_recipe": "2024-08-15 03:09:03 +0000"
    },
    "done": true
  },
  "smallships:recipes/bop_umbran_rowboat": {
    "criteria": {
      "in_water": "2024-08-15 03:09:03 +0000"
    },
    "done": true
  },
  "smallships:recipes/bop_willow_dhow": {
    "criteria": {
      "in_water": "2024-08-15 03:09:03 +0000"
    },
    "done": true
  },
  "mcwwindows:recipes/blackstone": {
    "criteria": {
      "has_wood": "2024-08-15 03:05:26 +0000",
      "has_the_recipe": "2024-08-15 03:05:25 +0000"
    },
    "done": true
  },
  "smallships:recipes/lotr_lebethron_rowboat": {
    "criteria": {
      "in_water": "2024-08-15 03:09:03 +0000"
    },
    "done": true
  },
  "smallships:recipes/dark_oak_rowboat": {
    "criteria": {
      "in_water": "2024-08-15 03:09:03 +0000"
    },
    "done": true
  },
  "smallships:recipes/lotr_charred_drakkar": {
    "criteria": {
      "in_water": "2024-08-15 03:09:03 +0000"
    },
    "done": true
  },
  "mcwlights:recipes/torches": {
    "criteria": {
      "has_wood": "2024-08-15 03:05:25 +0000"
    },
    "done": true
  },
  "mcwbridges:recipes/birch_bridge_pier": {
    "criteria": {
      "has_planks": "2024-08-15 03:05:25 +0000"
    },
    "done": true
  },
  "mcwbridges:recipes/oak_rail_bridge": {
    "criteria": {
      "has_planks": "2024-08-15 03:05:25 +0000"
    },
    "done": true
  },
  "tombstone:adventure/find_easter_egg": {
    "criteria": {
      "coded_trigger": "2024-08-15 03:05:25 +0000"
    },
    "done": true
  },
  "immersive_aircraft:misc/aircraftery": {
    "criteria": {
      "has_item": "2024-08-15 03:05:25 +0000"
    },
    "done": true
  },
  "smallships:recipes/lotr_maple_dhow": {
    "criteria": {
      "in_water": "2024-08-15 03:09:03 +0000"
    },
    "done": true
  },
  "mcwbridges:recipes/warped_log_bridge_middle": {
    "criteria": {
      "has_planks": "2024-08-15 03:05:25 +0000"
    },
    "done": true
  },
  "smallships:recipes/jungle_brigg": {
    "criteria": {
      "in_water": "2024-08-15 03:09:03 +0000"
    },
    "done": true
  },
  "smallships:recipes/lotr_green_oak_rowboat": {
    "criteria": {
      "in_water": "2024-08-15 03:09:03 +0000"
    },
    "done": true
  },
  "smallships:recipes/spruce_war_galley": {
    "criteria": {
      "in_water": "2024-08-15 03:09:03 +0000"
    },
    "done": true
  },
  "minecraft:recipes/transportation/jungle_boat": {
    "criteria": {
      "in_water": "2024-08-15 03:09:03 +0000"
    },
    "done": true
  },
  "mca:recipes/misc/staff_of_life": {
    "criteria": {
      "has_item": "2024-08-15 03:05:25 +0000"
    },
    "done": true
  },
  "smallships:recipes/bop_redwood_rowboat": {
    "criteria": {
      "in_water": "2024-08-15 03:09:03 +0000"
    },
    "done": true
  },
  "smallships:recipes/envi_willow_brigg": {
    "criteria": {
      "in_water": "2024-08-15 03:09:03 +0000"
    },
    "done": true
  },
  "smallships:recipes/bop_fir_dhow": {
    "criteria": {
      "in_water": "2024-08-15 03:09:03 +0000"
    },
    "done": true
  },
  "mcwwindows:recipes/jungle": {
    "criteria": {
      "has_wood": "2024-08-15 03:05:25 +0000"
    },
    "done": true
  },
  "mcwbridges:recipes/stone_brick_bridge": {
    "criteria": {
      "has_planks": "2024-08-15 03:05:26 +0000"
    },
    "done": true
  },
  "mcwbridges:recipes/prismarine_bricks_bridge_pier": {
    "criteria": {
      "has_planks": "2024-08-15 03:05:25 +0000"
    },
    "done": true
  },
  "mcwroofs:recipes/spruce_planks": {
    "criteria": {
      "has_planks": "2024-08-15 03:05:25 +0000"
    },
    "done": true
  },
  "minecraft:recipes/transportation/dark_oak_boat": {
    "criteria": {
      "in_water": "2024-08-15 03:09:03 +0000"
    },
    "done": true
  },
  "mcwroofs:recipes/andesite": {
    "criteria": {
      "has_planks": "2024-08-15 03:05:25 +0000"
    },
    "done": true
  },
  "smallships:recipes/lotr_pine_drakkar": {
    "criteria": {
      "in_water": "2024-08-15 03:09:03 +0000"
    },
    "done": true
  },
  "smallships:recipes/birch_rowboat": {
    "criteria": {
      "in_water": "2024-08-15 03:09:03 +0000"
    },
    "done": true
  },
  "mcwbridges:recipes/balustrade_end_stone_bricks_bridge": {
    "criteria": {
      "has_planks": "2024-08-15 03:05:25 +0000"
    },
    "done": true
  },
  "mcwbridges:recipes/crimson_log_bridge_stair": {
    "criteria": {
      "has_planks": "2024-08-15 03:05:25 +0000"
    },
    "done": true
  },
  "smallships:recipes/bop_mahogany_war_galley": {
    "criteria": {
      "in_water": "2024-08-15 03:09:03 +0000"
    },
    "done": true
  },
  "mcwbridges:recipes/rope_crimson_bridge": {
    "criteria": {
      "has_planks": "2024-08-15 03:05:25 +0000"
    },
    "done": true
  },
  "mcwwindows:recipes/spruce": {
    "criteria": {
      "has_wood": "2024-08-15 03:05:25 +0000"
    },
    "done": true
  },
  "smallships:recipes/bop_magic_drakkar": {
    "criteria": {
      "in_water": "2024-08-15 03:09:03 +0000"
    },
    "done": true
  },
  "smallships:recipes/lotr_cherry_cog": {
    "criteria": {
      "in_water": "2024-08-15 03:09:03 +0000"
    },
    "done": true
  },
  "smallships:recipes/bop_dead_drakkar": {
    "criteria": {
      "in_water": "2024-08-15 03:09:03 +0000"
    },
    "done": true
  },
  "mcwlights:recipes/lava_lamp": {
    "criteria": {
      "has_planks": "2024-08-15 03:05:25 +0000"
    },
    "done": true
  },
  "mcwroofs:recipes/bricks": {
    "criteria": {
      "has_planks": "2024-08-15 03:05:25 +0000"
    },
    "done": true
  },
  "smallships:recipes/lotr_cedar_war_galley": {
    "criteria": {
      "in_water": "2024-08-15 03:09:03 +0000"
    },
    "done": true
  },
  "mcwlights:recipes/garden_light": {
    "criteria": {
      "has_planks": "2024-08-15 03:05:25 +0000"
    },
    "done": true
  },
  "smallships:recipes/bop_hellbark_galley": {
    "criteria": {
      "in_water": "2024-08-15 03:09:03 +0000"
    },
    "done": true
  },
  "smallships:recipes/acacia_dhow": {
    "criteria": {
      "in_water": "2024-08-15 03:09:03 +0000"
    },
    "done": true
  },
  "mcwbridges:recipes/acacia_bridge_pier": {
    "criteria": {
      "has_planks": "2024-08-15 03:05:25 +0000"
    },
    "done": true
  },
  "smallships:recipes/lotr_holly_rowboat": {
    "criteria": {
      "in_water": "2024-08-15 03:09:03 +0000"
    },
    "done": true
  },
  "smallships:recipes/lotr_pear_brigg": {
    "criteria": {
      "in_water": "2024-08-15 03:09:03 +0000"
    },
    "done": true
  },
  "mcwroofs:recipes/awning": {
    "criteria": {
      "has_planks": "2024-08-15 03:05:25 +0000"
    },
    "done": true
  },
  "smallships:recipes/envi_cherry_cog": {
    "criteria": {
      "in_water": "2024-08-15 03:09:03 +0000"
    },
    "done": true
  },
  "mcwbridges:recipes/crimson_bridge_pier": {
    "criteria": {
      "has_planks": "2024-08-15 03:05:25 +0000"
    },
    "done": true
  },
  "mcwbridges:recipes/prismarine_bricks_bridge_stair": {
    "criteria": {
      "has_planks": "2024-08-15 03:05:25 +0000"
    },
    "done": true
  },
  "mca:recipes/misc/blueprint": {
    "criteria": {
      "has_item": "2024-08-15 03:05:25 +0000"
    },
    "done": true
  },
  "smallships:recipes/lotr_lairelosse_brigg": {
    "criteria": {
      "in_water": "2024-08-15 03:09:03 +0000"
    },
    "done": true
  },
  "smallships:recipes/lotr_lebethron_brigg": {
    "criteria": {
      "in_water": "2024-08-15 03:09:03 +0000"
    },
    "done": true
  },
  "smallships:recipes/lotr_maple_galley": {
    "criteria": {
      "in_water": "2024-08-15 03:09:03 +0000"
    },
    "done": true
  },
  "smallships:recipes/lotr_cypress_cog": {
    "criteria": {
      "in_water": "2024-08-15 03:09:03 +0000"
    },
    "done": true
  },
  "mcwbridges:recipes/rope_warped_bridge": {
    "criteria": {
      "has_planks": "2024-08-15 03:05:25 +0000"
    },
    "done": true
  },
  "mcwbridges:recipes/jungle_bridge_pier": {
    "criteria": {
      "has_planks": "2024-08-15 03:05:25 +0000"
    },
    "done": true
  },
  "mcwbridges:recipes/bridge_lantern": {
    "criteria": {
      "has_planks": "2024-08-15 03:05:26 +0000"
    },
    "done": true
  },
  "mcwbridges:recipes/balustrade_granite_bridge": {
    "criteria": {
      "has_planks": "2024-08-15 03:05:25 +0000"
    },
    "done": true
  },
  "DataVersion": 2586
}